fiscal_year,total_recorded_sales,big_three_recorded_sales,big_three_recorded_share,recorded_ev_sales,recorded_ev_share
2007-08,164650,150219,0.9123534770725782,0.0,0.0
2008-09,82844,76588,0.9244845734150934,0.0,0.0
2009-10,123957,118412,0.9552667457263406,0.0,0.0
2010-11,127944,121937,0.9530497717751516,0.0,0.0
2011-12,157325,153468,0.9754838709677419,0.0,0.0
2012-13,118830,118759,0.9994025077842296,0.0,0.0
2013-14,118102,117950,0.9987129769182571,0.0,0.0
2014-15,151134,151084,0.9996691677584131,0.0,0.0
2015-16,181145,181138,0.9999613569240111,0.0,0.0
2016-17,185781,185780,0.9999946173182402,0.0,0.0
2017-18,216786,216786,1.0,0.0,0.0
2018-19,207630,207630,1.0,0.0,0.0
2019-20,96455,96455,1.0,0.0,0.0
2020-21,151182,150327,0.9943445648291463,0.0,0.0
2021-22,234180,227774,0.9726449739516612,0.0,0.0
2022-23,96811,93215,0.9628554606398033,0.0,0.0
2023-24,81579,79505,0.974576790595619,0.0,0.0
2024-25,112203,109059,0.9719793588406727,186.0,0.0016577096869067672
2025-26,155631,151881,0.9759045434392891,343.0,0.0022039310934196914
