fiscal_year,manufacturer,recorded_sales
2007-08,Honda,14201
2007-08,Suzuki,102378
2007-08,Toyota,33640
2007-08,Hyundai,2227
2007-08,Daihatsu,12204
2008-09,Honda,11144
2008-09,Suzuki,38684
2008-09,Toyota,26760
2008-09,Hyundai,404
2008-09,Daihatsu,5852
2009-10,Honda,14120
2009-10,Suzuki,60782
2009-10,Toyota,43510
2009-10,Hyundai,244
2009-10,Daihatsu,5301
2010-11,Honda,15486
2010-11,Suzuki,65340
2010-11,Toyota,41111
2010-11,Hyundai,0
2010-11,Daihatsu,6007
2011-12,Honda,12119
2011-12,Suzuki,95142
2011-12,Toyota,46207
2011-12,Hyundai,0
2011-12,Daihatsu,3857
2012-13,Honda,21235
2012-13,Suzuki,64916
2012-13,Toyota,32608
2012-13,Hyundai,0
2012-13,Daihatsu,71
2013-14,Honda,23674
2013-14,Suzuki,65189
2013-14,Toyota,29087
2013-14,Hyundai,152
2014-15,Honda,23622
2014-15,Suzuki,76064
2014-15,Toyota,51398
2014-15,Hyundai,50
2015-16,Honda,25726
2015-16,Suzuki,97960
2015-16,Toyota,57452
2015-16,Hyundai,7
2016-17,Honda,37004
2016-17,Suzuki,96100
2016-17,Toyota,52676
2016-17,Hyundai,1
2017-18,Honda,42810
2017-18,Suzuki,122564
2017-18,Toyota,51412
2017-18,Hyundai,0
2018-19,Honda,39189
2018-19,Suzuki,111721
2018-19,Toyota,56720
2019-20,Honda,14091
2019-20,Suzuki,58897
2019-20,Toyota,23467
2020-21,Honda,25276
2020-21,Suzuki,78401
2020-21,Toyota,46650
2020-21,Hyundai,855
2021-22,Honda,35197
2021-22,Suzuki,136049
2021-22,Toyota,56528
2021-22,Hyundai,6392
2021-22,BAIC,14
2022-23,Honda,12823
2022-23,Suzuki,61554
2022-23,Toyota,18838
2022-23,Hyundai,3595
2022-23,BAIC,1
2023-24,Honda,11501
2023-24,Suzuki,51697
2023-24,Toyota,16307
2023-24,Hyundai,2074
2023-24,BAIC,0
2024-25,Honda,16614
2024-25,Suzuki,67233
2024-25,Toyota,25212
2024-25,Hyundai,2954
2024-25,BAIC,4
2024-25,Honri,186
2025-26,Honda,24416
2025-26,Suzuki,91634
2025-26,Toyota,35831
2025-26,Hyundai,3407
2025-26,BAIC,0
2025-26,Honri,343
