match_id,match_date,season_source,season_year,team_1,team_2,venue,winner,result_status,method,balls_per_over,data_version,revision
959175,2016-02-04,2015/16,2016,Islamabad United,Quetta Gladiators,Dubai International Cricket Stadium,Quetta Gladiators,winner recorded,,6,1.2.0,1
959177,2016-02-05,2015/16,2016,Lahore Qalandars,Karachi Kings,Dubai International Cricket Stadium,Karachi Kings,winner recorded,,6,1.2.0,1
959179,2016-02-05,2015/16,2016,Peshawar Zalmi,Islamabad United,Dubai International Cricket Stadium,Peshawar Zalmi,winner recorded,,6,1.2.0,1
959181,2016-02-06,2015/16,2016,Karachi Kings,Quetta Gladiators,Dubai International Cricket Stadium,Quetta Gladiators,winner recorded,,6,1.2.0,1
959183,2016-02-06,2015/16,2016,Lahore Qalandars,Peshawar Zalmi,Dubai International Cricket Stadium,Peshawar Zalmi,winner recorded,,6,1.2.0,1
959185,2016-02-07,2015/16,2016,Islamabad United,Karachi Kings,Dubai International Cricket Stadium,Islamabad United,winner recorded,,6,1.2.0,1
959187,2016-02-07,2015/16,2016,Peshawar Zalmi,Quetta Gladiators,Dubai International Cricket Stadium,Quetta Gladiators,winner recorded,,6,1.2.0,1
959189,2016-02-08,2015/16,2016,Lahore Qalandars,Quetta Gladiators,Dubai International Cricket Stadium,Lahore Qalandars,winner recorded,,6,1.2.0,1
959191,2016-02-10,2015/16,2016,Lahore Qalandars,Islamabad United,Sharjah Cricket Stadium,Islamabad United,winner recorded,,6,1.2.0,1
959195,2016-02-11,2015/16,2016,Islamabad United,Quetta Gladiators,Sharjah Cricket Stadium,Quetta Gladiators,winner recorded,,6,1.2.0,1
959197,2016-02-12,2015/16,2016,Karachi Kings,Lahore Qalandars,Sharjah Cricket Stadium,Karachi Kings,winner recorded,,6,1.2.0,1
959199,2016-02-12,2015/16,2016,Islamabad United,Peshawar Zalmi,Sharjah Cricket Stadium,Peshawar Zalmi,winner recorded,,6,1.2.0,1
959201,2016-02-13,2015/16,2016,Karachi Kings,Quetta Gladiators,Sharjah Cricket Stadium,Quetta Gladiators,winner recorded,,6,1.2.0,1
959203,2016-02-13,2015/16,2016,Lahore Qalandars,Peshawar Zalmi,Sharjah Cricket Stadium,Lahore Qalandars,winner recorded,,6,1.2.0,1
959205,2016-02-14,2015/16,2016,Karachi Kings,Islamabad United,Sharjah Cricket Stadium,Islamabad United,winner recorded,,6,1.2.0,1
959207,2016-02-14,2015/16,2016,Quetta Gladiators,Peshawar Zalmi,Sharjah Cricket Stadium,Peshawar Zalmi,winner recorded,,6,1.2.0,1
959209,2016-02-16,2015/16,2016,Lahore Qalandars,Quetta Gladiators,Dubai International Cricket Stadium,Quetta Gladiators,winner recorded,,6,1.2.0,1
959211,2016-02-17,2015/16,2016,Karachi Kings,Peshawar Zalmi,Dubai International Cricket Stadium,Peshawar Zalmi,winner recorded,,6,1.2.0,1
959213,2016-02-17,2015/16,2016,Lahore Qalandars,Islamabad United,Dubai International Cricket Stadium,Islamabad United,winner recorded,,6,1.2.0,1
959215,2016-02-19,2015/16,2016,Quetta Gladiators,Peshawar Zalmi,Dubai International Cricket Stadium,Quetta Gladiators,winner recorded,,6,1.2.0,1
959217,2016-02-20,2015/16,2016,Karachi Kings,Islamabad United,Dubai International Cricket Stadium,Islamabad United,winner recorded,,6,1.2.0,1
959219,2016-02-21,2015/16,2016,Islamabad United,Peshawar Zalmi,Dubai International Cricket Stadium,Islamabad United,winner recorded,,6,1.2.0,1
959221,2016-02-23,2015/16,2016,Quetta Gladiators,Islamabad United,Dubai International Cricket Stadium,Islamabad United,winner recorded,,6,1.2.0,1
1075986,2017-02-09,2016/17,2017,Islamabad United,Peshawar Zalmi,Dubai International Cricket Stadium,Islamabad United,winner recorded,D/L,6,1.2.0,1
1075987,2017-02-10,2016/17,2017,Lahore Qalandars,Quetta Gladiators,Dubai International Cricket Stadium,Quetta Gladiators,winner recorded,,6,1.2.0,2
1075988,2017-02-10,2016/17,2017,Karachi Kings,Peshawar Zalmi,Dubai International Cricket Stadium,Peshawar Zalmi,winner recorded,,6,1.2.0,1
1075989,2017-02-11,2016/17,2017,Islamabad United,Lahore Qalandars,Dubai International Cricket Stadium,Lahore Qalandars,winner recorded,,6,1.2.0,1
1075990,2017-02-11,2016/17,2017,Karachi Kings,Quetta Gladiators,Dubai International Cricket Stadium,Quetta Gladiators,winner recorded,,6,1.2.0,2
1075991,2017-02-12,2016/17,2017,Lahore Qalandars,Peshawar Zalmi,Dubai International Cricket Stadium,Peshawar Zalmi,winner recorded,,6,1.2.0,1
1075992,2017-02-15,2016/17,2017,Islamabad United,Quetta Gladiators,Sharjah Cricket Stadium,Islamabad United,winner recorded,,6,1.2.0,2
1075993,2017-02-16,2016/17,2017,Karachi Kings,Lahore Qalandars,Sharjah Cricket Stadium,Lahore Qalandars,winner recorded,,6,1.2.0,2
1075994,2017-02-17,2016/17,2017,Peshawar Zalmi,Quetta Gladiators,Sharjah Cricket Stadium,,no result,,6,1.2.0,2
1075995,2017-02-17,2016/17,2017,Islamabad United,Karachi Kings,Sharjah Cricket Stadium,Karachi Kings,winner recorded,D/L,6,1.2.0,2
1075996,2017-02-18,2016/17,2017,Lahore Qalandars,Quetta Gladiators,Sharjah Cricket Stadium,Quetta Gladiators,winner recorded,,6,1.2.0,2
1075997,2017-02-18,2016/17,2017,Islamabad United,Peshawar Zalmi,Sharjah Cricket Stadium,Islamabad United,winner recorded,,6,1.2.0,1
1075998,2017-02-19,2016/17,2017,Karachi Kings,Peshawar Zalmi,Sharjah Cricket Stadium,Karachi Kings,winner recorded,,6,1.2.0,2
1075999,2017-02-20,2016/17,2017,Islamabad United,Lahore Qalandars,Sharjah Cricket Stadium,Lahore Qalandars,winner recorded,,6,1.2.0,1
1076000,2017-02-23,2016/17,2017,Karachi Kings,Quetta Gladiators,Dubai International Cricket Stadium,Quetta Gladiators,winner recorded,,6,1.2.0,3
1076001,2017-02-24,2016/17,2017,Lahore Qalandars,Peshawar Zalmi,Dubai International Cricket Stadium,Peshawar Zalmi,winner recorded,,6,1.2.0,1
1076002,2017-02-24,2016/17,2017,Islamabad United,Quetta Gladiators,Dubai International Cricket Stadium,Islamabad United,winner recorded,,6,1.2.0,2
1076003,2017-02-25,2016/17,2017,Karachi Kings,Lahore Qalandars,Dubai International Cricket Stadium,Karachi Kings,winner recorded,,6,1.2.0,2
1076004,2017-02-25,2016/17,2017,Peshawar Zalmi,Quetta Gladiators,Dubai International Cricket Stadium,Peshawar Zalmi,winner recorded,,6,1.2.0,3
1076005,2017-02-26,2016/17,2017,Islamabad United,Karachi Kings,Dubai International Cricket Stadium,Karachi Kings,winner recorded,,6,1.2.0,2
1076006,2017-02-28,2016/17,2017,Quetta Gladiators,Peshawar Zalmi,Sharjah Cricket Stadium,Quetta Gladiators,winner recorded,,6,1.2.0,3
1076007,2017-03-01,2016/17,2017,Karachi Kings,Islamabad United,Sharjah Cricket Stadium,Karachi Kings,winner recorded,,6,1.2.0,3
1076008,2017-03-03,2016/17,2017,Peshawar Zalmi,Karachi Kings,Dubai International Cricket Stadium,Peshawar Zalmi,winner recorded,,6,1.2.0,3
1076009,2017-03-05,2016/17,2017,Peshawar Zalmi,Quetta Gladiators,Gaddafi Stadium,Peshawar Zalmi,winner recorded,,6,1.2.0,2
1128818,2018-02-22,2017/18,2018,Peshawar Zalmi,Multan Sultans,Dubai International Cricket Stadium,Multan Sultans,winner recorded,,6,1.2.0,2
1128819,2018-02-23,2017/18,2018,Karachi Kings,Quetta Gladiators,Dubai International Cricket Stadium,Karachi Kings,winner recorded,,6,1.2.0,3
1128820,2018-02-23,2017/18,2018,Multan Sultans,Lahore Qalandars,Dubai International Cricket Stadium,Multan Sultans,winner recorded,,6,1.2.0,2
1128821,2018-02-24,2017/18,2018,Islamabad United,Peshawar Zalmi,Dubai International Cricket Stadium,Peshawar Zalmi,winner recorded,,6,1.2.0,2
1128822,2018-02-24,2017/18,2018,Quetta Gladiators,Lahore Qalandars,Dubai International Cricket Stadium,Quetta Gladiators,winner recorded,,6,1.2.0,2
1128823,2018-02-25,2017/18,2018,Multan Sultans,Islamabad United,Dubai International Cricket Stadium,Islamabad United,winner recorded,,6,1.2.0,2
1128824,2018-02-25,2017/18,2018,Karachi Kings,Peshawar Zalmi,Dubai International Cricket Stadium,Karachi Kings,winner recorded,,6,1.2.0,3
1128825,2018-02-26,2017/18,2018,Karachi Kings,Lahore Qalandars,Dubai International Cricket Stadium,Karachi Kings,winner recorded,,6,1.2.0,3
1128826,2018-02-28,2017/18,2018,Islamabad United,Quetta Gladiators,Sharjah Cricket Stadium,Quetta Gladiators,winner recorded,,6,1.2.0,2
1128827,2018-03-01,2017/18,2018,Quetta Gladiators,Peshawar Zalmi,Sharjah Cricket Stadium,Peshawar Zalmi,winner recorded,,6,1.2.0,2
1128829,2018-03-02,2017/18,2018,Lahore Qalandars,Islamabad United,Sharjah Cricket Stadium,,tie,,6,1.2.0,3
1128830,2018-03-03,2017/18,2018,Multan Sultans,Quetta Gladiators,Sharjah Cricket Stadium,Multan Sultans,winner recorded,,6,1.2.0,2
1128831,2018-03-03,2017/18,2018,Peshawar Zalmi,Lahore Qalandars,Sharjah Cricket Stadium,Peshawar Zalmi,winner recorded,,6,1.2.0,2
1128832,2018-03-04,2017/18,2018,Islamabad United,Karachi Kings,Sharjah Cricket Stadium,Islamabad United,winner recorded,,6,1.2.0,2
1128833,2018-03-06,2017/18,2018,Peshawar Zalmi,Multan Sultans,Dubai International Cricket Stadium,Multan Sultans,winner recorded,,6,1.2.0,2
1128834,2018-03-07,2017/18,2018,Multan Sultans,Quetta Gladiators,Dubai International Cricket Stadium,Quetta Gladiators,winner recorded,,6,1.2.0,2
1128835,2018-03-08,2017/18,2018,Islamabad United,Lahore Qalandars,Dubai International Cricket Stadium,Islamabad United,winner recorded,,6,1.2.0,2
1128836,2018-03-08,2017/18,2018,Karachi Kings,Quetta Gladiators,Dubai International Cricket Stadium,Quetta Gladiators,winner recorded,,6,1.2.0,2
1128837,2018-03-09,2017/18,2018,Multan Sultans,Lahore Qalandars,Dubai International Cricket Stadium,Lahore Qalandars,winner recorded,,6,1.2.0,2
1128838,2018-03-09,2017/18,2018,Peshawar Zalmi,Islamabad United,Dubai International Cricket Stadium,Islamabad United,winner recorded,,6,1.2.0,2
1128839,2018-03-10,2017/18,2018,Multan Sultans,Karachi Kings,Dubai International Cricket Stadium,Karachi Kings,winner recorded,,6,1.2.0,2
1128840,2018-03-10,2017/18,2018,Peshawar Zalmi,Quetta Gladiators,Dubai International Cricket Stadium,Quetta Gladiators,winner recorded,,6,1.2.0,2
1128841,2018-03-11,2017/18,2018,Karachi Kings,Lahore Qalandars,Dubai International Cricket Stadium,,tie,,6,1.2.0,3
1128842,2018-03-13,2017/18,2018,Multan Sultans,Islamabad United,Sharjah Cricket Stadium,Islamabad United,winner recorded,,6,1.2.0,2
1128843,2018-03-14,2017/18,2018,Quetta Gladiators,Lahore Qalandars,Sharjah Cricket Stadium,Lahore Qalandars,winner recorded,,6,1.2.0,2
1128844,2018-03-15,2017/18,2018,Peshawar Zalmi,Karachi Kings,Sharjah Cricket Stadium,Peshawar Zalmi,winner recorded,,6,1.2.0,2
1128845,2018-03-15,2017/18,2018,Quetta Gladiators,Islamabad United,Sharjah Cricket Stadium,Islamabad United,winner recorded,,6,1.2.0,2
1128846,2018-03-16,2017/18,2018,Peshawar Zalmi,Lahore Qalandars,Sharjah Cricket Stadium,Peshawar Zalmi,winner recorded,,6,1.2.0,2
1128847,2018-03-16,2017/18,2018,Islamabad United,Karachi Kings,Sharjah Cricket Stadium,Karachi Kings,winner recorded,,6,1.2.0,2
1128848,2018-03-18,2017/18,2018,Islamabad United,Karachi Kings,Dubai International Cricket Stadium,Islamabad United,winner recorded,,6,1.2.0,2
1128849,2018-03-20,2017/18,2018,Peshawar Zalmi,Quetta Gladiators,Gaddafi Stadium,Peshawar Zalmi,winner recorded,,6,1.2.0,2
1128850,2018-03-21,2017/18,2018,Karachi Kings,Peshawar Zalmi,Gaddafi Stadium,Peshawar Zalmi,winner recorded,,6,1.2.0,2
1128851,2018-03-25,2017/18,2018,Islamabad United,Peshawar Zalmi,National Stadium,Islamabad United,winner recorded,,6,1.2.0,2
1168820,2019-02-14,2018/19,2019,Islamabad United,Lahore Qalandars,Dubai International Cricket Stadium,Islamabad United,winner recorded,,6,1.2.0,1
1168821,2019-02-15,2018/19,2019,Karachi Kings,Multan Sultans,Dubai International Cricket Stadium,Karachi Kings,winner recorded,,6,1.2.0,1
1168822,2019-02-15,2018/19,2019,Peshawar Zalmi,Quetta Gladiators,Dubai International Cricket Stadium,Quetta Gladiators,winner recorded,,6,1.2.0,1
1168823,2019-02-16,2018/19,2019,Islamabad United,Multan Sultans,Dubai International Cricket Stadium,Multan Sultans,winner recorded,,6,1.2.0,1
1168824,2019-02-16,2018/19,2019,Karachi Kings,Lahore Qalandars,Dubai International Cricket Stadium,Lahore Qalandars,winner recorded,,6,1.2.0,1
1168825,2019-02-17,2018/19,2019,Islamabad United,Quetta Gladiators,Dubai International Cricket Stadium,Quetta Gladiators,winner recorded,,6,1.2.0,1
1168826,2019-02-17,2018/19,2019,Lahore Qalandars,Peshawar Zalmi,Dubai International Cricket Stadium,Peshawar Zalmi,winner recorded,,6,1.2.0,1
1168827,2019-02-20,2018/19,2019,Multan Sultans,Quetta Gladiators,Sharjah Cricket Stadium,Quetta Gladiators,winner recorded,,6,1.2.0,1
1168828,2019-02-21,2018/19,2019,Karachi Kings,Peshawar Zalmi,Sharjah Cricket Stadium,Peshawar Zalmi,winner recorded,,6,1.2.0,1
1168829,2019-02-22,2018/19,2019,Lahore Qalandars,Multan Sultans,Sharjah Cricket Stadium,Lahore Qalandars,winner recorded,,6,1.2.0,1
1168830,2019-02-22,2018/19,2019,Islamabad United,Peshawar Zalmi,Sharjah Cricket Stadium,Islamabad United,winner recorded,,6,1.2.0,1
1168831,2019-02-23,2018/19,2019,Lahore Qalandars,Quetta Gladiators,Sharjah Cricket Stadium,Quetta Gladiators,winner recorded,,6,1.2.0,1
1168832,2019-02-23,2018/19,2019,Islamabad United,Karachi Kings,Sharjah Cricket Stadium,Islamabad United,winner recorded,,6,1.2.0,1
1168833,2019-02-24,2018/19,2019,Multan Sultans,Peshawar Zalmi,Sharjah Cricket Stadium,Peshawar Zalmi,winner recorded,,6,1.2.0,1
1168834,2019-02-24,2018/19,2019,Karachi Kings,Quetta Gladiators,Sharjah Cricket Stadium,Karachi Kings,winner recorded,,6,1.2.0,1
1168835,2019-02-26,2018/19,2019,Islamabad United,Multan Sultans,Dubai International Cricket Stadium,Multan Sultans,winner recorded,,6,1.2.0,1
1168836,2019-02-27,2018/19,2019,Lahore Qalandars,Quetta Gladiators,Dubai International Cricket Stadium,Lahore Qalandars,winner recorded,,6,1.2.0,1
1168837,2019-02-27,2018/19,2019,Islamabad United,Karachi Kings,Dubai International Cricket Stadium,Islamabad United,winner recorded,,6,1.2.0,1
1168838,2019-02-28,2018/19,2019,Multan Sultans,Peshawar Zalmi,Dubai International Cricket Stadium,Peshawar Zalmi,winner recorded,,6,1.2.0,1
1168839,2019-02-28,2018/19,2019,Karachi Kings,Lahore Qalandars,Dubai International Cricket Stadium,Karachi Kings,winner recorded,,6,1.2.0,1
1168840,2019-03-01,2018/19,2019,Islamabad United,Peshawar Zalmi,Dubai International Cricket Stadium,Peshawar Zalmi,winner recorded,,6,1.2.0,1
1168841,2019-03-01,2018/19,2019,Multan Sultans,Quetta Gladiators,Dubai International Cricket Stadium,Quetta Gladiators,winner recorded,,6,1.2.0,1
1168842,2019-03-04,2018/19,2019,Peshawar Zalmi,Quetta Gladiators,Sheikh Zayed Stadium,Quetta Gladiators,winner recorded,,6,1.2.0,1
1168843,2019-03-04,2018/19,2019,Karachi Kings,Multan Sultans,Sheikh Zayed Stadium,Karachi Kings,winner recorded,,6,1.2.0,1
1168844,2019-03-05,2018/19,2019,Lahore Qalandars,Peshawar Zalmi,Sheikh Zayed Stadium,Peshawar Zalmi,winner recorded,,6,1.2.0,1
1168845,2019-03-05,2018/19,2019,Islamabad United,Quetta Gladiators,Sheikh Zayed Stadium,Quetta Gladiators,winner recorded,,6,1.2.0,1
1168847,2019-03-09,2018/19,2019,Lahore Qalandars,Islamabad United,National Stadium,Islamabad United,winner recorded,,6,1.2.0,1
1168848,2019-03-10,2018/19,2019,Karachi Kings,Quetta Gladiators,National Stadium,Karachi Kings,winner recorded,,6,1.2.0,2
1168846,2019-03-11,2018/19,2019,Karachi Kings,Peshawar Zalmi,National Stadium,Peshawar Zalmi,winner recorded,,6,1.2.0,1
1168849,2019-03-11,2018/19,2019,Lahore Qalandars,Multan Sultans,National Stadium,Multan Sultans,winner recorded,,6,1.2.0,1
1168851,2019-03-13,2018/19,2019,Peshawar Zalmi,Quetta Gladiators,National Stadium,Quetta Gladiators,winner recorded,,6,1.2.0,1
1168850,2019-03-14,2018/19,2019,Islamabad United,Karachi Kings,National Stadium,Islamabad United,winner recorded,,6,1.2.0,1
1168852,2019-03-15,2018/19,2019,Islamabad United,Peshawar Zalmi,National Stadium,Peshawar Zalmi,winner recorded,,6,1.2.0,1
1168853,2019-03-17,2018/19,2019,Quetta Gladiators,Peshawar Zalmi,National Stadium,Quetta Gladiators,winner recorded,,6,1.2.0,1
1211642,2020-02-20,2019/20,2020,Islamabad United,Quetta Gladiators,National Stadium,Quetta Gladiators,winner recorded,,6,1.2.0,1
1211643,2020-02-21,2019/20,2020,Karachi Kings,Peshawar Zalmi,National Stadium,Karachi Kings,winner recorded,,6,1.2.0,1
1211644,2020-02-21,2019/20,2020,Lahore Qalandars,Multan Sultans,Gaddafi Stadium,Multan Sultans,winner recorded,,6,1.2.0,1
1211645,2020-02-22,2019/20,2020,Peshawar Zalmi,Quetta Gladiators,National Stadium,Peshawar Zalmi,winner recorded,,6,1.2.0,1
1211646,2020-02-22,2019/20,2020,Islamabad United,Multan Sultans,Gaddafi Stadium,Islamabad United,winner recorded,,6,1.2.0,1
1211647,2020-02-23,2019/20,2020,Karachi Kings,Quetta Gladiators,National Stadium,Quetta Gladiators,winner recorded,,6,1.2.0,1
1211648,2020-02-23,2019/20,2020,Lahore Qalandars,Islamabad United,Gaddafi Stadium,Islamabad United,winner recorded,,6,1.2.0,1
1211649,2020-02-26,2019/20,2020,Multan Sultans,Peshawar Zalmi,Multan Cricket Stadium,Multan Sultans,winner recorded,,6,1.2.0,2
1211650,2020-02-27,2019/20,2020,Islamabad United,Quetta Gladiators,Rawalpindi Cricket Stadium,Quetta Gladiators,winner recorded,,6,1.2.0,1
1211651,2020-02-28,2019/20,2020,Multan Sultans,Karachi Kings,Multan Cricket Stadium,Multan Sultans,winner recorded,,6,1.2.0,2
1211652,2020-02-28,2019/20,2020,Lahore Qalandars,Peshawar Zalmi,Rawalpindi Cricket Stadium,Peshawar Zalmi,winner recorded,,6,1.2.0,1
1211653,2020-02-29,2019/20,2020,Multan Sultans,Quetta Gladiators,Multan Cricket Stadium,Multan Sultans,winner recorded,,6,1.2.0,2
1211655,2020-03-01,2019/20,2020,Islamabad United,Karachi Kings,Rawalpindi Cricket Stadium,Karachi Kings,winner recorded,,6,1.2.0,1
1211656,2020-03-02,2019/20,2020,Karachi Kings,Peshawar Zalmi,Rawalpindi Cricket Stadium,Karachi Kings,winner recorded,,6,1.2.0,1
1211657,2020-03-03,2019/20,2020,Lahore Qalandars,Quetta Gladiators,Gaddafi Stadium,Lahore Qalandars,winner recorded,,6,1.2.0,1
1211658,2020-03-04,2019/20,2020,Lahore Qalandars,Islamabad United,Gaddafi Stadium,Islamabad United,winner recorded,,6,1.2.0,1
1211659,2020-03-05,2019/20,2020,Peshawar Zalmi,Quetta Gladiators,Rawalpindi Cricket Stadium,Peshawar Zalmi,winner recorded,,6,1.2.0,1
1211660,2020-03-06,2019/20,2020,Karachi Kings,Multan Sultans,Gaddafi Stadium,,no result,,6,1.2.0,1
1211661,2020-03-07,2019/20,2020,Islamabad United,Peshawar Zalmi,Rawalpindi Cricket Stadium,Peshawar Zalmi,winner recorded,D/L,6,1.2.0,1
1211662,2020-03-07,2019/20,2020,Lahore Qalandars,Quetta Gladiators,Gaddafi Stadium,Lahore Qalandars,winner recorded,,6,1.2.0,1
1211663,2020-03-08,2019/20,2020,Islamabad United,Multan Sultans,Rawalpindi Cricket Stadium,Multan Sultans,winner recorded,,6,1.2.0,1
1211664,2020-03-08,2019/20,2020,Lahore Qalandars,Karachi Kings,Gaddafi Stadium,Lahore Qalandars,winner recorded,,6,1.2.0,1
1211665,2020-03-10,2019/20,2020,Lahore Qalandars,Peshawar Zalmi,Gaddafi Stadium,Lahore Qalandars,winner recorded,,6,1.2.0,1
1211667,2020-03-12,2019/20,2020,Karachi Kings,Lahore Qalandars,National Stadium,Karachi Kings,winner recorded,,6,1.2.0,1
1211668,2020-03-13,2019/20,2020,Multan Sultans,Peshawar Zalmi,National Stadium,Multan Sultans,winner recorded,,6,1.2.0,1
1211669,2020-03-14,2019/20,2020,Karachi Kings,Islamabad United,National Stadium,Karachi Kings,winner recorded,,6,1.2.0,1
1211670,2020-03-15,2019/20,2020,Lahore Qalandars,Multan Sultans,Gaddafi Stadium,Lahore Qalandars,winner recorded,,6,1.2.0,1
1211671,2020-03-15,2019/20,2020,Karachi Kings,Quetta Gladiators,National Stadium,Quetta Gladiators,winner recorded,,6,1.2.0,1
1211672,2020-11-14,2020/21,2020,Multan Sultans,Karachi Kings,"National Stadium, Karachi",,tie,,6,1.2.0,1
1211673,2020-11-14,2020/21,2020,Peshawar Zalmi,Lahore Qalandars,National Stadium,Lahore Qalandars,winner recorded,,6,1.2.0,1
1211675,2020-11-15,2020/21,2020,Lahore Qalandars,Multan Sultans,National Stadium,Lahore Qalandars,winner recorded,,6,1.2.0,1
1231146,2020-11-17,2020/21,2020,Lahore Qalandars,Karachi Kings,National Stadium,Karachi Kings,winner recorded,,6,1.2.0,1
1247011,2021-02-20,2020/21,2021,Quetta Gladiators,Karachi Kings,National Stadium,Karachi Kings,winner recorded,,6,1.2.0,1
1247012,2021-02-21,2020/21,2021,Peshawar Zalmi,Lahore Qalandars,National Stadium,Lahore Qalandars,winner recorded,,6,1.2.0,1
1247013,2021-02-21,2020/21,2021,Multan Sultans,Islamabad United,National Stadium,Islamabad United,winner recorded,,6,1.2.0,1
1247014,2021-02-22,2020/21,2021,Quetta Gladiators,Lahore Qalandars,National Stadium,Lahore Qalandars,winner recorded,,6,1.2.0,1
1247015,2021-02-23,2020/21,2021,Multan Sultans,Peshawar Zalmi,National Stadium,Peshawar Zalmi,winner recorded,,6,1.2.0,1
1247016,2021-02-24,2020/21,2021,Karachi Kings,Islamabad United,National Stadium,Islamabad United,winner recorded,,6,1.2.0,1
1247017,2021-02-26,2020/21,2021,Lahore Qalandars,Multan Sultans,National Stadium,Multan Sultans,winner recorded,,6,1.2.0,1
1247018,2021-02-26,2020/21,2021,Quetta Gladiators,Peshawar Zalmi,National Stadium,Peshawar Zalmi,winner recorded,,6,1.2.0,1
1247019,2021-02-27,2020/21,2021,Multan Sultans,Karachi Kings,National Stadium,Karachi Kings,winner recorded,,6,1.2.0,1
1247020,2021-02-27,2020/21,2021,Islamabad United,Peshawar Zalmi,National Stadium,Peshawar Zalmi,winner recorded,,6,1.2.0,1
1247021,2021-02-28,2020/21,2021,Karachi Kings,Lahore Qalandars,National Stadium,Lahore Qalandars,winner recorded,,6,1.2.0,1
1247022,2021-03-02,2020/21,2021,Quetta Gladiators,Islamabad United,National Stadium,Islamabad United,winner recorded,,6,1.2.0,1
1247023,2021-03-03,2020/21,2021,Peshawar Zalmi,Karachi Kings,National Stadium,Karachi Kings,winner recorded,,6,1.2.0,1
1247024,2021-03-03,2020/21,2021,Quetta Gladiators,Multan Sultans,National Stadium,Quetta Gladiators,winner recorded,,6,1.2.0,1
1247027,2021-06-09,2021,2021,Islamabad United,Lahore Qalandars,"Sheikh Zayed Stadium, Abu Dhabi",Lahore Qalandars,winner recorded,,6,1.2.0,1
1247025,2021-06-10,2021,2021,Multan Sultans,Karachi Kings,"Sheikh Zayed Stadium, Abu Dhabi",Multan Sultans,winner recorded,,6,1.2.0,4
1247026,2021-06-10,2021,2021,Lahore Qalandars,Peshawar Zalmi,"Sheikh Zayed Stadium, Abu Dhabi",Lahore Qalandars,winner recorded,,6,1.2.0,3
1247028,2021-06-11,2021,2021,Quetta Gladiators,Islamabad United,"Sheikh Zayed Stadium, Abu Dhabi",Islamabad United,winner recorded,,6,1.2.0,3
1247030,2021-06-12,2021,2021,Peshawar Zalmi,Quetta Gladiators,"Sheikh Zayed Stadium, Abu Dhabi",Peshawar Zalmi,winner recorded,,6,1.2.0,3
1247029,2021-06-13,2021,2021,Islamabad United,Lahore Qalandars,"Sheikh Zayed Stadium, Abu Dhabi",Islamabad United,winner recorded,,6,1.2.0,3
1247031,2021-06-13,2021,2021,Peshawar Zalmi,Multan Sultans,"Sheikh Zayed Stadium, Abu Dhabi",Multan Sultans,winner recorded,,6,1.2.0,3
1247032,2021-06-14,2021,2021,Karachi Kings,Islamabad United,"Sheikh Zayed Stadium, Abu Dhabi",Islamabad United,winner recorded,,6,1.2.0,1
1247033,2021-06-15,2021,2021,Quetta Gladiators,Lahore Qalandars,"Sheikh Zayed Stadium, Abu Dhabi",Quetta Gladiators,winner recorded,,6,1.2.0,3
1247034,2021-06-15,2021,2021,Karachi Kings,Peshawar Zalmi,"Sheikh Zayed Stadium, Abu Dhabi",Peshawar Zalmi,winner recorded,,6,1.2.0,2
1247035,2021-06-16,2021,2021,Multan Sultans,Quetta Gladiators,"Sheikh Zayed Stadium, Abu Dhabi",Multan Sultans,winner recorded,,6,1.2.0,3
1247036,2021-06-17,2021,2021,Islamabad United,Peshawar Zalmi,"Sheikh Zayed Stadium, Abu Dhabi",Islamabad United,winner recorded,,6,1.2.0,1
1247037,2021-06-17,2021,2021,Karachi Kings,Lahore Qalandars,"Sheikh Zayed Stadium, Abu Dhabi",Karachi Kings,winner recorded,,6,1.2.0,2
1247038,2021-06-18,2021,2021,Multan Sultans,Lahore Qalandars,"Sheikh Zayed Stadium, Abu Dhabi",Multan Sultans,winner recorded,,6,1.2.0,1
1247039,2021-06-19,2021,2021,Karachi Kings,Quetta Gladiators,"Sheikh Zayed Stadium, Abu Dhabi",Karachi Kings,winner recorded,,6,1.2.0,3
1247040,2021-06-19,2021,2021,Multan Sultans,Islamabad United,"Sheikh Zayed Stadium, Abu Dhabi",Islamabad United,winner recorded,,6,1.2.0,1
1247041,2021-06-21,2021,2021,Multan Sultans,Islamabad United,"Sheikh Zayed Stadium, Abu Dhabi",Multan Sultans,winner recorded,,6,1.2.0,3
1247042,2021-06-21,2021,2021,Karachi Kings,Peshawar Zalmi,"Sheikh Zayed Stadium, Abu Dhabi",Peshawar Zalmi,winner recorded,,6,1.2.0,1
1247043,2021-06-22,2021,2021,Islamabad United,Peshawar Zalmi,"Sheikh Zayed Stadium, Abu Dhabi",Peshawar Zalmi,winner recorded,,6,1.2.0,3
1247044,2021-06-24,2021,2021,Multan Sultans,Peshawar Zalmi,"Sheikh Zayed Stadium, Abu Dhabi",Multan Sultans,winner recorded,,6,1.2.0,3
1293000,2022-01-27,2021/22,2022,Karachi Kings,Multan Sultans,"National Stadium, Karachi",Multan Sultans,winner recorded,,6,1.2.0,2
1293001,2022-01-28,2021/22,2022,Quetta Gladiators,Peshawar Zalmi,"National Stadium, Karachi",Peshawar Zalmi,winner recorded,,6,1.2.0,2
1293002,2022-01-29,2021/22,2022,Lahore Qalandars,Multan Sultans,"National Stadium, Karachi",Multan Sultans,winner recorded,,6,1.2.0,2
1293003,2022-01-29,2021/22,2022,Karachi Kings,Quetta Gladiators,"National Stadium, Karachi",Quetta Gladiators,winner recorded,,6,1.2.0,3
1293004,2022-01-30,2021/22,2022,Peshawar Zalmi,Islamabad United,"National Stadium, Karachi",Islamabad United,winner recorded,,6,1.2.0,2
1293005,2022-01-30,2021/22,2022,Karachi Kings,Lahore Qalandars,"National Stadium, Karachi",Lahore Qalandars,winner recorded,,6,1.2.0,1
1293006,2022-01-31,2021/22,2022,Multan Sultans,Quetta Gladiators,"National Stadium, Karachi",Multan Sultans,winner recorded,,6,1.2.0,3
1293007,2022-02-01,2021/22,2022,Multan Sultans,Islamabad United,"National Stadium, Karachi",Multan Sultans,winner recorded,,6,1.2.0,2
1293008,2022-02-02,2021/22,2022,Lahore Qalandars,Peshawar Zalmi,"National Stadium, Karachi",Lahore Qalandars,winner recorded,,6,1.2.0,2
1293009,2022-02-03,2021/22,2022,Islamabad United,Quetta Gladiators,"National Stadium, Karachi",Islamabad United,winner recorded,,6,1.2.0,2
1293010,2022-02-04,2021/22,2022,Peshawar Zalmi,Karachi Kings,"National Stadium, Karachi",Peshawar Zalmi,winner recorded,,6,1.2.0,2
1293011,2022-02-05,2021/22,2022,Lahore Qalandars,Islamabad United,"National Stadium, Karachi",Lahore Qalandars,winner recorded,,6,1.2.0,1
1293012,2022-02-05,2021/22,2022,Multan Sultans,Peshawar Zalmi,"National Stadium, Karachi",Multan Sultans,winner recorded,,6,1.2.0,1
1293013,2022-02-06,2021/22,2022,Islamabad United,Karachi Kings,"National Stadium, Karachi",Islamabad United,winner recorded,,6,1.2.0,2
1293014,2022-02-07,2021/22,2022,Lahore Qalandars,Quetta Gladiators,"National Stadium, Karachi",Quetta Gladiators,winner recorded,,6,1.2.0,3
1293015,2022-02-10,2021/22,2022,Multan Sultans,Peshawar Zalmi,"Gaddafi Stadium, Lahore",Multan Sultans,winner recorded,,6,1.2.0,1
1293016,2022-02-11,2021/22,2022,Lahore Qalandars,Multan Sultans,"Gaddafi Stadium, Lahore",Lahore Qalandars,winner recorded,,6,1.2.0,1
1293017,2022-02-12,2021/22,2022,Islamabad United,Quetta Gladiators,"Gaddafi Stadium, Lahore",Quetta Gladiators,winner recorded,,6,1.2.0,1
1293018,2022-02-13,2021/22,2022,Peshawar Zalmi,Karachi Kings,"Gaddafi Stadium, Lahore",Peshawar Zalmi,winner recorded,,6,1.2.0,1
1293019,2022-02-13,2021/22,2022,Quetta Gladiators,Lahore Qalandars,"Gaddafi Stadium, Lahore",Lahore Qalandars,winner recorded,,6,1.2.0,1
1293020,2022-02-14,2021/22,2022,Islamabad United,Karachi Kings,"Gaddafi Stadium, Lahore",Islamabad United,winner recorded,,6,1.2.0,2
1293021,2022-02-15,2021/22,2022,Peshawar Zalmi,Quetta Gladiators,"Gaddafi Stadium, Lahore",Peshawar Zalmi,winner recorded,,6,1.2.0,2
1293022,2022-02-16,2021/22,2022,Karachi Kings,Multan Sultans,"Gaddafi Stadium, Lahore",Multan Sultans,winner recorded,,6,1.2.0,1
1293023,2022-02-17,2021/22,2022,Peshawar Zalmi,Islamabad United,"Gaddafi Stadium, Lahore",Peshawar Zalmi,winner recorded,,6,1.2.0,1
1293024,2022-02-18,2021/22,2022,Multan Sultans,Quetta Gladiators,"Gaddafi Stadium, Lahore",Multan Sultans,winner recorded,,6,1.2.0,1
1293025,2022-02-18,2021/22,2022,Karachi Kings,Lahore Qalandars,"Gaddafi Stadium, Lahore",Karachi Kings,winner recorded,,6,1.2.0,1
1293026,2022-02-19,2021/22,2022,Lahore Qalandars,Islamabad United,"Gaddafi Stadium, Lahore",Lahore Qalandars,winner recorded,,6,1.2.0,1
1293027,2022-02-20,2021/22,2022,Quetta Gladiators,Karachi Kings,"Gaddafi Stadium, Lahore",Quetta Gladiators,winner recorded,,6,1.2.0,2
1293028,2022-02-20,2021/22,2022,Islamabad United,Multan Sultans,"Gaddafi Stadium, Lahore",Multan Sultans,winner recorded,,6,1.2.0,1
1293029,2022-02-21,2021/22,2022,Peshawar Zalmi,Lahore Qalandars,"Gaddafi Stadium, Lahore",,tie,,6,1.2.0,1
1293030,2022-02-23,2021/22,2022,Multan Sultans,Lahore Qalandars,"Gaddafi Stadium, Lahore",Multan Sultans,winner recorded,,6,1.2.0,1
1293031,2022-02-24,2021/22,2022,Peshawar Zalmi,Islamabad United,"Gaddafi Stadium, Lahore",Islamabad United,winner recorded,,6,1.2.0,1
1293032,2022-02-25,2021/22,2022,Lahore Qalandars,Islamabad United,"Gaddafi Stadium, Lahore",Lahore Qalandars,winner recorded,,6,1.2.0,1
1293033,2022-02-27,2021/22,2022,Lahore Qalandars,Multan Sultans,"Gaddafi Stadium, Lahore",Lahore Qalandars,winner recorded,,6,1.2.0,1
1354924,2023-02-13,2022/23,2023,Lahore Qalandars,Multan Sultans,Multan Cricket Stadium,Lahore Qalandars,winner recorded,,6,1.2.0,2
1354925,2023-02-14,2022/23,2023,Peshawar Zalmi,Karachi Kings,"National Stadium, Karachi",Peshawar Zalmi,winner recorded,,6,1.2.0,2
1354926,2023-02-15,2022/23,2023,Quetta Gladiators,Multan Sultans,Multan Cricket Stadium,Multan Sultans,winner recorded,,6,1.2.0,2
1354927,2023-02-16,2022/23,2023,Karachi Kings,Islamabad United,"National Stadium, Karachi",Islamabad United,winner recorded,,6,1.2.0,1
1354928,2023-02-17,2022/23,2023,Multan Sultans,Peshawar Zalmi,Multan Cricket Stadium,Multan Sultans,winner recorded,,6,1.2.0,2
1354929,2023-02-18,2022/23,2023,Quetta Gladiators,Karachi Kings,"National Stadium, Karachi",Quetta Gladiators,winner recorded,,6,1.2.0,2
1354930,2023-02-19,2022/23,2023,Multan Sultans,Islamabad United,Multan Cricket Stadium,Multan Sultans,winner recorded,,6,1.2.0,2
1354931,2023-02-19,2022/23,2023,Karachi Kings,Lahore Qalandars,"National Stadium, Karachi",Karachi Kings,winner recorded,,6,1.2.0,2
1354932,2023-02-20,2022/23,2023,Quetta Gladiators,Peshawar Zalmi,"National Stadium, Karachi",Peshawar Zalmi,winner recorded,,6,1.2.0,2
1354933,2023-02-21,2022/23,2023,Lahore Qalandars,Quetta Gladiators,"National Stadium, Karachi",Lahore Qalandars,winner recorded,,6,1.2.0,2
1354934,2023-02-22,2022/23,2023,Multan Sultans,Karachi Kings,Multan Cricket Stadium,Multan Sultans,winner recorded,,6,1.2.0,2
1354935,2023-02-23,2022/23,2023,Peshawar Zalmi,Islamabad United,"National Stadium, Karachi",Islamabad United,winner recorded,,6,1.2.0,1
1354936,2023-02-24,2022/23,2023,Islamabad United,Quetta Gladiators,"National Stadium, Karachi",Islamabad United,winner recorded,,6,1.2.0,2
1354937,2023-02-26,2022/23,2023,Karachi Kings,Multan Sultans,"National Stadium, Karachi",Karachi Kings,winner recorded,,6,1.2.0,2
1354938,2023-02-26,2022/23,2023,Lahore Qalandars,Peshawar Zalmi,"Gaddafi Stadium, Lahore",Lahore Qalandars,winner recorded,,6,1.2.0,2
1354939,2023-02-27,2022/23,2023,Lahore Qalandars,Islamabad United,"Gaddafi Stadium, Lahore",Lahore Qalandars,winner recorded,,6,1.2.0,2
1354940,2023-03-01,2022/23,2023,Peshawar Zalmi,Karachi Kings,Rawalpindi Cricket Stadium,Peshawar Zalmi,winner recorded,,6,1.2.0,1
1354941,2023-03-02,2022/23,2023,Lahore Qalandars,Quetta Gladiators,"Gaddafi Stadium, Lahore",Lahore Qalandars,winner recorded,,6,1.2.0,2
1354942,2023-03-03,2022/23,2023,Karachi Kings,Islamabad United,Rawalpindi Cricket Stadium,Islamabad United,winner recorded,,6,1.2.0,1
1354943,2023-03-04,2022/23,2023,Lahore Qalandars,Multan Sultans,"Gaddafi Stadium, Lahore",Lahore Qalandars,winner recorded,,6,1.2.0,2
1354944,2023-03-05,2022/23,2023,Quetta Gladiators,Islamabad United,Rawalpindi Cricket Stadium,Islamabad United,winner recorded,,6,1.2.0,2
1354945,2023-03-06,2022/23,2023,Karachi Kings,Quetta Gladiators,Rawalpindi Cricket Stadium,Quetta Gladiators,winner recorded,,6,1.2.0,2
1354946,2023-03-07,2022/23,2023,Peshawar Zalmi,Lahore Qalandars,Rawalpindi Cricket Stadium,Peshawar Zalmi,winner recorded,,6,1.2.0,1
1354947,2023-03-07,2022/23,2023,Multan Sultans,Islamabad United,Rawalpindi Cricket Stadium,Islamabad United,winner recorded,,6,1.2.0,2
1354948,2023-03-08,2022/23,2023,Peshawar Zalmi,Quetta Gladiators,Rawalpindi Cricket Stadium,Quetta Gladiators,winner recorded,,6,1.2.0,2
1354949,2023-03-09,2022/23,2023,Lahore Qalandars,Islamabad United,Rawalpindi Cricket Stadium,Lahore Qalandars,winner recorded,,6,1.2.0,1
1354950,2023-03-10,2022/23,2023,Peshawar Zalmi,Multan Sultans,Rawalpindi Cricket Stadium,Multan Sultans,winner recorded,,6,1.2.0,2
1354951,2023-03-11,2022/23,2023,Multan Sultans,Quetta Gladiators,Rawalpindi Cricket Stadium,Multan Sultans,winner recorded,,6,1.2.0,2
1354952,2023-03-12,2022/23,2023,Peshawar Zalmi,Islamabad United,Rawalpindi Cricket Stadium,Peshawar Zalmi,winner recorded,,6,1.2.0,2
1354953,2023-03-12,2022/23,2023,Karachi Kings,Lahore Qalandars,"Gaddafi Stadium, Lahore",Karachi Kings,winner recorded,,6,1.2.0,1
1354954,2023-03-15,2022/23,2023,Multan Sultans,Lahore Qalandars,"Gaddafi Stadium, Lahore",Multan Sultans,winner recorded,,6,1.2.0,2
1354955,2023-03-16,2022/23,2023,Peshawar Zalmi,Islamabad United,"Gaddafi Stadium, Lahore",Peshawar Zalmi,winner recorded,,6,1.2.0,1
1354956,2023-03-17,2022/23,2023,Peshawar Zalmi,Lahore Qalandars,"Gaddafi Stadium, Lahore",Lahore Qalandars,winner recorded,,6,1.2.0,2
1354957,2023-03-18,2022/23,2023,Lahore Qalandars,Multan Sultans,"Gaddafi Stadium, Lahore",Lahore Qalandars,winner recorded,,6,1.2.0,2
1416472,2024-02-17,2023/24,2024,Lahore Qalandars,Islamabad United,"Gaddafi Stadium, Lahore",Islamabad United,winner recorded,,6,1.2.0,1
1416473,2024-02-18,2023/24,2024,Quetta Gladiators,Peshawar Zalmi,"Gaddafi Stadium, Lahore",Quetta Gladiators,winner recorded,,6,1.2.0,1
1416474,2024-02-18,2023/24,2024,Multan Sultans,Karachi Kings,Multan Cricket Stadium,Multan Sultans,winner recorded,,6,1.2.0,1
1416475,2024-02-19,2023/24,2024,Lahore Qalandars,Quetta Gladiators,"Gaddafi Stadium, Lahore",Quetta Gladiators,winner recorded,,6,1.2.0,1
1416476,2024-02-20,2023/24,2024,Islamabad United,Multan Sultans,Multan Cricket Stadium,Multan Sultans,winner recorded,,6,1.2.0,1
1416477,2024-02-21,2023/24,2024,Peshawar Zalmi,Karachi Kings,"Gaddafi Stadium, Lahore",Karachi Kings,winner recorded,,6,1.2.0,1
1416478,2024-02-21,2023/24,2024,Lahore Qalandars,Multan Sultans,Multan Cricket Stadium,Multan Sultans,winner recorded,,6,1.2.0,1
1416479,2024-02-22,2023/24,2024,Islamabad United,Quetta Gladiators,"Gaddafi Stadium, Lahore",Quetta Gladiators,winner recorded,,6,1.2.0,1
1416480,2024-02-23,2023/24,2024,Peshawar Zalmi,Multan Sultans,Multan Cricket Stadium,Peshawar Zalmi,winner recorded,,6,1.2.0,1
1416481,2024-02-24,2023/24,2024,Lahore Qalandars,Karachi Kings,"Gaddafi Stadium, Lahore",Karachi Kings,winner recorded,,6,1.2.0,1
1416482,2024-02-25,2023/24,2024,Multan Sultans,Quetta Gladiators,Multan Cricket Stadium,Multan Sultans,winner recorded,,6,1.2.0,1
1416483,2024-02-25,2023/24,2024,Peshawar Zalmi,Lahore Qalandars,"Gaddafi Stadium, Lahore",Peshawar Zalmi,winner recorded,,6,1.2.0,1
1416484,2024-02-26,2023/24,2024,Peshawar Zalmi,Islamabad United,"Gaddafi Stadium, Lahore",Peshawar Zalmi,winner recorded,,6,1.2.0,1
1416485,2024-02-27,2023/24,2024,Multan Sultans,Lahore Qalandars,"Gaddafi Stadium, Lahore",Multan Sultans,winner recorded,,6,1.2.0,1
1416486,2024-02-28,2023/24,2024,Karachi Kings,Islamabad United,"National Stadium, Karachi",Islamabad United,winner recorded,,6,1.2.0,1
1416487,2024-02-29,2023/24,2024,Karachi Kings,Quetta Gladiators,"National Stadium, Karachi",Quetta Gladiators,winner recorded,,6,1.2.0,1
1416490,2024-03-03,2023/24,2024,Multan Sultans,Karachi Kings,"National Stadium, Karachi",Multan Sultans,winner recorded,,6,1.2.0,1
1416491,2024-03-04,2023/24,2024,Islamabad United,Peshawar Zalmi,Rawalpindi Cricket Stadium,Islamabad United,winner recorded,,6,1.2.0,1
1416492,2024-03-05,2023/24,2024,Peshawar Zalmi,Multan Sultans,Rawalpindi Cricket Stadium,Peshawar Zalmi,winner recorded,,6,1.2.0,1
1416493,2024-03-06,2023/24,2024,Quetta Gladiators,Karachi Kings,Rawalpindi Cricket Stadium,Karachi Kings,winner recorded,,6,1.2.0,1
1416494,2024-03-06,2023/24,2024,Lahore Qalandars,Islamabad United,Rawalpindi Cricket Stadium,Lahore Qalandars,winner recorded,,6,1.2.0,1
1416495,2024-03-07,2023/24,2024,Karachi Kings,Islamabad United,Rawalpindi Cricket Stadium,Islamabad United,winner recorded,,6,1.2.0,1
1416496,2024-03-08,2023/24,2024,Peshawar Zalmi,Quetta Gladiators,Rawalpindi Cricket Stadium,Peshawar Zalmi,winner recorded,,6,1.2.0,1
1416497,2024-03-09,2023/24,2024,Lahore Qalandars,Karachi Kings,"National Stadium, Karachi",Karachi Kings,winner recorded,,6,1.2.0,1
1416498,2024-03-10,2023/24,2024,Multan Sultans,Islamabad United,Rawalpindi Cricket Stadium,Islamabad United,winner recorded,,6,1.2.0,1
1416499,2024-03-10,2023/24,2024,Lahore Qalandars,Quetta Gladiators,"National Stadium, Karachi",Quetta Gladiators,winner recorded,,6,1.2.0,1
1416500,2024-03-11,2023/24,2024,Peshawar Zalmi,Karachi Kings,"National Stadium, Karachi",Peshawar Zalmi,winner recorded,,6,1.2.0,1
1416501,2024-03-12,2023/24,2024,Multan Sultans,Quetta Gladiators,"National Stadium, Karachi",Multan Sultans,winner recorded,,6,1.2.0,1
1416502,2024-03-14,2023/24,2024,Peshawar Zalmi,Multan Sultans,"National Stadium, Karachi",Multan Sultans,winner recorded,,6,1.2.0,1
1416503,2024-03-15,2023/24,2024,Islamabad United,Quetta Gladiators,"National Stadium, Karachi",Islamabad United,winner recorded,,6,1.2.0,1
1416504,2024-03-16,2023/24,2024,Peshawar Zalmi,Islamabad United,"National Stadium, Karachi",Islamabad United,winner recorded,,6,1.2.0,1
1416505,2024-03-18,2023/24,2024,Multan Sultans,Islamabad United,"National Stadium, Karachi",Islamabad United,winner recorded,,6,1.2.0,1
1475238,2025-04-11,2025,2025,Lahore Qalandars,Islamabad United,Rawalpindi Cricket Stadium,Islamabad United,winner recorded,,6,1.2.0,1
1475239,2025-04-12,2025,2025,Quetta Gladiators,Peshawar Zalmi,Rawalpindi Cricket Stadium,Quetta Gladiators,winner recorded,,6,1.2.0,1
1475240,2025-04-12,2025,2025,Multan Sultans,Karachi Kings,"National Stadium, Karachi",Karachi Kings,winner recorded,,6,1.2.0,1
1475241,2025-04-13,2025,2025,Lahore Qalandars,Quetta Gladiators,Rawalpindi Cricket Stadium,Lahore Qalandars,winner recorded,,6,1.2.0,1
1475242,2025-04-14,2025,2025,Islamabad United,Peshawar Zalmi,Rawalpindi Cricket Stadium,Islamabad United,winner recorded,,6,1.2.0,1
1475243,2025-04-15,2025,2025,Lahore Qalandars,Karachi Kings,"National Stadium, Karachi",Lahore Qalandars,winner recorded,,6,1.2.0,1
1475244,2025-04-16,2025,2025,Islamabad United,Multan Sultans,Rawalpindi Cricket Stadium,Islamabad United,winner recorded,,6,1.2.0,1
1475245,2025-04-18,2025,2025,Karachi Kings,Quetta Gladiators,"National Stadium, Karachi",Karachi Kings,winner recorded,,6,1.2.0,1
1475246,2025-04-19,2025,2025,Peshawar Zalmi,Multan Sultans,Rawalpindi Cricket Stadium,Peshawar Zalmi,winner recorded,,6,1.2.0,1
1475247,2025-04-20,2025,2025,Karachi Kings,Islamabad United,"National Stadium, Karachi",Islamabad United,winner recorded,,6,1.2.0,1
1475248,2025-04-21,2025,2025,Peshawar Zalmi,Karachi Kings,"National Stadium, Karachi",Karachi Kings,winner recorded,,6,1.2.0,1
1475249,2025-04-22,2025,2025,Multan Sultans,Lahore Qalandars,Multan Cricket Stadium,Multan Sultans,winner recorded,,6,1.2.0,1
1475250,2025-04-23,2025,2025,Multan Sultans,Islamabad United,Multan Cricket Stadium,Islamabad United,winner recorded,,6,1.2.0,1
1475251,2025-04-24,2025,2025,Lahore Qalandars,Peshawar Zalmi,"Gaddafi Stadium, Lahore",Peshawar Zalmi,winner recorded,,6,1.2.0,1
1475252,2025-04-25,2025,2025,Quetta Gladiators,Karachi Kings,"Gaddafi Stadium, Lahore",Quetta Gladiators,winner recorded,,6,1.2.0,1
1475253,2025-04-26,2025,2025,Multan Sultans,Lahore Qalandars,"Gaddafi Stadium, Lahore",Lahore Qalandars,winner recorded,,6,1.2.0,1
1475254,2025-04-27,2025,2025,Quetta Gladiators,Peshawar Zalmi,"Gaddafi Stadium, Lahore",Quetta Gladiators,winner recorded,,6,1.2.0,1
1475255,2025-04-29,2025,2025,Multan Sultans,Quetta Gladiators,"Gaddafi Stadium, Lahore",Quetta Gladiators,winner recorded,,6,1.2.0,1
1475256,2025-04-30,2025,2025,Lahore Qalandars,Islamabad United,"Gaddafi Stadium, Lahore",Lahore Qalandars,winner recorded,,6,1.2.0,1
1475257,2025-05-01,2025,2025,Karachi Kings,Multan Sultans,"Gaddafi Stadium, Lahore",Karachi Kings,winner recorded,,6,1.2.0,1
1475258,2025-05-01,2025,2025,Lahore Qalandars,Quetta Gladiators,"Gaddafi Stadium, Lahore",,no result,,6,1.2.0,1
1475259,2025-05-02,2025,2025,Islamabad United,Peshawar Zalmi,"Gaddafi Stadium, Lahore",Peshawar Zalmi,winner recorded,,6,1.2.0,1
1475260,2025-05-03,2025,2025,Islamabad United,Quetta Gladiators,"Gaddafi Stadium, Lahore",Quetta Gladiators,winner recorded,,6,1.2.0,1
1475261,2025-05-04,2025,2025,Lahore Qalandars,Karachi Kings,"Gaddafi Stadium, Lahore",Karachi Kings,winner recorded,D/L,6,1.2.0,1
1475262,2025-05-05,2025,2025,Multan Sultans,Peshawar Zalmi,Multan Cricket Stadium,Peshawar Zalmi,winner recorded,,6,1.2.0,1
1475263,2025-05-07,2025,2025,Quetta Gladiators,Islamabad United,Rawalpindi Cricket Stadium,Quetta Gladiators,winner recorded,,6,1.2.0,1
1475264,2025-05-17,2025,2025,Karachi Kings,Peshawar Zalmi,Rawalpindi Cricket Stadium,Karachi Kings,winner recorded,,6,1.2.0,1
1475265,2025-05-18,2025,2025,Multan Sultans,Quetta Gladiators,Rawalpindi Cricket Stadium,Quetta Gladiators,winner recorded,,6,1.2.0,1
1475266,2025-05-18,2025,2025,Lahore Qalandars,Peshawar Zalmi,Rawalpindi Cricket Stadium,Lahore Qalandars,winner recorded,,6,1.2.0,1
1475267,2025-05-19,2025,2025,Islamabad United,Karachi Kings,Rawalpindi Cricket Stadium,Islamabad United,winner recorded,,6,1.2.0,1
1475268,2025-05-21,2025,2025,Quetta Gladiators,Islamabad United,"Gaddafi Stadium, Lahore",Quetta Gladiators,winner recorded,,6,1.2.0,1
1475269,2025-05-22,2025,2025,Karachi Kings,Lahore Qalandars,"Gaddafi Stadium, Lahore",Lahore Qalandars,winner recorded,,6,1.2.0,1
1475270,2025-05-23,2025,2025,Lahore Qalandars,Islamabad United,"Gaddafi Stadium, Lahore",Lahore Qalandars,winner recorded,,6,1.2.0,1
1475271,2025-05-25,2025,2025,Quetta Gladiators,Lahore Qalandars,"Gaddafi Stadium, Lahore",Lahore Qalandars,winner recorded,,6,1.2.0,1
1527552,2026-03-26,2026,2026,Lahore Qalandars,Hyderabad Kingsmen,"Gaddafi Stadium, Lahore",Lahore Qalandars,winner recorded,,6,1.2.0,1
1527553,2026-03-27,2026,2026,Karachi Kings,Quetta Gladiators,"Gaddafi Stadium, Lahore",Karachi Kings,winner recorded,,6,1.2.0,1
1527554,2026-03-28,2026,2026,Rawalpindiz,Peshawar Zalmi,"Gaddafi Stadium, Lahore",Peshawar Zalmi,winner recorded,,6,1.2.0,1
1527555,2026-03-28,2026,2026,Islamabad United,Multan Sultans,"Gaddafi Stadium, Lahore",Multan Sultans,winner recorded,,6,1.2.0,1
1527556,2026-03-29,2026,2026,Quetta Gladiators,Hyderabad Kingsmen,"Gaddafi Stadium, Lahore",Quetta Gladiators,winner recorded,,6,1.2.0,1
1527557,2026-03-29,2026,2026,Lahore Qalandars,Karachi Kings,"Gaddafi Stadium, Lahore",Karachi Kings,winner recorded,,6,1.2.0,1
1527559,2026-04-01,2026,2026,Hyderabad Kingsmen,Multan Sultans,"Gaddafi Stadium, Lahore",Multan Sultans,winner recorded,,6,1.2.0,1
1527560,2026-04-02,2026,2026,Quetta Gladiators,Islamabad United,"Gaddafi Stadium, Lahore",Islamabad United,winner recorded,,6,1.2.0,1
1527561,2026-04-02,2026,2026,Rawalpindiz,Karachi Kings,"Gaddafi Stadium, Lahore",Karachi Kings,winner recorded,,6,1.2.0,1
1527562,2026-04-03,2026,2026,Lahore Qalandars,Multan Sultans,"Gaddafi Stadium, Lahore",Lahore Qalandars,winner recorded,,6,1.2.0,1
1527563,2026-04-04,2026,2026,Rawalpindiz,Islamabad United,"Gaddafi Stadium, Lahore",Islamabad United,winner recorded,,6,1.2.0,1
1527564,2026-04-05,2026,2026,Quetta Gladiators,Multan Sultans,"Gaddafi Stadium, Lahore",Multan Sultans,winner recorded,,6,1.2.0,1
1527565,2026-04-06,2026,2026,Rawalpindiz,Multan Sultans,"Gaddafi Stadium, Lahore",Multan Sultans,winner recorded,,6,1.2.0,1
1527566,2026-04-08,2026,2026,Hyderabad Kingsmen,Peshawar Zalmi,"National Stadium, Karachi",Peshawar Zalmi,winner recorded,,6,1.2.0,1
1527567,2026-04-09,2026,2026,Lahore Qalandars,Islamabad United,"National Stadium, Karachi",Islamabad United,winner recorded,,6,1.2.0,1
1527568,2026-04-09,2026,2026,Peshawar Zalmi,Karachi Kings,"National Stadium, Karachi",Peshawar Zalmi,winner recorded,,6,1.2.0,1
1527569,2026-04-10,2026,2026,Quetta Gladiators,Rawalpindiz,"National Stadium, Karachi",Quetta Gladiators,winner recorded,,6,1.2.0,1
1527570,2026-04-11,2026,2026,Peshawar Zalmi,Lahore Qalandars,"National Stadium, Karachi",Peshawar Zalmi,winner recorded,,6,1.2.0,1
1527571,2026-04-11,2026,2026,Karachi Kings,Hyderabad Kingsmen,"National Stadium, Karachi",Hyderabad Kingsmen,winner recorded,,6,1.2.0,1
1527572,2026-04-12,2026,2026,Islamabad United,Hyderabad Kingsmen,"National Stadium, Karachi",Hyderabad Kingsmen,winner recorded,,6,1.2.0,1
1527573,2026-04-13,2026,2026,Peshawar Zalmi,Multan Sultans,"National Stadium, Karachi",Peshawar Zalmi,winner recorded,,6,1.2.0,1
1527574,2026-04-15,2026,2026,Quetta Gladiators,Peshawar Zalmi,"National Stadium, Karachi",Peshawar Zalmi,winner recorded,,6,1.2.0,1
1527575,2026-04-16,2026,2026,Rawalpindiz,Hyderabad Kingsmen,"National Stadium, Karachi",Hyderabad Kingsmen,winner recorded,,6,1.2.0,1
1527576,2026-04-16,2026,2026,Karachi Kings,Islamabad United,"National Stadium, Karachi",Islamabad United,winner recorded,,6,1.2.0,1
1527577,2026-04-17,2026,2026,Lahore Qalandars,Quetta Gladiators,"National Stadium, Karachi",Quetta Gladiators,winner recorded,,6,1.2.0,1
1527578,2026-04-18,2026,2026,Lahore Qalandars,Rawalpindiz,"National Stadium, Karachi",Lahore Qalandars,winner recorded,,6,1.2.0,1
1527579,2026-04-19,2026,2026,Multan Sultans,Karachi Kings,"National Stadium, Karachi",Multan Sultans,winner recorded,,6,1.2.0,1
1527580,2026-04-19,2026,2026,Peshawar Zalmi,Quetta Gladiators,"National Stadium, Karachi",Peshawar Zalmi,winner recorded,,6,1.2.0,1
1527581,2026-04-21,2026,2026,Lahore Qalandars,Quetta Gladiators,"Gaddafi Stadium, Lahore",Lahore Qalandars,winner recorded,,6,1.2.0,1
1527582,2026-04-21,2026,2026,Rawalpindiz,Multan Sultans,"National Stadium, Karachi",Multan Sultans,winner recorded,,6,1.2.0,1
1527583,2026-04-22,2026,2026,Karachi Kings,Peshawar Zalmi,"Gaddafi Stadium, Lahore",Peshawar Zalmi,winner recorded,,6,1.2.0,1
1527584,2026-04-22,2026,2026,Multan Sultans,Hyderabad Kingsmen,"National Stadium, Karachi",Hyderabad Kingsmen,winner recorded,,6,1.2.0,1
1527585,2026-04-23,2026,2026,Islamabad United,Rawalpindiz,"National Stadium, Karachi",Rawalpindiz,winner recorded,,6,1.2.0,1
1527586,2026-04-23,2026,2026,Lahore Qalandars,Karachi Kings,"Gaddafi Stadium, Lahore",Karachi Kings,winner recorded,,6,1.2.0,1
1527587,2026-04-24,2026,2026,Hyderabad Kingsmen,Islamabad United,"National Stadium, Karachi",Islamabad United,winner recorded,,6,1.2.0,1
1527588,2026-04-25,2026,2026,Quetta Gladiators,Karachi Kings,"Gaddafi Stadium, Lahore",Karachi Kings,winner recorded,,6,1.2.0,1
1527589,2026-04-25,2026,2026,Peshawar Zalmi,Lahore Qalandars,"Gaddafi Stadium, Lahore",Lahore Qalandars,winner recorded,,6,1.2.0,1
1527590,2026-04-26,2026,2026,Hyderabad Kingsmen,Rawalpindiz,"National Stadium, Karachi",Hyderabad Kingsmen,winner recorded,,6,1.2.0,1
1527591,2026-04-26,2026,2026,Multan Sultans,Islamabad United,"National Stadium, Karachi",Islamabad United,winner recorded,,6,1.2.0,1
1527592,2026-04-28,2026,2026,Peshawar Zalmi,Islamabad United,"National Stadium, Karachi",Peshawar Zalmi,winner recorded,,6,1.2.0,1
1527593,2026-04-29,2026,2026,Multan Sultans,Hyderabad Kingsmen,"Gaddafi Stadium, Lahore",Hyderabad Kingsmen,winner recorded,,6,1.2.0,1
1527594,2026-05-01,2026,2026,Hyderabad Kingsmen,Islamabad United,"Gaddafi Stadium, Lahore",Hyderabad Kingsmen,winner recorded,,6,1.2.0,1
1527595,2026-05-03,2026,2026,Hyderabad Kingsmen,Peshawar Zalmi,"Gaddafi Stadium, Lahore",Peshawar Zalmi,winner recorded,,6,1.2.0,1
