batting_team,season_year,n_overs,mean_runs,median_runs,sd_runs,q90,probability_15_plus
Hyderabad Kingsmen,2026,238,8.798319327731093,9.0,4.639001478353388,15.0,0.11764705882352941
Islamabad United,2016,203,7.541871921182266,7.0,4.507636034239897,13.0,0.07389162561576355
Islamabad United,2017,159,7.616352201257862,7.0,4.204877731388709,14.0,0.06289308176100629
Islamabad United,2018,217,8.133640552995391,7.0,4.836744210249792,15.0,0.11981566820276497
Islamabad United,2019,230,8.256521739130434,7.0,4.604850877534347,14.099999999999994,0.1
Islamabad United,2020,163,9.16564417177914,9.0,4.228451258492194,14.0,0.08588957055214724
Islamabad United,2021,218,8.935779816513762,8.0,5.0486576750617,16.0,0.12385321100917432
Islamabad United,2022,232,8.922413793103448,9.0,4.771217569143466,15.0,0.125
Islamabad United,2023,193,9.05181347150259,9.0,4.649978643143707,15.0,0.11917098445595854
Islamabad United,2024,231,8.86147186147186,8.0,4.43090289138686,14.0,0.09956709956709957
Islamabad United,2025,220,8.959090909090909,9.0,4.682929174544309,15.0,0.12727272727272726
Islamabad United,2026,180,9.094444444444445,9.0,4.5742749490761385,15.0,0.12777777777777777
Karachi Kings,2016,155,7.032258064516129,7.0,3.995808444830088,12.0,0.03225806451612903
Karachi Kings,2017,182,7.708791208791209,7.0,4.474338084363089,14.0,0.0989010989010989
Karachi Kings,2018,213,7.666666666666667,7.0,4.269977096251891,13.0,0.08450704225352113
Karachi Kings,2019,211,7.710900473933649,7.0,4.273598310395914,13.0,0.08056872037914692
Karachi Kings,2020,208,8.221153846153847,7.0,4.272045365988903,14.0,0.08173076923076923
Karachi Kings,2021,210,8.785714285714286,8.0,5.206435630581928,15.0,0.11428571428571428
Karachi Kings,2022,196,7.607142857142857,7.0,4.022213958531437,13.0,0.05612244897959184
Karachi Kings,2023,200,9.055,9.0,4.2712048598462085,16.0,0.125
Karachi Kings,2024,191,8.052356020942408,8.0,4.51283341954719,14.0,0.07329842931937172
Karachi Kings,2025,209,9.133971291866029,8.0,5.304320084314687,15.200000000000017,0.1339712918660287
Karachi Kings,2026,189,8.851851851851851,9.0,4.573194244175144,15.0,0.10582010582010581
Lahore Qalandars,2016,160,7.925,7.0,4.325658418636055,14.0,0.09375
Lahore Qalandars,2017,145,8.013793103448275,7.0,4.6007037609245645,14.0,0.07586206896551724
Lahore Qalandars,2018,191,7.439790575916231,7.0,4.6140846110594875,13.0,0.09424083769633508
Lahore Qalandars,2019,190,7.431578947368421,7.0,4.035956464542378,13.0,0.05263157894736842
Lahore Qalandars,2020,236,8.588983050847459,8.0,4.914213582215001,15.0,0.13135593220338984
Lahore Qalandars,2021,186,7.940860215053763,7.0,4.96601937624285,14.5,0.10215053763440861
Lahore Qalandars,2022,257,8.688715953307392,8.0,4.8368286340750775,15.0,0.12062256809338522
Lahore Qalandars,2023,245,8.951020408163265,8.0,4.857566450739741,15.0,0.11836734693877551
Lahore Qalandars,2024,177,8.954802259887005,8.0,4.479523119200235,15.0,0.12429378531073447
Lahore Qalandars,2025,233,9.733905579399142,9.0,4.874061424203473,16.80000000000001,0.18454935622317598
Lahore Qalandars,2026,186,8.78494623655914,8.0,5.349108462953919,15.0,0.12903225806451613
Multan Sultans,2018,171,7.350877192982456,7.0,4.310689427881954,14.0,0.08771929824561403
Multan Sultans,2019,188,7.787234042553192,7.0,4.624677680170362,14.0,0.09574468085106383
Multan Sultans,2020,192,8.484375,8.0,4.578548390755758,15.0,0.109375
Multan Sultans,2021,231,8.913419913419913,8.0,4.770501932514383,15.0,0.1341991341991342
Multan Sultans,2022,231,8.878787878787879,8.0,4.6869875653150235,15.0,0.12987012987012986
Multan Sultans,2023,228,9.614035087719298,9.0,5.201675046936097,16.0,0.15350877192982457
Multan Sultans,2024,236,9.169491525423728,9.0,4.436416197396682,15.0,0.1059322033898305
Multan Sultans,2025,185,8.486486486486486,8.0,4.737808276201631,14.599999999999994,0.10270270270270271
Multan Sultans,2026,200,9.965,9.0,5.0498793457898765,16.0,0.185
Peshawar Zalmi,2016,168,7.363095238095238,6.5,4.1229975654864415,13.0,0.06547619047619048
Peshawar Zalmi,2017,209,7.6124401913875595,7.0,4.9921128444230725,15.0,0.10526315789473684
Peshawar Zalmi,2018,246,8.08130081300813,7.0,4.989938441295415,14.5,0.1016260162601626
Peshawar Zalmi,2019,246,8.239837398373984,7.0,4.995038188449118,14.0,0.08943089430894309
Peshawar Zalmi,2020,172,8.75,8.5,4.44738572265571,14.900000000000006,0.10465116279069768
Peshawar Zalmi,2021,241,9.062240663900415,8.0,5.533257927463669,16.0,0.16182572614107885
Peshawar Zalmi,2022,218,8.775229357798166,8.0,4.64598644416,14.300000000000011,0.10091743119266056
Peshawar Zalmi,2023,235,9.668085106382978,9.0,4.651123675598985,16.0,0.1574468085106383
Peshawar Zalmi,2024,218,8.986238532110091,9.0,4.636540262073263,15.0,0.12844036697247707
Peshawar Zalmi,2025,166,8.885542168674698,8.0,4.878415851423815,15.0,0.12650602409638553
Peshawar Zalmi,2026,210,9.971428571428572,10.0,4.498712506635824,16.0,0.1523809523809524
Quetta Gladiators,2016,179,7.888268156424581,7.0,4.150108542731406,14.0,0.0782122905027933
Quetta Gladiators,2017,172,7.930232558139535,7.5,4.43613734745482,13.0,0.08139534883720931
Quetta Gladiators,2018,204,7.720588235294118,7.0,4.1942216463578985,13.0,0.058823529411764705
Quetta Gladiators,2019,227,8.22907488986784,7.0,4.6153304111516436,15.0,0.12334801762114538
Quetta Gladiators,2020,167,8.22754491017964,8.0,4.277535388101997,14.0,0.0658682634730539
Quetta Gladiators,2021,190,7.810526315789474,7.0,4.440779608475279,14.0,0.07894736842105263
Quetta Gladiators,2022,186,8.763440860215054,8.0,4.734914250685903,15.0,0.11290322580645161
Quetta Gladiators,2023,194,8.603092783505154,8.0,5.315164610911645,15.0,0.12371134020618557
Quetta Gladiators,2024,186,8.080645161290322,8.0,3.8999586432877504,13.0,0.06451612903225806
Quetta Gladiators,2025,200,9.365,9.0,5.061607884048241,16.0,0.16
Quetta Gladiators,2026,194,8.644329896907216,8.0,4.395274642834157,14.0,0.0979381443298969
Rawalpindiz,2026,192,8.364583333333334,8.0,4.652578616594794,15.0,0.11458333333333333
