batting_team,phase,n_overs,mean_runs,median_runs,sd_runs,q90,probability_15_plus
Hyderabad Kingsmen,Death,43,10.0,10.0,5.363012657257557,16.800000000000004,0.18604651162790697
Hyderabad Kingsmen,Middle,117,7.957264957264957,7.0,4.105070796972687,14.0,0.05128205128205128
Hyderabad Kingsmen,Powerplay,78,9.397435897435898,9.0,4.787265964819106,16.299999999999997,0.1794871794871795
Islamabad United,Death,435,9.875862068965517,10.0,4.810054885275672,16.0,0.1471264367816092
Islamabad United,Middle,1072,8.130597014925373,7.0,4.376931764305239,14.0,0.08488805970149253
Islamabad United,Powerplay,739,8.535859269282815,8.0,4.7833552490027955,15.0,0.11637347767253045
Karachi Kings,Death,477,9.872117400419286,9.0,4.9385295249235,17.0,0.15723270440251572
Karachi Kings,Middle,1007,7.628599801390268,7.0,4.0949341158607835,13.0,0.06653426017874876
Karachi Kings,Powerplay,680,7.851470588235294,8.0,4.599096813651874,14.0,0.08088235294117647
Lahore Qalandars,Death,470,10.402127659574468,10.0,5.202303465607693,17.100000000000023,0.20212765957446807
Lahore Qalandars,Middle,1032,7.877906976744186,7.0,4.446755405499959,14.0,0.09108527131782945
Lahore Qalandars,Powerplay,704,8.041193181818182,8.0,4.6474278050364575,14.0,0.09090909090909091
Multan Sultans,Death,393,10.783715012722647,10.0,5.441857748536775,19.0,0.2340966921119593
Multan Sultans,Middle,874,8.11212814645309,7.0,4.37778043758864,14.0,0.07894736842105263
Multan Sultans,Powerplay,595,8.4890756302521,8.0,4.515718710689187,15.0,0.11764705882352941
Peshawar Zalmi,Death,494,10.253036437246964,10.0,5.4062863351673975,18.0,0.20242914979757085
Peshawar Zalmi,Middle,1091,8.329055912007332,8.0,4.497794457224539,14.0,0.09715857011915674
Peshawar Zalmi,Powerplay,744,8.189516129032258,8.0,4.761933825964191,14.0,0.09543010752688172
Quetta Gladiators,Death,432,9.44675925925926,9.0,4.917598366679585,16.0,0.13425925925925927
Quetta Gladiators,Middle,995,7.889447236180905,7.0,4.227894243519606,14.0,0.07738693467336684
Quetta Gladiators,Powerplay,672,8.181547619047619,8.0,4.628018600935541,14.0,0.09970238095238096
Rawalpindiz,Death,42,10.80952380952381,10.0,4.8350251354460285,17.0,0.2619047619047619
Rawalpindiz,Middle,90,7.511111111111111,7.0,3.81376703225035,11.100000000000009,0.05555555555555555
Rawalpindiz,Powerplay,60,7.933333333333334,8.0,5.131711534842559,14.100000000000001,0.1
