claim_id,claim,what_would_support,what_would_weaken,source_type_needed,measurement_period,news_ids,data_quality_limitations,finding,confidence_category,slide_evidence,slide_limit,actual_source,evidence_date,source_catalogue
I1,Rupee depreciation raised the imported iPhone floor,A larger USD×PKR/USD product at actual availability dates,Comparable source dates show no increase,Apple HTML + SBP exchange rate,"2019, 2021, 2023, 2026 availability dates",['N01'],Entry tiers change storage; pre-tax benchmark is not observed Pakistan retail,2019→2026: US base price +18.2%; PKR/USD +77.6%; pre-tax floor +110.0%. 2023→2026 floor +3.0% despite a lower PKR/USD rate.,SUPPORTED BY ARITHMETIC,Apple / SBP: calculated floor rose,Entry storage changes; pre-tax benchmark only,Apple Newsroom / SBP; launch comparison CSV,source cut-off 2026-10-01; publication/measurement dates in primary_source_catalog.json and public_claims.json,data/v2/primary_source_catalog.json
I2,An imported iPhone should track the exchange rate alone,Constant USD product price and tax/margin regime,USD price/configuration or domestic additions change,Apple launch price + SBP rate + official taxes,same four launch periods,[],No constant-quality adjustment or verified current Pakistan tax schedule,FX is one input; USD base price and configuration also changed. Pakistan additions remain unverified.,PARTLY SUPPORTED,Apple: dollar price also changed,Exact Pakistan additions unverified,Apple / SBP; iPhone rows,source cut-off 2026-10-01; publication/measurement dates in primary_source_catalog.json and public_claims.json,data/v2/primary_source_catalog.json
A1,Apples rose exactly from Rs100/kg to Rs300/kg,"Same variety, market, unit and season over time",Matched apple-specific observations disagree,Apple-specific retail/wholesale price panel,opening observation has unspecified dates,[],PBS fresh-fruit basket is not apples,Exact apple threefold claim requires matched apple-specific prices; PBS measures fresh-fruit baskets.,NOT TESTABLE WITH CURRENT DATA,PBS: fresh-fruit baskets,No matched apple-specific price panel,PBS monthly PDFs; no matched apple price panel,source cut-off 2026-10-01; publication/measurement dates in primary_source_catalog.json and public_claims.json,data/v2/primary_source_catalog.json
A2,Local produce is insulated from oil / FX,Input costs and local price data show no exposure,Documented energy / transport / supply movements,PBS CPI/WPI + cost and supply evidence,Jul 2022–Sep 2026,[],No apple cost accounts; wholesale and retail baskets differ,Local production does not establish insulation. Broad energy/transport/fruit changes do not identify apple cost shares.,NOT ESTABLISHED,"PBS: food, energy, transport moved",No apple cost accounts or causal shares,PBS CPI/WPI; joint PDNA; no apple cost accounts,source cut-off 2026-10-01; publication/measurement dates in primary_source_catalog.json and public_claims.json,data/v2/primary_source_catalog.json
P1,Policy explains the whole inflation rise during PTI period,Identified counterfactual isolates policy from simultaneous shocks,"FX, world prices, COVID and other shocks coincide",Contemporary news + official policy + WB/PBS/SBP,2018–2022; 2023 is after PTI period,"['N01', 'N02']",Calendar annual values straddle government changes; observational data cannot allocate causal shares,Variables and policies can be documented; no causal contribution of one government is isolated.,NOT ESTABLISHED,News / WB / SBP: overlapping changes,No counterfactual or political blame share,N01/N02; World Bank; SBP; IMF / PID,source cut-off 2026-10-01; publication/measurement dates in primary_source_catalog.json and public_claims.json,data/v2/primary_source_catalog.json
M1,IMF-linked programme policies contributed through specific channels,Programme clauses + implementation documents + outcomes,Claimed condition absent or not implemented,News + IMF staff report/MEFP + official notifications + CPI,2019 EFF; 2022 review; May 2026 report,"['N03', 'N04', 'N07', 'N08']",Documented commitments differ from implementation and causal estimates,"Specific subsidy, tariff, revenue and FX commitments documented; aggregate inflation contribution not isolated.",PARTLY SUPPORTED,"IMF: subsidy, tariff, tax, FX clauses",Commitment ≠ implementation ≠ CPI effect,N03/N04/N07/N08; IMF CR22/288; 2019 release; CR26/101,source cut-off 2026-10-01; publication/measurement dates in primary_source_catalog.json and public_claims.json,data/v2/primary_source_catalog.json
F1,Government fuel/subsidy decisions changed administered prices,Dated official old/new prices and effective date,No official change or a different effective date,News + PID notification + IMF review,28 Feb announcement / 1 Mar 2022 effect; June reversal,"['N05', 'N06', 'N07', 'N08']",Direct fuel-price arithmetic does not measure contribution to all CPI,PID verifies petrol 159.86→149.86 Rs/litre effective 1 Mar 2022; -10.00. June reversal documented; no CPI share estimated.,SUPPORTED BY DIRECT MEASUREMENT,PID: official petrol-price reduction,Direct price change ≠ contribution to CPI,N05/N06; PID PR255; IMF CR22/288 MEFP ¶8(a),source cut-off 2026-10-01; publication/measurement dates in primary_source_catalog.json and public_claims.json,data/v2/primary_source_catalog.json
S1,COVID and supply disruptions contributed,Dated disruption evidence plus prices and supply measures,Changes predate disruption or no exposure,SBP COVID policy source + commodity data + attributed news,2020–2021,['N01'],COVID timing and official response documented; apple-specific effect not identified,Pandemic response and contemporaneous attribution documented; specific apple/iPhone price contribution not isolated.,PARTLY SUPPORTED,SBP / news: pandemic response documented,Product-specific contribution not isolated,SBP COVID page; N01; commodity/context series,source cut-off 2026-10-01; publication/measurement dates in primary_source_catalog.json and public_claims.json,data/v2/primary_source_catalog.json
S2,Floods disrupted domestic food supply,Damage assessment + contemporaneous logistics reporting,Matched unaffected supply/price series,News + joint official PDNA PDF,Jun–Oct 2022 assessment,"['N09', 'N10']",Assessed aggregate damage is not an apple-price causal coefficient,Flood assessment documents food/agriculture/transport disruption; no apple-specific price coefficient.,PARTLY SUPPORTED,Joint PDNA / news: supply damage,Aggregate assessment ≠ apple-price effect,N09/N10; joint official PDNA PDF,source cut-off 2026-10-01; publication/measurement dates in primary_source_catalog.json and public_claims.json,data/v2/primary_source_catalog.json
W1,2026 conflict passed through oil→fuel→transport→food,Dated reports + same oil benchmark + policy evidence + CPI timing,No sequential movement or alternative shocks dominate,AP/Axios/Reuters + FRED/EIA + IMF/PBS,"Feb–Sep 2026; feed through Aug, PDF Sep","['N11', 'N12', 'N13', 'N14', 'N15', 'N16']",Event windows descriptive; no counterfactual; separate months and YoY base effects,"Conflict reporting, oil movements, documented fuel measures and later CPI movements align; causal pass-through shares not identified.",CONSISTENT WITH OBSERVATIONAL TIMING,FRED / IMF / PBS: timing aligns,No identified oil→food causal share,N11–N16; FRED/EIA; IMF CR26/101; PBS,source cut-off 2026-10-01; publication/measurement dates in primary_source_catalog.json and public_claims.json,data/v2/primary_source_catalog.json
