month,indicator,label,index_2015_16_100
2022-07,PCPI_CP_01_IX,Food and non-alcoholic beverages,195.27452150866463
2022-08,PCPI_CP_01_IX,Food and non-alcoholic beverages,197.80964974515803
2022-09,PCPI_CP_01_IX,Food and non-alcoholic beverages,209.21251946992862
2022-10,PCPI_CP_01_IX,Food and non-alcoholic beverages,221.00498470948014
2022-11,PCPI_CP_01_IX,Food and non-alcoholic beverages,221.1407637104995
2022-12,PCPI_CP_01_IX,Food and non-alcoholic beverages,220.82092640163097
2023-01,PCPI_CP_01_IX,Food and non-alcoholic beverages,231.88779001019367
2023-02,PCPI_CP_01_IX,Food and non-alcoholic beverages,241.276572069317
2023-03,PCPI_CP_01_IX,Food and non-alcoholic beverages,250.25437798165137
2023-04,PCPI_CP_01_IX,Food and non-alcoholic beverages,261.16979204892965
2023-05,PCPI_CP_01_IX,Food and non-alcoholic beverages,264.4496293577982
2023-06,PCPI_CP_01_IX,Food and non-alcoholic beverages,261.77985647298675
2023-07,PCPI_CP_01_IX,Food and non-alcoholic beverages,272.4413308868502
2023-08,PCPI_CP_01_IX,Food and non-alcoholic beverages,273.98932884811416
2023-09,PCPI_CP_01_IX,Food and non-alcoholic beverages,278.4801276248726
2023-10,PCPI_CP_01_IX,Food and non-alcoholic beverages,280.2654185524975
2023-11,PCPI_CP_01_IX,Food and non-alcoholic beverages,282.948598980632
2023-12,PCPI_CP_01_IX,Food and non-alcoholic beverages,281.5489932721713
2024-01,PCPI_CP_01_IX,Food and non-alcoholic beverages,289.7678691131499
2024-02,PCPI_CP_01_IX,Food and non-alcoholic beverages,285.06073883792044
2024-03,PCPI_CP_01_IX,Food and non-alcoholic beverages,293.36
2024-04,PCPI_CP_01_IX,Food and non-alcoholic beverages,286.4321443425076
2024-05,PCPI_CP_01_IX,Food and non-alcoholic beverages,264.0104236493374
2024-06,PCPI_CP_01_IX,Food and non-alcoholic beverages,264.33204607543325
2024-07,PCPI_CP_01_IX,Food and non-alcoholic beverages,276.6886340468909
2024-08,PCPI_CP_01_IX,Food and non-alcoholic beverages,280.72207094801223
2024-09,PCPI_CP_01_IX,Food and non-alcoholic beverages,276.84810642201836
2024-10,PCPI_CP_01_IX,Food and non-alcoholic beverages,282.8592305810397
2024-11,PCPI_CP_01_IX,Food and non-alcoholic beverages,282.2798271151886
2024-12,PCPI_CP_01_IX,Food and non-alcoholic beverages,282.3204632008155
2025-01,PCPI_CP_01_IX,Food and non-alcoholic beverages,280.6868636085627
2025-02,PCPI_CP_01_IX,Food and non-alcoholic beverages,273.24330356778796
2025-03,PCPI_CP_01_IX,Food and non-alcoholic beverages,278.3444130479103
2025-04,PCPI_CP_01_IX,Food and non-alcoholic beverages,272.611977166157
2025-05,PCPI_CP_01_IX,Food and non-alcoholic beverages,272.120350254842
2025-06,PCPI_CP_01_IX,Food and non-alcoholic beverages,271.10221896024467
2025-07,PCPI_CP_01_IX,Food and non-alcoholic beverages,279.1475641182467
2025-08,PCPI_CP_01_IX,Food and non-alcoholic beverages,275.7
2025-09,PCPI_CP_01_IX,Food and non-alcoholic beverages,290.74
2025-10,PCPI_CP_01_IX,Food and non-alcoholic beverages,298.58
2025-11,PCPI_CP_01_IX,Food and non-alcoholic beverages,297.9
2025-12,PCPI_CP_01_IX,Food and non-alcoholic beverages,291.47
2026-01,PCPI_CP_01_IX,Food and non-alcoholic beverages,291.6335102956167
2026-02,PCPI_CP_01_IX,Food and non-alcoholic beverages,289.14034454638124
2026-03,PCPI_CP_01_IX,Food and non-alcoholic beverages,288.2238209989806
2026-04,PCPI_CP_01_IX,Food and non-alcoholic beverages,293.409975127421
2026-05,PCPI_CP_01_IX,Food and non-alcoholic beverages,293.7071200815494
2026-06,PCPI_CP_01_IX,Food and non-alcoholic beverages,296.52108460754334
2026-07,PCPI_CP_01_IX,Food and non-alcoholic beverages,308.8558874617737
2026-08,PCPI_CP_01_IX,Food and non-alcoholic beverages,313.9900440366972
2022-07,PCPI_CP_02_IX,Alcohol and tobacco,177.22179310344825
2022-08,PCPI_CP_02_IX,Alcohol and tobacco,181.98824827586208
2022-09,PCPI_CP_02_IX,Alcohol and tobacco,192.67344827586206
2022-10,PCPI_CP_02_IX,Alcohol and tobacco,196.21449655172415
2022-11,PCPI_CP_02_IX,Alcohol and tobacco,198.45904827586207
2022-12,PCPI_CP_02_IX,Alcohol and tobacco,199.4864
2023-01,PCPI_CP_02_IX,Alcohol and tobacco,199.9700551724138
2023-02,PCPI_CP_02_IX,Alcohol and tobacco,219.42460689655172
2023-03,PCPI_CP_02_IX,Alcohol and tobacco,353.13543448275857
2023-04,PCPI_CP_02_IX,Alcohol and tobacco,354.1704137931034
2023-05,PCPI_CP_02_IX,Alcohol and tobacco,356.39875862068965
2023-06,PCPI_CP_02_IX,Alcohol and tobacco,356.76776551724134
2023-07,PCPI_CP_02_IX,Alcohol and tobacco,358.17851034482754
2023-08,PCPI_CP_02_IX,Alcohol and tobacco,359.4524551724138
2023-09,PCPI_CP_02_IX,Alcohol and tobacco,361.15693793103446
2023-10,PCPI_CP_02_IX,Alcohol and tobacco,362.2437517241379
2023-11,PCPI_CP_02_IX,Alcohol and tobacco,362.8708137931034
2023-12,PCPI_CP_02_IX,Alcohol and tobacco,364.721048275862
2024-01,PCPI_CP_02_IX,Alcohol and tobacco,365.1307172413793
2024-02,PCPI_CP_02_IX,Alcohol and tobacco,365.6149103448276
2024-03,PCPI_CP_02_IX,Alcohol and tobacco,365.8
2024-04,PCPI_CP_02_IX,Alcohol and tobacco,366.0693103448276
2024-05,PCPI_CP_02_IX,Alcohol and tobacco,366.67997241379305
2024-06,PCPI_CP_02_IX,Alcohol and tobacco,377.4666068965517
2024-07,PCPI_CP_02_IX,Alcohol and tobacco,383.42503448275863
2024-08,PCPI_CP_02_IX,Alcohol and tobacco,384.0911862068965
2024-09,PCPI_CP_02_IX,Alcohol and tobacco,385.2388689655172
2024-10,PCPI_CP_02_IX,Alcohol and tobacco,385.4000689655172
2024-11,PCPI_CP_02_IX,Alcohol and tobacco,382.59046896551723
2024-12,PCPI_CP_02_IX,Alcohol and tobacco,384.6670620689655
2025-01,PCPI_CP_02_IX,Alcohol and tobacco,385.69532413793104
2025-02,PCPI_CP_02_IX,Alcohol and tobacco,389.9856137931034
2025-03,PCPI_CP_02_IX,Alcohol and tobacco,393.37925517241376
2025-04,PCPI_CP_02_IX,Alcohol and tobacco,395.1498620689655
2025-05,PCPI_CP_02_IX,Alcohol and tobacco,395.4837655172414
2025-06,PCPI_CP_02_IX,Alcohol and tobacco,396.7168413793103
2025-07,PCPI_CP_02_IX,Alcohol and tobacco,397.4433931034482
2025-08,PCPI_CP_02_IX,Alcohol and tobacco,397.79
2025-09,PCPI_CP_02_IX,Alcohol and tobacco,398.28
2025-10,PCPI_CP_02_IX,Alcohol and tobacco,398.1
2025-11,PCPI_CP_02_IX,Alcohol and tobacco,399.67
2025-12,PCPI_CP_02_IX,Alcohol and tobacco,399.71
2026-01,PCPI_CP_02_IX,Alcohol and tobacco,399.9062068965517
2026-02,PCPI_CP_02_IX,Alcohol and tobacco,401.3834620689655
2026-03,PCPI_CP_02_IX,Alcohol and tobacco,402.4091862068965
2026-04,PCPI_CP_02_IX,Alcohol and tobacco,403.12868965517237
2026-05,PCPI_CP_02_IX,Alcohol and tobacco,404.40193103448274
2026-06,PCPI_CP_02_IX,Alcohol and tobacco,409.8734896551724
2026-07,PCPI_CP_02_IX,Alcohol and tobacco,410.10942068965517
2026-08,PCPI_CP_02_IX,Alcohol and tobacco,410.5336965517241
2022-07,PCPI_CP_03_IX,Clothing and footwear,171.40384615384613
2022-08,PCPI_CP_03_IX,Clothing and footwear,176.20681318681318
2022-09,PCPI_CP_03_IX,Clothing and footwear,176.72813186813187
2022-10,PCPI_CP_03_IX,Clothing and footwear,178.47692307692307
2022-11,PCPI_CP_03_IX,Clothing and footwear,182.32021978021976
2022-12,PCPI_CP_03_IX,Clothing and footwear,183.6201098901099
2023-01,PCPI_CP_03_IX,Clothing and footwear,184.5146153846154
2023-02,PCPI_CP_03_IX,Clothing and footwear,186.6531868131868
2023-03,PCPI_CP_03_IX,Clothing and footwear,196.49714285714285
2023-04,PCPI_CP_03_IX,Clothing and footwear,200.17087912087914
2023-05,PCPI_CP_03_IX,Clothing and footwear,202.95164835164834
2023-06,PCPI_CP_03_IX,Clothing and footwear,205.1556043956044
2023-07,PCPI_CP_03_IX,Clothing and footwear,206.29395604395603
2023-08,PCPI_CP_03_IX,Clothing and footwear,208.73626373626374
2023-09,PCPI_CP_03_IX,Clothing and footwear,213.04505494505494
2023-10,PCPI_CP_03_IX,Clothing and footwear,215.310989010989
2023-11,PCPI_CP_03_IX,Clothing and footwear,220.37846153846152
2023-12,PCPI_CP_03_IX,Clothing and footwear,221.64043956043955
2024-01,PCPI_CP_03_IX,Clothing and footwear,223.27747252747253
2024-02,PCPI_CP_03_IX,Clothing and footwear,224.43208791208792
2024-03,PCPI_CP_03_IX,Clothing and footwear,228.13
2024-04,PCPI_CP_03_IX,Clothing and footwear,238.3768131868132
2024-05,PCPI_CP_03_IX,Clothing and footwear,239.4646153846154
2024-06,PCPI_CP_03_IX,Clothing and footwear,241.67505494505497
2024-07,PCPI_CP_03_IX,Clothing and footwear,243.80703296703297
2024-08,PCPI_CP_03_IX,Clothing and footwear,244.84296703296704
2024-09,PCPI_CP_03_IX,Clothing and footwear,246.10571428571427
2024-10,PCPI_CP_03_IX,Clothing and footwear,246.7564835164835
2024-11,PCPI_CP_03_IX,Clothing and footwear,252.0564835164835
2024-12,PCPI_CP_03_IX,Clothing and footwear,253.5254945054945
2025-01,PCPI_CP_03_IX,Clothing and footwear,254.8035164835165
2025-02,PCPI_CP_03_IX,Clothing and footwear,255.4108791208791
2025-03,PCPI_CP_03_IX,Clothing and footwear,258.983956043956
2025-04,PCPI_CP_03_IX,Clothing and footwear,260.0641758241758
2025-05,PCPI_CP_03_IX,Clothing and footwear,262.5882417582418
2025-06,PCPI_CP_03_IX,Clothing and footwear,263.30813186813185
2025-07,PCPI_CP_03_IX,Clothing and footwear,264.1710989010989
2025-08,PCPI_CP_03_IX,Clothing and footwear,264.7
2025-09,PCPI_CP_03_IX,Clothing and footwear,265.79
2025-10,PCPI_CP_03_IX,Clothing and footwear,266.67
2025-11,PCPI_CP_03_IX,Clothing and footwear,268.48
2025-12,PCPI_CP_03_IX,Clothing and footwear,269.3
2026-01,PCPI_CP_03_IX,Clothing and footwear,270.2567032967033
2026-02,PCPI_CP_03_IX,Clothing and footwear,271.1912087912088
2026-03,PCPI_CP_03_IX,Clothing and footwear,274.00593406593407
2026-04,PCPI_CP_03_IX,Clothing and footwear,276.19307692307694
2026-05,PCPI_CP_03_IX,Clothing and footwear,285.6225274725275
2026-06,PCPI_CP_03_IX,Clothing and footwear,287.79252747252747
2026-07,PCPI_CP_03_IX,Clothing and footwear,288.4176923076923
2026-08,PCPI_CP_03_IX,Clothing and footwear,289.13593406593407
2022-07,PCPI_CP_04_IX,"Housing, water, electricity, gas and fuels",173.028482840943
2022-08,PCPI_CP_04_IX,"Housing, water, electricity, gas and fuels",182.45722888689946
2022-09,PCPI_CP_04_IX,"Housing, water, electricity, gas and fuels",150.23749447925994
2022-10,PCPI_CP_04_IX,"Housing, water, electricity, gas and fuels",166.55863563115489
2022-11,PCPI_CP_04_IX,"Housing, water, electricity, gas and fuels",167.47635571471204
2022-12,PCPI_CP_04_IX,"Housing, water, electricity, gas and fuels",167.50806803939122
2023-01,PCPI_CP_04_IX,"Housing, water, electricity, gas and fuels",170.52517934944794
2023-02,PCPI_CP_04_IX,"Housing, water, electricity, gas and fuels",176.82806803939124
2023-03,PCPI_CP_04_IX,"Housing, water, electricity, gas and fuels",178.7990188003581
2023-04,PCPI_CP_04_IX,"Housing, water, electricity, gas and fuels",176.76700328260222
2023-05,PCPI_CP_04_IX,"Housing, water, electricity, gas and fuels",177.92453178155773
2023-06,PCPI_CP_04_IX,"Housing, water, electricity, gas and fuels",177.51145150701285
2023-07,PCPI_CP_04_IX,"Housing, water, electricity, gas and fuels",191.79107191883023
2023-08,PCPI_CP_04_IX,"Housing, water, electricity, gas and fuels",193.85707967770816
2023-09,PCPI_CP_04_IX,"Housing, water, electricity, gas and fuels",194.86388660101466
2023-10,PCPI_CP_04_IX,"Housing, water, electricity, gas and fuels",200.69719486720385
2023-11,PCPI_CP_04_IX,"Housing, water, electricity, gas and fuels",222.69341271262311
2023-12,PCPI_CP_04_IX,"Housing, water, electricity, gas and fuels",230.62352790211878
2024-01,PCPI_CP_04_IX,"Housing, water, electricity, gas and fuels",236.42870008952553
2024-02,PCPI_CP_04_IX,"Housing, water, electricity, gas and fuels",240.629230080573
2024-03,PCPI_CP_04_IX,"Housing, water, electricity, gas and fuels",244.24
2024-04,PCPI_CP_04_IX,"Housing, water, electricity, gas and fuels",239.8123479558341
2024-05,PCPI_CP_04_IX,"Housing, water, electricity, gas and fuels",236.6316251865115
2024-06,PCPI_CP_04_IX,"Housing, water, electricity, gas and fuels",240.1507508206506
2024-07,PCPI_CP_04_IX,"Housing, water, electricity, gas and fuels",240.30846971053418
2024-08,PCPI_CP_04_IX,"Housing, water, electricity, gas and fuels",236.93288033422857
2024-09,PCPI_CP_04_IX,"Housing, water, electricity, gas and fuels",235.52158758579532
2024-10,PCPI_CP_04_IX,"Housing, water, electricity, gas and fuels",239.31158758579528
2024-11,PCPI_CP_04_IX,"Housing, water, electricity, gas and fuels",240.27295672933454
2024-12,PCPI_CP_04_IX,"Housing, water, electricity, gas and fuels",238.42558102059087
2025-01,PCPI_CP_04_IX,"Housing, water, electricity, gas and fuels",240.05618979409132
2025-02,PCPI_CP_04_IX,"Housing, water, electricity, gas and fuels",239.26318591465235
2025-03,PCPI_CP_04_IX,"Housing, water, electricity, gas and fuels",238.95349030140258
2025-04,PCPI_CP_04_IX,"Housing, water, electricity, gas and fuels",233.53303312444046
2025-05,PCPI_CP_04_IX,"Housing, water, electricity, gas and fuels",230.65915487914057
2025-06,PCPI_CP_04_IX,"Housing, water, electricity, gas and fuels",232.27603700387942
2025-07,PCPI_CP_04_IX,"Housing, water, electricity, gas and fuels",248.8717344076395
2025-08,PCPI_CP_04_IX,"Housing, water, electricity, gas and fuels",246.24
2025-09,PCPI_CP_04_IX,"Housing, water, electricity, gas and fuels",245.81
2025-10,PCPI_CP_04_IX,"Housing, water, electricity, gas and fuels",249.46
2025-11,PCPI_CP_04_IX,"Housing, water, electricity, gas and fuels",253.1
2025-12,PCPI_CP_04_IX,"Housing, water, electricity, gas and fuels",254.79
2026-01,PCPI_CP_04_IX,"Housing, water, electricity, gas and fuels",257.5628015517756
2026-02,PCPI_CP_04_IX,"Housing, water, electricity, gas and fuels",262.352345568487
2026-03,PCPI_CP_04_IX,"Housing, water, electricity, gas and fuels",266.40398149806026
2026-04,PCPI_CP_04_IX,"Housing, water, electricity, gas and fuels",272.8663037899135
2026-05,PCPI_CP_04_IX,"Housing, water, electricity, gas and fuels",269.35337630558047
2026-06,PCPI_CP_04_IX,"Housing, water, electricity, gas and fuels",268.28908087138166
2026-07,PCPI_CP_04_IX,"Housing, water, electricity, gas and fuels",266.63398388540736
2026-08,PCPI_CP_04_IX,"Housing, water, electricity, gas and fuels",268.0907908087138
2022-07,PCPI_CP_05_IX,Furnishings and household equipment,171.40717825189265
2022-08,PCPI_CP_05_IX,Furnishings and household equipment,175.38479008947007
2022-09,PCPI_CP_05_IX,Furnishings and household equipment,181.35714384033034
2022-10,PCPI_CP_05_IX,Furnishings and household equipment,186.55871300757053
2022-11,PCPI_CP_05_IX,Furnishings and household equipment,191.8355815554026
2022-12,PCPI_CP_05_IX,Furnishings and household equipment,196.44903647625603
2023-01,PCPI_CP_05_IX,Furnishings and household equipment,199.56495526496903
2023-02,PCPI_CP_05_IX,Furnishings and household equipment,209.51195457673776
2023-03,PCPI_CP_05_IX,Furnishings and household equipment,220.1982105987612
2023-04,PCPI_CP_05_IX,Furnishings and household equipment,226.2010048176187
2023-05,PCPI_CP_05_IX,Furnishings and household equipment,235.0881486579491
2023-06,PCPI_CP_05_IX,Furnishings and household equipment,238.81399174122504
2023-07,PCPI_CP_05_IX,Furnishings and household equipment,242.89823124569855
2023-08,PCPI_CP_05_IX,Furnishings and household equipment,248.54053682037164
2023-09,PCPI_CP_05_IX,Furnishings and household equipment,252.66917412250518
2023-10,PCPI_CP_05_IX,Furnishings and household equipment,255.84891947694425
2023-11,PCPI_CP_05_IX,Furnishings and household equipment,258.0179284239504
2023-12,PCPI_CP_05_IX,Furnishings and household equipment,260.3613007570544
2024-01,PCPI_CP_05_IX,Furnishings and household equipment,261.81047487955954
2024-02,PCPI_CP_05_IX,Furnishings and household equipment,263.2273916035788
2024-03,PCPI_CP_05_IX,Furnishings and household equipment,265.47
2024-04,PCPI_CP_05_IX,Furnishings and household equipment,266.41499655884377
2024-05,PCPI_CP_05_IX,Furnishings and household equipment,267.41359256710257
2024-06,PCPI_CP_05_IX,Furnishings and household equipment,268.2975017205781
2024-07,PCPI_CP_05_IX,Furnishings and household equipment,269.7689814177564
2024-08,PCPI_CP_05_IX,Furnishings and household equipment,270.2185684790089
2024-09,PCPI_CP_05_IX,Furnishings and household equipment,269.3833379215416
2024-10,PCPI_CP_05_IX,Furnishings and household equipment,271.04770818995183
2024-11,PCPI_CP_05_IX,Furnishings and household equipment,273.2790708878183
2024-12,PCPI_CP_05_IX,Furnishings and household equipment,273.77013076393666
2025-01,PCPI_CP_05_IX,Furnishings and household equipment,275.03807295251204
2025-02,PCPI_CP_05_IX,Furnishings and household equipment,274.9588162422574
2025-03,PCPI_CP_05_IX,Furnishings and household equipment,275.37840330350997
2025-04,PCPI_CP_05_IX,Furnishings and household equipment,277.1314934618032
2025-05,PCPI_CP_05_IX,Furnishings and household equipment,277.8487336545079
2025-06,PCPI_CP_05_IX,Furnishings and household equipment,278.2219821059876
2025-07,PCPI_CP_05_IX,Furnishings and household equipment,278.73025464556093
2025-08,PCPI_CP_05_IX,Furnishings and household equipment,279.69
2025-09,PCPI_CP_05_IX,Furnishings and household equipment,280.52
2025-10,PCPI_CP_05_IX,Furnishings and household equipment,281.86
2025-11,PCPI_CP_05_IX,Furnishings and household equipment,282.83
2025-12,PCPI_CP_05_IX,Furnishings and household equipment,283.08
2026-01,PCPI_CP_05_IX,Furnishings and household equipment,283.8985615966965
2026-02,PCPI_CP_05_IX,Furnishings and household equipment,284.5024294562973
2026-03,PCPI_CP_05_IX,Furnishings and household equipment,286.14456985547145
2026-04,PCPI_CP_05_IX,Furnishings and household equipment,287.69481761871987
2026-05,PCPI_CP_05_IX,Furnishings and household equipment,292.0707019958706
2026-06,PCPI_CP_05_IX,Furnishings and household equipment,294.7436269786648
2026-07,PCPI_CP_05_IX,Furnishings and household equipment,298.01238816242255
2026-08,PCPI_CP_05_IX,Furnishings and household equipment,299.4937026841019
2022-07,PCPI_CP_06_IX,Health,171.6498786653185
2022-08,PCPI_CP_06_IX,Health,173.6370879676441
2022-09,PCPI_CP_06_IX,Health,177.44521739130437
2022-10,PCPI_CP_06_IX,Health,182.4731041456016
2022-11,PCPI_CP_06_IX,Health,186.02119817997976
2022-12,PCPI_CP_06_IX,Health,189.6330131445905
2023-01,PCPI_CP_06_IX,Health,193.12691102123358
2023-02,PCPI_CP_06_IX,Health,197.2541253791709
2023-03,PCPI_CP_06_IX,Health,197.83825581395348
2023-04,PCPI_CP_06_IX,Health,200.05745197168858
2023-05,PCPI_CP_06_IX,Health,201.94028311425683
2023-06,PCPI_CP_06_IX,Health,204.0985389282103
2023-07,PCPI_CP_06_IX,Health,208.5774924165824
2023-08,PCPI_CP_06_IX,Health,212.79692618806877
2023-09,PCPI_CP_06_IX,Health,222.30514661274015
2023-10,PCPI_CP_06_IX,Health,228.4355915065723
2023-11,PCPI_CP_06_IX,Health,232.27562689585443
2023-12,PCPI_CP_06_IX,Health,233.93392821031347
2024-01,PCPI_CP_06_IX,Health,234.59951466127401
2024-02,PCPI_CP_06_IX,Health,235.39145601617798
2024-03,PCPI_CP_06_IX,Health,236.68
2024-04,PCPI_CP_06_IX,Health,237.2901213346815
2024-05,PCPI_CP_06_IX,Health,241.166809908999
2024-06,PCPI_CP_06_IX,Health,244.56369565217392
2024-07,PCPI_CP_06_IX,Health,248.47794742163802
2024-08,PCPI_CP_06_IX,Health,250.62649140546006
2024-09,PCPI_CP_06_IX,Health,252.73572800808898
2024-10,PCPI_CP_06_IX,Health,256.50803336703746
2024-11,PCPI_CP_06_IX,Health,262.62220424671386
2024-12,PCPI_CP_06_IX,Health,265.0007431749242
2025-01,PCPI_CP_06_IX,Health,267.6485136501517
2025-02,PCPI_CP_06_IX,Health,269.1561627906977
2025-03,PCPI_CP_06_IX,Health,269.3354347826087
2025-04,PCPI_CP_06_IX,Health,270.8681496461072
2025-05,PCPI_CP_06_IX,Health,271.9107785642062
2025-06,PCPI_CP_06_IX,Health,274.2820323559151
2025-07,PCPI_CP_06_IX,Health,275.2390343781598
2025-08,PCPI_CP_06_IX,Health,277.2
2025-09,PCPI_CP_06_IX,Health,279.49
2025-10,PCPI_CP_06_IX,Health,281.37
2025-11,PCPI_CP_06_IX,Health,284.42
2025-12,PCPI_CP_06_IX,Health,285.52
2026-01,PCPI_CP_06_IX,Health,286.76315975733064
2026-02,PCPI_CP_06_IX,Health,288.52097067745194
2026-03,PCPI_CP_06_IX,Health,289.1595551061679
2026-04,PCPI_CP_06_IX,Health,290.04259352881695
2026-05,PCPI_CP_06_IX,Health,292.41004044489387
2026-06,PCPI_CP_06_IX,Health,295.1082558139535
2026-07,PCPI_CP_06_IX,Health,296.71372598584423
2026-08,PCPI_CP_06_IX,Health,299.4387462082912
2022-07,PCPI_CP_07_IX,Transport,245.2511840534734
2022-08,PCPI_CP_07_IX,Transport,244.54615898782527
2022-09,PCPI_CP_07_IX,Transport,249.963690618286
2022-10,PCPI_CP_07_IX,Transport,245.43875865361662
2022-11,PCPI_CP_07_IX,Transport,245.27376939603727
2022-12,PCPI_CP_07_IX,Transport,243.28000477440915
2023-01,PCPI_CP_07_IX,Transport,242.15249701599427
2023-02,PCPI_CP_07_IX,Transport,271.2411983767009
2023-03,PCPI_CP_07_IX,Transport,280.1998734781571
2023-04,PCPI_CP_07_IX,Transport,284.7449248030556
2023-05,PCPI_CP_07_IX,Transport,285.362475531153
2023-06,PCPI_CP_07_IX,Transport,279.238727619957
2023-07,PCPI_CP_07_IX,Transport,278.6049295774648
2023-08,PCPI_CP_07_IX,Transport,300.6828336118406
2023-09,PCPI_CP_07_IX,Transport,328.10693721651944
2023-10,PCPI_CP_07_IX,Transport,322.33217713058013
2023-11,PCPI_CP_07_IX,Transport,310.3368751492003
2023-12,PCPI_CP_07_IX,Transport,312.8605490570542
2024-01,PCPI_CP_07_IX,Transport,305.4804153735975
2024-02,PCPI_CP_07_IX,Transport,311.9329076151826
2024-03,PCPI_CP_07_IX,Transport,311.46
2024-04,PCPI_CP_07_IX,Transport,320.28183576032467
2024-05,PCPI_CP_07_IX,Transport,315.0567032704703
2024-06,PCPI_CP_07_IX,Transport,308.2291549295775
2024-07,PCPI_CP_07_IX,Transport,312.5416567199809
2024-08,PCPI_CP_07_IX,Transport,310.2166101694915
2024-09,PCPI_CP_07_IX,Transport,304.2791191215087
2024-10,PCPI_CP_07_IX,Transport,299.63414896156604
2024-11,PCPI_CP_07_IX,Transport,301.79414657436143
2024-12,PCPI_CP_07_IX,Transport,304.9778944855574
2025-01,PCPI_CP_07_IX,Transport,307.6091620911912
2025-02,PCPI_CP_07_IX,Transport,308.55043447123415
2025-03,PCPI_CP_07_IX,Transport,307.7129434232514
2025-04,PCPI_CP_07_IX,Transport,307.7467199809023
2025-05,PCPI_CP_07_IX,Transport,307.1954476008594
2025-06,PCPI_CP_07_IX,Transport,310.1004440200525
2025-07,PCPI_CP_07_IX,Transport,321.0354046311769
2025-08,PCPI_CP_07_IX,Transport,317.93
2025-09,PCPI_CP_07_IX,Transport,317.05
2025-10,PCPI_CP_07_IX,Transport,319.76
2025-11,PCPI_CP_07_IX,Transport,320.24
2025-12,PCPI_CP_07_IX,Transport,320.05
2026-01,PCPI_CP_07_IX,Transport,315.65288851754593
2026-02,PCPI_CP_07_IX,Transport,309.69296013368347
2026-03,PCPI_CP_07_IX,Transport,346.1341752208164
2026-04,PCPI_CP_07_IX,Transport,399.69506564812605
2026-05,PCPI_CP_07_IX,Transport,420.19495583671517
2026-06,PCPI_CP_07_IX,Transport,389.8712270231559
2026-07,PCPI_CP_07_IX,Transport,369.4538672714252
2026-08,PCPI_CP_07_IX,Transport,382.06133683456676
2022-07,PCPI_CP_08_IX,Communication,111.22479591836733
2022-08,PCPI_CP_08_IX,Communication,111.31875
2022-09,PCPI_CP_08_IX,Communication,111.39234693877552
2022-10,PCPI_CP_08_IX,Communication,111.8377551020408
2022-11,PCPI_CP_08_IX,Communication,111.8929336734694
2022-12,PCPI_CP_08_IX,Communication,111.9577551020408
2023-01,PCPI_CP_08_IX,Communication,112.00135204081633
2023-02,PCPI_CP_08_IX,Communication,114.35729591836736
2023-03,PCPI_CP_08_IX,Communication,117.63979591836734
2023-04,PCPI_CP_08_IX,Communication,117.80461734693877
2023-05,PCPI_CP_08_IX,Communication,118.27002551020408
2023-06,PCPI_CP_08_IX,Communication,118.32563775510204
2023-07,PCPI_CP_08_IX,Communication,118.82140306122449
2023-08,PCPI_CP_08_IX,Communication,119.14073979591836
2023-09,PCPI_CP_08_IX,Communication,119.66204081632652
2023-10,PCPI_CP_08_IX,Communication,120.0748469387755
2023-11,PCPI_CP_08_IX,Communication,120.18369897959182
2023-12,PCPI_CP_08_IX,Communication,120.19729591836735
2024-01,PCPI_CP_08_IX,Communication,134.72660714285712
2024-02,PCPI_CP_08_IX,Communication,134.73739795918365
2024-03,PCPI_CP_08_IX,Communication,134.83
2024-04,PCPI_CP_08_IX,Communication,134.85293367346938
2024-05,PCPI_CP_08_IX,Communication,134.27349489795918
2024-06,PCPI_CP_08_IX,Communication,134.52479591836735
2024-07,PCPI_CP_08_IX,Communication,134.6147193877551
2024-08,PCPI_CP_08_IX,Communication,134.6706887755102
2024-09,PCPI_CP_08_IX,Communication,134.82579081632653
2024-10,PCPI_CP_08_IX,Communication,134.845
2024-11,PCPI_CP_08_IX,Communication,134.88298469387752
2024-12,PCPI_CP_08_IX,Communication,134.88938775510204
2025-01,PCPI_CP_08_IX,Communication,134.8909693877551
2025-02,PCPI_CP_08_IX,Communication,134.8909693877551
2025-03,PCPI_CP_08_IX,Communication,134.8909693877551
2025-04,PCPI_CP_08_IX,Communication,134.9801020408163
2025-05,PCPI_CP_08_IX,Communication,135.0165051020408
2025-06,PCPI_CP_08_IX,Communication,135.16852040816326
2025-07,PCPI_CP_08_IX,Communication,135.26045918367345
2025-08,PCPI_CP_08_IX,Communication,135.31
2025-09,PCPI_CP_08_IX,Communication,135.38
2025-10,PCPI_CP_08_IX,Communication,135.62
2025-11,PCPI_CP_08_IX,Communication,135.68
2025-12,PCPI_CP_08_IX,Communication,135.72
2026-01,PCPI_CP_08_IX,Communication,135.74045918367347
2026-02,PCPI_CP_08_IX,Communication,135.74686224489795
2026-03,PCPI_CP_08_IX,Communication,135.96959183673468
2026-04,PCPI_CP_08_IX,Communication,136.11045918367347
2026-05,PCPI_CP_08_IX,Communication,136.29614795918366
2026-06,PCPI_CP_08_IX,Communication,136.3317602040816
2026-07,PCPI_CP_08_IX,Communication,153.69125
2026-08,PCPI_CP_08_IX,Communication,153.71686224489795
2022-07,PCPI_CP_09_IX,Recreation and culture,147.91278615794147
2022-08,PCPI_CP_09_IX,Recreation and culture,157.28556344276842
2022-09,PCPI_CP_09_IX,Recreation and culture,160.48717834960073
2022-10,PCPI_CP_09_IX,Recreation and culture,163.6014729370009
2022-11,PCPI_CP_09_IX,Recreation and culture,166.79700088731144
2022-12,PCPI_CP_09_IX,Recreation and culture,185.02052351375335
2023-01,PCPI_CP_09_IX,Recreation and culture,193.39659272404614
2023-02,PCPI_CP_09_IX,Recreation and culture,199.7165572315883
2023-03,PCPI_CP_09_IX,Recreation and culture,205.8648181011535
2023-04,PCPI_CP_09_IX,Recreation and culture,231.4021295474712
2023-05,PCPI_CP_09_IX,Recreation and culture,242.93139307897076
2023-06,PCPI_CP_09_IX,Recreation and culture,244.59949423247562
2023-07,PCPI_CP_09_IX,Recreation and culture,245.3376220053239
2023-08,PCPI_CP_09_IX,Recreation and culture,253.82062111801244
2023-09,PCPI_CP_09_IX,Recreation and culture,254.80136645962736
2023-10,PCPI_CP_09_IX,Recreation and culture,255.77621118012422
2023-11,PCPI_CP_09_IX,Recreation and culture,256.1407630878439
2023-12,PCPI_CP_09_IX,Recreation and culture,256.2127950310559
2024-01,PCPI_CP_09_IX,Recreation and culture,256.4114729370009
2024-02,PCPI_CP_09_IX,Recreation and culture,256.4066992014197
2024-03,PCPI_CP_09_IX,Recreation and culture,256.67
2024-04,PCPI_CP_09_IX,Recreation and culture,258.7711268855369
2024-05,PCPI_CP_09_IX,Recreation and culture,262.2676397515528
2024-06,PCPI_CP_09_IX,Recreation and culture,269.0025998225377
2024-07,PCPI_CP_09_IX,Recreation and culture,270.4647293700089
2024-08,PCPI_CP_09_IX,Recreation and culture,273.53321206743567
2024-09,PCPI_CP_09_IX,Recreation and culture,273.82715173025736
2024-10,PCPI_CP_09_IX,Recreation and culture,274.5413487133984
2024-11,PCPI_CP_09_IX,Recreation and culture,275.7756787932565
2024-12,PCPI_CP_09_IX,Recreation and culture,276.7120053238687
2025-01,PCPI_CP_09_IX,Recreation and culture,277.2689440993789
2025-02,PCPI_CP_09_IX,Recreation and culture,277.8937533274179
2025-03,PCPI_CP_09_IX,Recreation and culture,276.35866015971607
2025-04,PCPI_CP_09_IX,Recreation and culture,278.92637089618455
2025-05,PCPI_CP_09_IX,Recreation and culture,265.7217391304348
2025-06,PCPI_CP_09_IX,Recreation and culture,266.1926796805679
2025-07,PCPI_CP_09_IX,Recreation and culture,266.49384205856256
2025-08,PCPI_CP_09_IX,Recreation and culture,267.34
2025-09,PCPI_CP_09_IX,Recreation and culture,266.5
2025-10,PCPI_CP_09_IX,Recreation and culture,264.36
2025-11,PCPI_CP_09_IX,Recreation and culture,264.55
2025-12,PCPI_CP_09_IX,Recreation and culture,264.88
2026-01,PCPI_CP_09_IX,Recreation and culture,265.0679059449867
2026-02,PCPI_CP_09_IX,Recreation and culture,265.1600354924579
2026-03,PCPI_CP_09_IX,Recreation and culture,265.1495474711624
2026-04,PCPI_CP_09_IX,Recreation and culture,264.78702750665485
2026-05,PCPI_CP_09_IX,Recreation and culture,265.12002661934343
2026-06,PCPI_CP_09_IX,Recreation and culture,266.4277639751553
2026-07,PCPI_CP_09_IX,Recreation and culture,269.83490683229815
2026-08,PCPI_CP_09_IX,Recreation and culture,268.62489795918367
2022-07,PCPI_CP_10_IX,Education,159.53222346368713
2022-08,PCPI_CP_10_IX,Education,161.30842458100557
2022-09,PCPI_CP_10_IX,Education,161.3161787709497
2022-10,PCPI_CP_10_IX,Education,162.86689385474858
2022-11,PCPI_CP_10_IX,Education,163.4512625698324
2022-12,PCPI_CP_10_IX,Education,163.8863910614525
2023-01,PCPI_CP_10_IX,Education,164.0535530726257
2023-02,PCPI_CP_10_IX,Education,164.80377653631285
2023-03,PCPI_CP_10_IX,Education,166.90174301675975
2023-04,PCPI_CP_10_IX,Education,170.0233072625698
2023-05,PCPI_CP_10_IX,Education,171.62954189944134
2023-06,PCPI_CP_10_IX,Education,172.26086033519553
2023-07,PCPI_CP_10_IX,Education,172.26861452513967
2023-08,PCPI_CP_10_IX,Education,178.190938547486
2023-09,PCPI_CP_10_IX,Education,179.25069273743014
2023-10,PCPI_CP_10_IX,Education,183.7418100558659
2023-11,PCPI_CP_10_IX,Education,185.61832402234634
2023-12,PCPI_CP_10_IX,Education,186.04480446927374
2024-01,PCPI_CP_10_IX,Education,186.1533631284916
2024-02,PCPI_CP_10_IX,Education,186.1533631284916
2024-03,PCPI_CP_10_IX,Education,187.5
2024-04,PCPI_CP_10_IX,Education,196.2000782122905
2024-05,PCPI_CP_10_IX,Education,199.00022346368715
2024-06,PCPI_CP_10_IX,Education,199.58061452513965
2024-07,PCPI_CP_10_IX,Education,199.73332960893856
2024-08,PCPI_CP_10_IX,Education,200.98227932960896
2024-09,PCPI_CP_10_IX,Education,201.791061452514
2024-10,PCPI_CP_10_IX,Education,202.16271508379887
2024-11,PCPI_CP_10_IX,Education,205.21011173184357
2024-12,PCPI_CP_10_IX,Education,205.24888268156425
2025-01,PCPI_CP_10_IX,Education,205.4818100558659
2025-02,PCPI_CP_10_IX,Education,206.37948603351956
2025-03,PCPI_CP_10_IX,Education,209.89277094972064
2025-04,PCPI_CP_10_IX,Education,217.61618994413408
2025-05,PCPI_CP_10_IX,Education,219.09544134078212
2025-06,PCPI_CP_10_IX,Education,219.676
2025-07,PCPI_CP_10_IX,Education,220.14935195530725
2025-08,PCPI_CP_10_IX,Education,222.97
2025-09,PCPI_CP_10_IX,Education,223.43
2025-10,PCPI_CP_10_IX,Education,223.61
2025-11,PCPI_CP_10_IX,Education,223.61
2025-12,PCPI_CP_10_IX,Education,225.58
2026-01,PCPI_CP_10_IX,Education,226.13444692737428
2026-02,PCPI_CP_10_IX,Education,226.2767374301676
2026-03,PCPI_CP_10_IX,Education,228.85418994413408
2026-04,PCPI_CP_10_IX,Education,235.6205474860335
2026-05,PCPI_CP_10_IX,Education,237.42622346368714
2026-06,PCPI_CP_10_IX,Education,237.90690502793296
2026-07,PCPI_CP_10_IX,Education,239.9708603351955
2026-08,PCPI_CP_10_IX,Education,240.41284916201116
2022-07,PCPI_CP_11_IX,Restaurants and hotels,179.7729080535698
2022-08,PCPI_CP_11_IX,Restaurants and hotels,183.90488326343777
2022-09,PCPI_CP_11_IX,Restaurants and hotels,188.0104883263438
2022-10,PCPI_CP_11_IX,Restaurants and hotels,192.7745044595583
2022-11,PCPI_CP_11_IX,Restaurants and hotels,196.50666185726806
2022-12,PCPI_CP_11_IX,Restaurants and hotels,199.03234706184855
2023-01,PCPI_CP_11_IX,Restaurants and hotels,205.27646524123037
2023-02,PCPI_CP_11_IX,Restaurants and hotels,215.8091253934798
2023-03,PCPI_CP_11_IX,Restaurants and hotels,224.10124645850078
2023-04,PCPI_CP_11_IX,Restaurants and hotels,225.4832216683688
2023-05,PCPI_CP_11_IX,Restaurants and hotels,235.0276459862526
2023-06,PCPI_CP_11_IX,Restaurants and hotels,238.2210060334774
2023-07,PCPI_CP_11_IX,Restaurants and hotels,242.23299567154126
2023-08,PCPI_CP_11_IX,Restaurants and hotels,246.53927124863284
2023-09,PCPI_CP_11_IX,Restaurants and hotels,252.50551744493458
2023-10,PCPI_CP_11_IX,Restaurants and hotels,256.49771865163007
2023-11,PCPI_CP_11_IX,Restaurants and hotels,258.3052332109255
2023-12,PCPI_CP_11_IX,Restaurants and hotels,260.1634620933922
2024-01,PCPI_CP_11_IX,Restaurants and hotels,263.4543147954195
2024-02,PCPI_CP_11_IX,Restaurants and hotels,264.17213549321696
2024-03,PCPI_CP_11_IX,Restaurants and hotels,266.35
2024-04,PCPI_CP_11_IX,Restaurants and hotels,269.3792637723359
2024-05,PCPI_CP_11_IX,Restaurants and hotels,267.2244312697827
2024-06,PCPI_CP_11_IX,Restaurants and hotels,266.5278495541892
2024-07,PCPI_CP_11_IX,Restaurants and hotels,269.31460598132753
2024-08,PCPI_CP_11_IX,Restaurants and hotels,271.1089426812399
2024-09,PCPI_CP_11_IX,Restaurants and hotels,275.5933450946309
2024-10,PCPI_CP_11_IX,Restaurants and hotels,276.8649121198295
2024-11,PCPI_CP_11_IX,Restaurants and hotels,279.75306086062176
2024-12,PCPI_CP_11_IX,Restaurants and hotels,280.747113326525
2025-01,PCPI_CP_11_IX,Restaurants and hotels,283.34975905057854
2025-02,PCPI_CP_11_IX,Restaurants and hotels,284.2554004461733
2025-03,PCPI_CP_11_IX,Restaurants and hotels,284.7859908186844
2025-04,PCPI_CP_11_IX,Restaurants and hotels,286.41242667912496
2025-05,PCPI_CP_11_IX,Restaurants and hotels,286.96281295930135
2025-06,PCPI_CP_11_IX,Restaurants and hotels,288.8627472458228
2025-07,PCPI_CP_11_IX,Restaurants and hotels,289.9506261808018
2025-08,PCPI_CP_11_IX,Restaurants and hotels,290.5
2025-09,PCPI_CP_11_IX,Restaurants and hotels,292.46
2025-10,PCPI_CP_11_IX,Restaurants and hotels,293.73
2025-11,PCPI_CP_11_IX,Restaurants and hotels,294.7
2025-12,PCPI_CP_11_IX,Restaurants and hotels,296.37
2026-01,PCPI_CP_11_IX,Restaurants and hotels,297.23747022591164
2026-02,PCPI_CP_11_IX,Restaurants and hotels,298.2632136676737
2026-03,PCPI_CP_11_IX,Restaurants and hotels,299.3765154777169
2026-04,PCPI_CP_11_IX,Restaurants and hotels,301.53466421850914
2026-05,PCPI_CP_11_IX,Restaurants and hotels,303.29212054062293
2026-06,PCPI_CP_11_IX,Restaurants and hotels,304.40962762362136
2026-07,PCPI_CP_11_IX,Restaurants and hotels,306.49380404018484
2026-08,PCPI_CP_11_IX,Restaurants and hotels,308.22072822696913
2022-07,PCPI_CP_12_IX,Miscellaneous,180.70899408533984
2022-08,PCPI_CP_12_IX,Miscellaneous,185.66608840658964
2022-09,PCPI_CP_12_IX,Miscellaneous,192.73006314756404
2022-10,PCPI_CP_12_IX,Miscellaneous,194.4858989638975
2022-11,PCPI_CP_12_IX,Miscellaneous,199.0068172721605
2022-12,PCPI_CP_12_IX,Miscellaneous,204.98607862305641
2023-01,PCPI_CP_12_IX,Miscellaneous,211.47991728536942
2023-02,PCPI_CP_12_IX,Miscellaneous,221.35296393454757
2023-03,PCPI_CP_12_IX,Miscellaneous,226.88442166568933
2023-04,PCPI_CP_12_IX,Miscellaneous,236.14270156075816
2023-05,PCPI_CP_12_IX,Miscellaneous,246.63732734443948
2023-06,PCPI_CP_12_IX,Miscellaneous,249.1165353313046
2023-07,PCPI_CP_12_IX,Miscellaneous,251.68925156736262
2023-08,PCPI_CP_12_IX,Miscellaneous,261.490369101851
2023-09,PCPI_CP_12_IX,Miscellaneous,262.92241961990226
2023-10,PCPI_CP_12_IX,Miscellaneous,262.99950415761884
2023-11,PCPI_CP_12_IX,Miscellaneous,267.1840716855027
2023-12,PCPI_CP_12_IX,Miscellaneous,269.77062658387376
2024-01,PCPI_CP_12_IX,Miscellaneous,272.50141859700875
2024-02,PCPI_CP_12_IX,Miscellaneous,274.65287632815046
2024-03,PCPI_CP_12_IX,Miscellaneous,276.81
2024-04,PCPI_CP_12_IX,Miscellaneous,282.22154000037017
2024-05,PCPI_CP_12_IX,Miscellaneous,282.79246320039977
2024-06,PCPI_CP_12_IX,Miscellaneous,284.93497531846583
2024-07,PCPI_CP_12_IX,Miscellaneous,288.39511139712715
2024-08,PCPI_CP_12_IX,Miscellaneous,291.55682661029175
2024-09,PCPI_CP_12_IX,Miscellaneous,295.01357584312154
2024-10,PCPI_CP_12_IX,Miscellaneous,298.5434348726935
2024-11,PCPI_CP_12_IX,Miscellaneous,300.78165162019843
2024-12,PCPI_CP_12_IX,Miscellaneous,302.3527691546867
2025-01,PCPI_CP_12_IX,Miscellaneous,304.90164183666514
2025-02,PCPI_CP_12_IX,Miscellaneous,309.92290034158145
2025-03,PCPI_CP_12_IX,Miscellaneous,313.92853203992297
2025-04,PCPI_CP_12_IX,Miscellaneous,321.10767198745737
2025-05,PCPI_CP_12_IX,Miscellaneous,326.4359469907596
2025-06,PCPI_CP_12_IX,Miscellaneous,328.42713256457864
2025-07,PCPI_CP_12_IX,Miscellaneous,331.351044157989
2025-08,PCPI_CP_12_IX,Miscellaneous,333.52
2025-09,PCPI_CP_12_IX,Miscellaneous,339.02
2025-10,PCPI_CP_12_IX,Miscellaneous,352.83
2025-11,PCPI_CP_12_IX,Miscellaneous,354.92
2025-12,PCPI_CP_12_IX,Miscellaneous,360.59
2026-01,PCPI_CP_12_IX,Miscellaneous,368.84858051218714
2026-02,PCPI_CP_12_IX,Miscellaneous,381.2248098892048
2026-03,PCPI_CP_12_IX,Miscellaneous,381.76420731876203
2026-04,PCPI_CP_12_IX,Miscellaneous,379.9361946892492
2026-05,PCPI_CP_12_IX,Miscellaneous,375.49798772527765
2026-06,PCPI_CP_12_IX,Miscellaneous,368.52182638759064
2026-07,PCPI_CP_12_IX,Miscellaneous,367.12924133842733
2026-08,PCPI_CP_12_IX,Miscellaneous,374.0558593843624
2022-07,PCPI_IX,General,183.3491269953184
2022-08,PCPI_IX,General,187.84009306785492
2022-09,PCPI_IX,General,185.6779102036212
2022-10,PCPI_IX,General,194.41582943200407
2022-11,PCPI_IX,General,195.88902039032095
2022-12,PCPI_IX,General,196.85587596593155
2023-01,PCPI_IX,General,202.5295360708444
2023-02,PCPI_IX,General,211.27810085171188
2023-03,PCPI_IX,General,219.13854673134412
2023-04,PCPI_IX,General,224.4107716171245
2023-05,PCPI_IX,General,227.9616866433527
2023-06,PCPI_IX,General,227.37270376219755
2023-07,PCPI_IX,General,235.23277807546955
2023-08,PCPI_IX,General,239.269336397992
2023-09,PCPI_IX,General,244.04794771278694
2023-10,PCPI_IX,General,246.68750183315473
2023-11,PCPI_IX,General,253.15003750916577
2023-12,PCPI_IX,General,255.2350119860116
2024-01,PCPI_IX,General,259.9184769304529
2024-02,PCPI_IX,General,260.0083793502171
2024-03,PCPI_IX,General,264.46
2024-04,PCPI_IX,General,263.3207806418862
2024-05,PCPI_IX,General,254.7795961419144
2024-06,PCPI_IX,General,255.94266625303177
2024-07,PCPI_IX,General,261.3158339443849
2024-08,PCPI_IX,General,262.3247192453043
2024-09,PCPI_IX,General,260.96065979468665
2024-10,PCPI_IX,General,264.17481682554006
2024-11,PCPI_IX,General,265.46278710023125
2024-12,PCPI_IX,General,265.62724138417286
2025-01,PCPI_IX,General,266.17107789497436
2025-02,PCPI_IX,General,263.95098031473856
2025-03,PCPI_IX,General,266.2937764397315
2025-04,PCPI_IX,General,264.05729243048114
2025-05,PCPI_IX,General,263.6017001804952
2025-06,PCPI_IX,General,264.2201396017824
2025-07,PCPI_IX,General,271.94091051384737
2025-08,PCPI_IX,General,270.35
2025-09,PCPI_IX,General,276.01
2025-10,PCPI_IX,General,280.66
2025-11,PCPI_IX,General,281.78
2025-12,PCPI_IX,General,280.53
2026-01,PCPI_IX,General,281.6183050369451
2026-02,PCPI_IX,General,282.38620099836425
2026-03,PCPI_IX,General,285.72761295053306
2026-04,PCPI_IX,General,292.8060801511648
2026-05,PCPI_IX,General,294.3417001804952
2026-06,PCPI_IX,General,293.471797760731
2026-07,PCPI_IX,General,296.97135188109877
2026-08,PCPI_IX,General,300.49612668509224
