Date,Temperature,Humidity,NO2,SO2,PM2.5
2022-12-01,15.0,42.0,5.2,23.6,35.6
2022-12-02,15.6,57.0,5.4,28.7,51.0
2022-12-03,15.33,56.0,5.5,30.6,68.9
2022-12-04,15.33,58.0,5.4,31.8,75.3
2022-12-05,15.0,53.7,7.23,30.36,92.03
2022-12-06,14.33,47.0,7.56,30.63,65.16
2022-12-07,14.7,46.0,8.99,32.3,66.8
2022-12-08,15.0,48.0,10.3,34.6,70.6
2022-12-09,14.3,50.0,9.53,31.4,57.8
2022-12-10,14.0,52.0,9.33,30.1,46.2
2022-12-11,13.7,51.0,11.7,32.9,52.46
2022-12-12,13.6,52.7,12.9,33.3,53.86
2022-12-13,13.0,50.7,11.33,29.46,45.3
2022-12-14,13.7,48.0,10.9,28.66,43.7
2022-12-15,13.7,42.0,11.3,28.9,45.9
2022-12-16,13.3,39.0,11.6,31.22,49.5
2022-12-17,13.0,37.0,12.7,31.7,57.6
2022-12-18,12.7,40.0,13.55,33.8,72.0
2022-12-19,12.7,42.66,15.93,31.83,70.33
2022-12-20,13.0,43.0,14.6,33.8,84.3
2022-12-21,13.0,45.0,15.7,35.6,89.5
2022-12-22,12.7,54.0,14.3,33.5,80.0
2022-12-23,12.7,47.0,14.56,33.84,81.0
2022-12-24,12.33,42.0,13.7,32.6,74.0
2022-12-25,12.33,40.0,15.2,39.7,96.3
2022-12-26,12.0,45.0,14.81,38.6,90.0
2022-12-27,12.0,48.0,13.6,33.21,73.6
2022-12-28,12.0,50.0,13.8,31.7,72.4
2022-12-29,11.7,54.0,14.3,32.6,80.0
2022-12-30,11.7,73.0,12.4,31.6,47.8
2022-12-31,11.33,70.0,11.3,29.4,40.2
