month,indicator,label,index_2015_16_100,period,mean_brent_usd,observed_days
2025-09,PCPI_CP_01_IX,Food and non-alcoholic beverages,290.74,2025-09,67.98545454545454,22
2025-10,PCPI_CP_01_IX,Food and non-alcoholic beverages,298.58,2025-10,64.54347826086956,23
2025-11,PCPI_CP_01_IX,Food and non-alcoholic beverages,297.9,2025-11,63.797000000000004,20
2025-12,PCPI_CP_01_IX,Food and non-alcoholic beverages,291.47,2025-12,62.54428571428572,21
2026-01,PCPI_CP_01_IX,Food and non-alcoholic beverages,291.6335102956167,2026-01,66.60238095238095,21
2026-02,PCPI_CP_01_IX,Food and non-alcoholic beverages,289.14034454638124,2026-02,70.887,20
2026-03,PCPI_CP_01_IX,Food and non-alcoholic beverages,288.2238209989806,2026-03,103.13454545454546,22
2026-04,PCPI_CP_01_IX,Food and non-alcoholic beverages,293.409975127421,2026-04,117.2875,20
2026-05,PCPI_CP_01_IX,Food and non-alcoholic beverages,293.7071200815494,2026-05,107.13947368421053,19
2026-06,PCPI_CP_01_IX,Food and non-alcoholic beverages,296.52108460754334,2026-06,85.3990909090909,22
2026-07,PCPI_CP_01_IX,Food and non-alcoholic beverages,308.8558874617737,2026-07,83.75869565217391,23
2026-08,PCPI_CP_01_IX,Food and non-alcoholic beverages,313.9900440366972,2026-08,91.076,20
2025-09,PCPI_CP_07_IX,Transport,317.05,2025-09,67.98545454545454,22
2025-10,PCPI_CP_07_IX,Transport,319.76,2025-10,64.54347826086956,23
2025-11,PCPI_CP_07_IX,Transport,320.24,2025-11,63.797000000000004,20
2025-12,PCPI_CP_07_IX,Transport,320.05,2025-12,62.54428571428572,21
2026-01,PCPI_CP_07_IX,Transport,315.65288851754593,2026-01,66.60238095238095,21
2026-02,PCPI_CP_07_IX,Transport,309.69296013368347,2026-02,70.887,20
2026-03,PCPI_CP_07_IX,Transport,346.1341752208164,2026-03,103.13454545454546,22
2026-04,PCPI_CP_07_IX,Transport,399.6950656481261,2026-04,117.2875,20
2026-05,PCPI_CP_07_IX,Transport,420.1949558367152,2026-05,107.13947368421053,19
2026-06,PCPI_CP_07_IX,Transport,389.8712270231559,2026-06,85.3990909090909,22
2026-07,PCPI_CP_07_IX,Transport,369.4538672714252,2026-07,83.75869565217391,23
2026-08,PCPI_CP_07_IX,Transport,382.0613368345668,2026-08,91.076,20
2025-09,PCPI_IX,General,276.01,2025-09,67.98545454545454,22
2025-10,PCPI_IX,General,280.66,2025-10,64.54347826086956,23
2025-11,PCPI_IX,General,281.78,2025-11,63.797000000000004,20
2025-12,PCPI_IX,General,280.53,2025-12,62.54428571428572,21
2026-01,PCPI_IX,General,281.6183050369451,2026-01,66.60238095238095,21
2026-02,PCPI_IX,General,282.38620099836425,2026-02,70.887,20
2026-03,PCPI_IX,General,285.72761295053306,2026-03,103.13454545454546,22
2026-04,PCPI_IX,General,292.8060801511648,2026-04,117.2875,20
2026-05,PCPI_IX,General,294.3417001804952,2026-05,107.13947368421053,19
2026-06,PCPI_IX,General,293.471797760731,2026-06,85.3990909090909,22
2026-07,PCPI_IX,General,296.9713518810988,2026-07,83.75869565217391,23
2026-08,PCPI_IX,General,300.49612668509224,2026-08,91.076,20
