sample_id,reading_1,reading_2,label
train_2_0010,0.03840210134416111,2.8209280645292942,2
train_1_0025,3.2243031712739647,1.3003539048449722,1
train_0_0034,0.3950939410376435,-0.8360614608238761,0
train_0_0088,-0.31232610607216515,-1.018103332773901,0
train_1_0037,3.134732373902824,1.763899359599946,1
train_0_0204,-2.386295022780425,-0.6870305013961959,0
train_0_0117,1.8036906815918632,0.625363283504139,0
train_0_0277,-0.27016129900264496,-1.7435538737131149,0
train_1_0157,1.5277926379251032,3.1371434907987394,1
train_1_0032,1.8279543203875983,1.2360409812107471,1
train_0_0250,-0.06133245978410003,-0.7331458557791108,0
train_0_0420,-0.9171306322291818,-0.6581376848619486,0
train_0_0566,0.23682575061366132,-0.5400168312546155,0
train_0_0413,0.3388561685759559,-1.505328253739727,0
train_0_0518,0.3483813862493474,-0.5371695883671276,0
train_0_0221,0.8143621159794197,-0.8776930928876505,0
train_0_0002,-1.8084280697130646,-0.5949120870945281,0
train_0_0578,2.6152626153670018,0.9505200553527956,0
train_0_0398,0.1407896775405379,0.30671789747435124,0
train_2_0029,-2.0070919689263134,2.0655741173386413,2
train_0_0307,0.3261978500211887,0.8285454137477306,0
train_0_0192,-1.426249261481247,-0.5441619365162175,0
train_0_0054,2.3827787899320096,1.503743779625574,0
train_1_0068,2.2709525745537764,2.0321830340115703,1
train_0_0127,-1.6749408550828202,-0.1519687347822088,0
train_1_0005,1.4516408260705356,1.6244140387082902,1
train_0_0179,0.5866756518096315,0.2537830405722803,0
train_1_0089,0.7370480135956048,-0.33901449444351983,1
train_1_0054,0.2598140655657404,-1.0684662190500835,1
train_0_0033,0.16106556598121688,-0.3097128426079339,0
train_0_0093,-0.22325352617556343,-1.4553496680329845,0
train_1_0102,2.7811121693368364,2.6490250485063633,1
train_1_0190,3.160941311207453,1.515279112034659,1
train_0_0441,1.3966320279331788,0.7980894972471395,0
train_0_0352,-1.6747416727948177,-1.1147469312474279,0
train_0_0220,0.5059173884650535,-0.5789555636413564,0
train_0_0589,0.26529240978635016,0.778237324538516,0
train_0_0581,0.16241666829414925,-0.6474470284140599,0
train_0_0459,-1.5633051443599868,-0.8232720830156669,0
train_0_0380,0.8108851382568044,-0.18753332041161874,0
train_0_0461,-1.153147126953504,-1.8752306214486092,0
train_1_0198,1.1406384397921905,-0.4956100827243408,1
train_0_0473,0.17540373014652608,0.6977303008372436,0
train_0_0049,-0.4906626477224975,-0.17546913999820146,0
train_2_0022,-1.3692518405795433,2.812856169426175,2
train_0_0593,-0.1193123219687508,2.719120297722784,0
train_1_0179,3.144699608108854,2.949988124441666,1
train_1_0159,2.5033451612606727,1.9544602468691095,1
train_0_0342,-0.6317630470528791,-1.1595154877008513,0
train_0_0355,1.2973131186369307,0.8320971385588078,0
train_0_0285,1.2169386621152367,-1.4787994779117142,0
train_2_0005,-2.4343573288815143,1.625513685018897,2
train_0_0474,-0.17471068276558047,1.2684724986088562,0
train_2_0035,0.38555922797567355,2.6854136600351732,2
train_0_0058,-1.708895713665402,-0.8044537381319811,0
train_0_0390,-0.15262283329271004,-0.08134296273241552,0
train_0_0466,-0.8385511463187565,-1.1142837108831087,0
train_1_0013,1.9947562538595334,1.3286456981766495,1
train_2_0099,0.529420064990033,0.9555662873135604,2
train_1_0055,1.8967668843750498,1.8309642391155414,1
train_0_0150,-2.1204760840782217,-0.46832907627328446,0
train_0_0215,0.10683553704775292,0.06994642182107583,0
train_0_0269,-0.9758098089890169,-0.6729189060287315,0
train_0_0184,0.6088668815374001,0.8334121913370163,0
train_1_0115,1.0797785465662653,2.477969993468503,1
train_0_0442,-1.375653201760987,0.3015607711379256,0
train_1_0008,3.7236415984169966,1.8666589134062364,1
train_1_0158,1.02847295307354,-0.846842610427744,1
train_0_0517,0.3057266276076309,-0.3072068430323616,0
train_0_0092,-1.3499234613839166,-2.834798891874246,0
train_1_0072,2.2906242134006187,0.3578204005873658,1
train_1_0132,2.4043886686721017,1.5698723264823222,1
train_0_0249,0.10819997159817639,-2.2473283840986045,0
train_2_0063,-0.5278342751126064,1.0047670169761127,2
train_0_0237,0.9567098154480344,1.455007568774957,0
train_1_0104,2.0285372021332297,1.1564045691126974,1
train_1_0170,1.8803123208473211,1.1216230343629348,1
train_1_0024,0.2673345458567815,-0.493528824039849,1
train_0_0027,1.0370484257391448,0.8163478794369585,0
train_0_0157,1.2356035361456075,-0.1065276363583249,0
train_0_0353,0.35684281686040736,1.2678164760824961,0
train_0_0030,-0.4972324061618723,-1.1549451383352087,0
train_0_0006,-0.40206843509956036,1.040919427239532,0
train_0_0009,1.1947720661271677,0.25690883892136285,0
train_1_0096,1.5867163756339027,1.3334789012872224,1
train_0_0558,-0.22073078514357045,-0.9497045437110135,0
train_0_0508,-0.47337809320458724,-0.8695898908285735,0
train_1_0087,2.0365427756929355,0.4059886809870319,1
train_0_0130,-0.4387026921630552,0.49731474720353264,0
train_0_0557,-1.589383608650603,-1.1576150050380787,0
train_0_0584,-0.20200122531001574,-0.12960220915065204,0
train_0_0533,0.3065425056613203,-0.3506347787709393,0
train_1_0009,0.11394503216693175,1.1900002472583369,1
train_0_0547,0.3197969219340837,0.9659673869751543,0
train_0_0520,0.4382594560585652,-0.5126140974787144,0
train_0_0069,-0.3331060438517836,0.06568266655978246,0
train_2_0025,1.5212658849765068,2.201519003078289,2
train_0_0119,-1.5365191416123043,-0.4505938825984338,0
train_1_0056,1.022073343713783,0.43657645037251375,1
train_0_0128,0.9562850273663087,-1.857669787384188,0
train_0_0148,1.0107547462414774,0.4216458148341595,0
train_0_0062,-1.4326653620118373,-0.5776431659972192,0
train_0_0401,-2.1245060203814625,-0.8536049187357223,0
train_0_0183,-0.04274163151596128,-0.4828095770901376,0
train_0_0160,-1.5023835565224757,-0.6801755168723558,0
train_1_0033,1.3948833199240187,0.16103904684932657,1
train_0_0147,-0.5878969744353878,-1.6899459477520093,0
train_0_0336,0.501790137276496,-0.9516788349370668,0
train_0_0447,0.13123894089033702,-0.7511023950234409,0
train_1_0149,2.167340941964247,2.55518996400352,1
train_0_0008,-0.412604906889432,0.5112360369235877,0
train_0_0545,-1.050171633100493,-0.20547030332978247,0
train_1_0180,1.7149353218077372,1.8206948719401241,1
train_1_0061,0.48850452727569604,-0.28596611156240437,1
train_1_0027,2.0354460920351687,3.035409643702285,1
train_2_0023,-2.006041364866828,2.9202046614022583,2
train_2_0020,-1.384078011686749,3.2338035210824287,2
train_0_0576,-1.0320453316170337,-0.9725123146393322,0
train_0_0169,-0.14226691611975975,-1.8230020505978375,0
train_1_0060,3.5630596039211806,0.22553565455192293,1
train_0_0527,-0.04517661567015561,1.3528920742387032,0
train_2_0039,-0.24104610074173866,3.654933291798552,2
train_0_0158,-0.07333166818963513,1.5922342910623515,0
train_0_0335,0.677832355065771,0.47916887053461743,0
train_1_0126,-0.5632238259277109,-0.5359829620897825,1
train_0_0444,0.5317754503819301,0.25709289868192864,0
train_0_0419,0.5218901723637568,-0.23824319250576584,0
train_0_0100,-0.5537738995570599,-0.8335824618256727,0
train_1_0019,1.7239811901375472,0.8917014026572943,1
train_0_0096,1.4100533897163836,1.2108708611267365,0
train_0_0529,0.048522742334529405,-0.12001602779585134,0
train_0_0110,-0.2835073156929016,1.2094300871028227,0
train_2_0093,0.05035331124171094,2.102770774760829,2
train_0_0528,-0.3856574640821399,-0.045525357286710685,0
train_0_0165,-0.41598845307108395,-1.2512611553750412,0
train_1_0045,1.54130802065738,0.6259133281245248,1
train_0_0289,0.3645071476225505,-0.16528205593435186,0
train_0_0339,-0.8020645483172079,-0.04680372177541167,0
train_0_0350,0.6688385247830276,1.1269497438992293,0
train_1_0043,0.5703335138473691,0.5004363154244533,1
train_0_0361,0.2966284725673569,-0.24028220141798762,0
train_0_0205,0.6065188234506198,0.9161177433545287,0
train_0_0081,0.9950618262487512,-0.22662974015008913,0
train_0_0162,-0.426816062816511,0.9106660572073394,0
train_1_0046,0.17213886316050098,1.2755392625644992,1
train_1_0040,2.881441757901336,2.213669499289057,1
train_1_0174,2.63446498064892,1.6718250768503475,1
train_1_0057,2.7333273109123626,1.443989794587932,1
train_2_0084,-3.347360012530443,1.8108710008209647,2
train_0_0047,0.24729724035496245,-0.2534946182851654,0
train_2_0095,0.3171640828333836,2.1460600709591793,2
train_2_0044,1.9276362641966176,2.0447493833566632,2
train_0_0412,-2.2855767947109737,0.3097569613696126,0
train_0_0233,0.4497673141883221,0.11786799167162518,0
train_2_0043,-1.7858358497655291,0.6641304773385934,2
train_0_0317,0.8928264936651688,0.38654613803131066,0
train_0_0457,-0.8595119343426884,-0.36963645310745186,0
train_0_0247,1.5393745632147182,0.8787187558523577,0
train_1_0088,0.3836033120336737,0.7562531678928589,1
train_0_0065,0.38448853584747206,0.5611241733136471,0
train_0_0491,0.1456669505237206,-0.25710754443371775,0
train_0_0546,-1.2772016763663783,0.8344730115013776,0
train_0_0590,-0.744413447355604,-0.6465360952677424,0
train_1_0049,1.6771547396977462,0.347658661094994,1
train_1_0144,2.060478563091948,0.1890716751469338,1
train_2_0030,-0.18350200168605818,3.171862203300329,2
train_0_0154,0.6816621236601915,-0.9522563841342064,0
train_1_0199,0.47713288798546016,0.8758542569965359,1
train_0_0591,1.273976483701501,2.208256160312149,0
train_0_0197,1.2189510256673886,-0.3515902932733211,0
train_2_0041,1.3100252488190876,1.542898753674377,2
train_0_0525,-0.02629272479209022,-0.5920005555060164,0
train_0_0064,1.6681615841940145,0.14213984786459422,0
train_1_0034,1.5532013074247693,-1.225922449344676,1
train_0_0261,0.3973587137180538,-0.38111656893073476,0
train_1_0151,2.4058860087924385,-0.34723796421136655,1
train_0_0017,-0.16780819398639407,-0.45330139553337145,0
train_0_0550,1.1133476546867713,1.1148926724504775,0
train_0_0480,1.2286280207576326,-0.33213745271107215,0
train_2_0071,-0.7391369058023718,0.9231920963277465,2
train_1_0080,2.1420843915859145,0.47287739151538566,1
train_2_0057,-1.1999947815149334,2.129480360150977,2
train_0_0180,1.7198627048521469,0.9703636671128112,0
train_0_0522,0.2502413906149001,-0.17413461962947852,0
train_2_0092,-0.18095181424311169,2.0535714490947865,2
train_2_0077,-2.0349711934798487,-0.13019272888233058,2
train_0_0232,1.0182842853638567,1.020368094274938,0
train_2_0081,-1.6445045663686666,0.9764539844383333,2
train_1_0120,2.744876715033618,1.8873723546743237,1
train_0_0435,-0.8853174496390368,0.2094172789781042,0
train_2_0038,-1.034046305602411,1.6003446432085282,2
train_0_0571,-0.8733557765381683,0.17054189005605142,0
train_0_0253,0.3823832282684735,-1.3154994147258576,0
train_0_0532,1.1523879985296939,-0.8460751722947284,0
train_0_0302,-0.9499350540289196,-1.24221100002632,0
train_0_0022,-1.4078110246602038,-0.6022747435968697,0
train_0_0091,0.0380966842826174,-0.05399787403008405,0
train_0_0514,-0.8287416066743439,-0.6388913488436143,0
train_0_0286,-0.9619867435880642,-1.350591101698392,0
train_0_0167,-1.7682705934747511,-2.1144667935187185,0
train_0_0037,0.5454688287268906,0.7103038502675452,0
train_0_0482,0.6519849610751889,-1.3975980237566306,0
train_2_0031,1.0905076746741806,2.476817896644139,2
train_0_0182,-0.7689020203762184,-0.845620242506926,0
train_2_0037,-0.7014263595013537,0.876105237893305,2
train_1_0154,1.7579601579145239,0.9934806818562281,1
train_0_0384,0.6161564903259509,-0.4366220606915869,0
train_1_0187,1.9888787558464265,2.100881396897523,1
train_0_0168,0.657438239535049,-0.1349388914261896,0
train_0_0107,-0.5763961923151184,-0.35610726123707714,0
train_0_0024,-0.16743340470825244,-1.0811171455671387,0
train_0_0071,0.6396454368671077,-0.10216301115231824,0
train_1_0003,2.072002824499621,2.2913329922480097,1
train_0_0367,0.9217108304015692,-0.18496732036325692,0
train_0_0484,0.9083080211516409,0.3057200958182531,0
train_0_0104,1.4986997536845996,-0.4477310590652568,0
train_0_0320,-0.2961535576680518,-1.3268108603134272,0
train_2_0062,-2.488706790336721,2.135259308712178,2
train_0_0565,0.7113253398475642,-0.03070742985696151,0
train_2_0059,-2.2342251954148664,1.471990567412824,2
train_0_0201,-0.9404449918496294,-1.7519916155414776,0
train_1_0105,1.6938709993627963,0.5615998001480844,1
train_0_0256,0.8259237885947516,0.46837058036774915,0
train_0_0316,1.7108739505273878,2.735047326219468,0
train_0_0479,0.004069979714298544,-0.11542486600266241,0
train_0_0434,0.2399889687608121,0.5317663023403164,0
train_0_0592,0.15584026254575292,0.09838192262790557,0
train_2_0026,-0.20236564190140705,2.4558074327680615,2
train_0_0304,1.1345245876670318,2.090096063977785,0
train_2_0086,-3.912616011878136,2.795636303136644,2
train_0_0458,1.3264900867994698,-0.06216549858012155,0
train_1_0117,2.5894582607232217,2.0305126212981452,1
train_0_0279,2.264737016115997,1.3191925571684076,0
train_0_0053,-0.5690848849545685,0.3911850284385949,0
train_1_0113,2.902670228273023,0.7680133014777586,1
train_0_0082,-2.1699731085163263,0.8615978115775342,0
train_0_0126,-0.14942342195371203,1.1798724180939533,0
train_1_0175,1.1807291816802776,-0.44853674556125855,1
train_2_0036,-3.7644554922484574,2.829481372552868,2
train_0_0245,-0.25722583303681157,0.3637870513591614,0
train_0_0383,1.6526613409883537,0.0752007343978347,0
train_0_0036,0.762587939370351,-1.0306710722670471,0
train_0_0570,-0.3017757391540685,-0.04034550352201194,0
train_0_0067,0.7738148541007225,0.4179200179359217,0
train_0_0386,-0.2420176285678986,-0.6092704027256433,0
train_0_0059,-0.26274255046508144,-1.588577147452221,0
train_1_0069,1.2948613361888728,1.1640198102584105,1
train_0_0134,-0.8789252150235493,1.5911592231955807,0
train_2_0048,-0.6916176364653671,3.886307324827179,2
train_1_0176,3.8913505716368193,3.836663325142177,1
train_1_0071,1.8008677583399941,-0.8447485725418968,1
train_1_0093,-0.5771452901429512,0.23211200171400204,1
train_2_0015,-2.811551520362374,1.029348815836939,2
train_0_0500,0.7293049136855955,0.8383378573520353,0
train_0_0455,1.511045248210247,2.5938935058114896,0
train_0_0003,0.6019173752194655,0.8347356260729799,0
train_0_0266,0.17413688500182228,-0.7413178631711914,0
train_0_0103,0.42370478409775025,-0.9810639297968852,0
train_0_0489,-1.4948440112348427,-0.8236092748538322,0
train_1_0142,1.3153405595874252,0.734387361161501,1
train_0_0079,-0.3612178253890387,0.5813335876661884,0
train_1_0018,1.1144128129692468,-0.6162175211700402,1
train_0_0425,-0.46438056867439514,-0.6653850606140199,0
train_1_0031,3.0644753380705345,0.783850840902683,1
train_0_0333,-0.14384066329305104,0.8889286106357038,0
train_0_0460,-0.6357545750438138,0.35432680222455454,0
train_0_0501,-0.17626939804865965,2.068345562745049,0
train_0_0387,-0.4943939742962002,-0.2026793369605538,0
train_0_0227,0.0365943604098904,-0.8287021379397869,0
train_0_0416,-0.5116562427272245,-1.3974319167811178,0
train_0_0029,0.12012432927363352,0.8622454025722179,0
train_0_0106,2.4412078248760505,1.775626481135419,0
train_0_0429,0.8849908398756865,0.07326766119713302,0
train_0_0485,-0.5456836323864477,1.2003670614680546,0
train_0_0177,-0.814941321349746,-0.3687920349602542,0
train_1_0038,1.4923570265768433,0.0037996710657899335,1
train_0_0000,0.7398822956347668,0.7975088277910276,0
train_0_0371,-0.4430015841631615,-1.0445644823530884,0
train_0_0057,0.756719742011211,0.9416737129173537,0
train_0_0122,-0.389528502645581,-0.4561287984594619,0
train_2_0094,-1.2329146551214845,0.8855277818009827,2
train_0_0432,1.3161583276821065,-0.8939418210865409,0
train_1_0138,1.3364256229417084,0.704255842762677,1
train_0_0418,-1.072212888741765,1.4894236092141582,0
train_0_0362,0.2091965625465883,0.2759532044460051,0
train_0_0397,-0.9430115116574846,-0.8904096108130437,0
train_0_0264,0.31904545438928733,0.9010009850183752,0
train_1_0191,2.6088557914191495,1.4072913735403179,1
train_0_0186,1.3316655818691143,1.4792203663022592,0
train_1_0125,0.659806542254112,1.3291059251237138,1
train_0_0195,-0.4135909905893759,-0.11114335523769786,0
train_0_0287,-1.197925592752341,-0.5047528172774738,0
train_0_0060,-1.1548276592375524,-0.22566600478452561,0
train_1_0020,1.544522047199449,0.9466866079719214,1
train_0_0436,-1.2256288284386518,-0.8261385814394773,0
train_2_0067,-0.2723831490634781,1.3340549189143718,2
train_2_0096,1.2667781136295675,3.4087713076197,2
train_0_0149,-0.7176321080695668,0.42315492881137884,0
train_2_0051,-0.4615999985852345,2.3059299731208784,2
train_0_0438,0.14282856850600162,0.39440564558468677,0
train_0_0451,0.1202181883877577,1.6318985508165007,0
train_0_0443,1.4660068927726573,1.037814008658269,0
train_1_0097,0.5451958783857842,1.6020666354063855,1
train_0_0025,-0.8110160090556159,-0.31860516945538225,0
train_0_0141,0.18508049841107724,0.36046401126505334,0
train_0_0553,-0.15085016320468797,-0.5768012951516848,0
train_1_0134,0.3011646135075754,0.4109611561615736,1
train_0_0225,0.43551610635412646,1.0346719758695118,0
train_0_0228,0.5893568299934294,0.42124259578901935,0
train_1_0076,2.1190229544474506,0.7955712519574789,1
train_0_0370,0.259226836210801,-1.2170456803225433,0
train_0_0072,-1.4654360954538272,-0.9097210803712494,0
train_0_0290,0.9990626224536494,0.3761614460211526,0
train_0_0310,-0.24320894018474676,-2.101363137230525,0
train_0_0278,1.3843063105538769,0.5109042621835659,0
train_0_0050,0.003990161407659325,-0.6018310123864785,0
train_1_0114,0.9944637055357003,-1.08854991780307,1
train_0_0462,0.6393506769193886,0.6378199120723147,0
train_0_0089,-0.8669749780038624,1.6134105504219853,0
train_2_0054,-1.7298151236956691,1.3465812441239526,2
train_0_0044,-0.2149974561010825,0.5343196453191809,0
train_1_0165,1.8389168334316035,1.8460323153855924,1
train_0_0580,1.1101846599195118,2.182858435922084,0
train_0_0028,1.5202002490800517,0.1100309813936644,0
train_0_0039,1.8588654894527548,-0.4958760651849836,0
train_0_0086,-0.0957853681779878,0.2601137283275341,0
train_0_0599,0.9917147484165295,-0.22323129833652156,0
train_1_0100,-1.1356647811844516,-0.9204782578526596,1
train_0_0048,-0.29272403012992215,0.45343747504182774,0
train_0_0359,0.004366727314488883,0.26434287009099644,0
train_0_0497,-0.5316280534431037,-1.2474755541996951,0
train_0_0124,0.800117507989909,0.034404346984347633,0
train_0_0267,-0.5033232503710426,0.7650634533344147,0
train_0_0040,0.6597014929355016,-0.07197174936383208,0
train_0_0210,0.3928742483598722,0.3086619756776355,0
train_0_0280,0.19177328319227446,1.5732297778352262,0
train_0_0405,-0.550525727406707,-0.8787007006842281,0
train_0_0446,-1.5067802194947746,-1.1046959257693714,0
train_1_0119,0.9503084780367264,1.5876321521249537,1
train_0_0519,-3.4911416931756403,-0.9498670699987616,0
train_0_0357,0.20054997874753405,-0.1949120509685215,0
train_2_0034,-1.998335083788493,1.8836308193351408,2
train_0_0426,-0.10545645550965226,-0.8726430006191107,0
train_0_0331,-0.983965586598592,0.6911115342524957,0
train_0_0556,-0.4576839724249523,-0.7049909250629653,0
train_1_0041,1.2680054641175327,0.13110788276437413,1
train_0_0526,0.8102748423516403,0.9000413713786135,0
train_0_0448,-0.4920725495943995,-2.5102245565303742,0
train_0_0568,0.7461069754560323,-0.18289966457275797,0
train_0_0421,0.28076053571260673,0.9961974641367359,0
train_0_0334,-1.1237751944334882,-0.40892417505183776,0
train_0_0209,-0.3726557957558796,-0.5052506228004979,0
train_0_0404,0.7641923556299334,1.5157025871632352,0
train_0_0588,0.456913544919066,1.104939564407281,0
train_0_0041,-0.8452313830930266,0.8465901447137849,0
train_0_0319,-1.473122092881393,-0.3044700293318368,0
train_0_0019,0.6039289983720195,-0.4187177633632182,0
train_0_0509,0.42723250888176917,-0.025126028556393537,0
train_0_0118,-0.8936560142388033,-2.167578474286274,0
train_1_0021,1.1148368300941556,1.9707791505610128,1
train_0_0246,1.187734697097449,0.324515939966217,0
train_1_0182,1.8811754415924893,0.19621339085241907,1
train_0_0281,2.0506814962930897,2.13741183764677,0
train_1_0036,0.7546127223022018,0.49289094105629294,1
train_0_0296,-1.0020043546112354,0.8763354110634438,0
train_0_0121,1.7585867160344753,-1.0131515093117667,0
train_0_0366,-0.17303537909790287,-0.9014676256867562,0
train_0_0234,-1.0200519888813848,0.711624813309476,0
train_2_0016,2.2505410795137477,2.615227503441469,2
train_2_0078,-3.190165523570771,-0.26861617709381846,2
train_0_0004,0.5058242081438148,1.9782399598862834,0
train_2_0007,-0.7872658150491628,-0.6171341721555488,2
train_0_0255,0.09905469235779993,-0.36665040366248786,0
train_0_0598,-0.49170159706050226,-0.027576825826858137,0
train_1_0006,2.2499821684059045,-0.24861856612537636,1
train_2_0017,-0.3936786839773325,3.569036050244974,2
train_0_0494,0.7676613532244266,-1.91555003615822,0
train_2_0052,-2.9200955495708185,1.5976502232739644,2
train_0_0542,-1.5705094920245115,-1.4265373262371068,0
train_0_0271,0.3141782453016408,-0.3650039272327971,0
train_0_0045,-1.278457268716069,-1.7234149985979574,0
train_0_0294,0.45190337614911313,0.11051000532079847,0
train_0_0495,-1.584143979733827,-1.3008757234528545,0
train_1_0193,1.8333815375234854,0.4832433401542039,1
train_1_0178,2.356866141171407,0.09975585765873274,1
train_0_0216,0.09565043476301532,-0.9377323316161051,0
train_2_0058,-1.6875227651365283,1.3206897417533008,2
train_0_0265,0.6992079327592574,0.36296112012560167,0
train_2_0082,-2.943350264319949,1.0226435001255232,2
train_0_0502,-0.03854437103264892,0.43501184840015933,0
train_0_0090,0.49281088326829825,2.026533835478222,0
train_0_0507,0.38523232796459816,1.703889940169331,0
train_1_0052,1.387757673051028,0.7486983986333354,1
train_2_0053,0.514038030721747,0.2136237743799303,2
train_0_0016,0.6967588690390804,-0.6830638439887311,0
train_0_0145,0.6336748604715633,-0.4875570911810152,0
train_0_0414,0.6286496977858623,1.8810743093727846,0
train_0_0427,-1.4881005465886932,0.45508948648234027,0
train_0_0596,-0.7137961391366655,-0.3661536146135811,0
train_2_0028,-0.046617017583355014,0.5075364761088641,2
train_0_0038,0.8598787507515846,-0.10570226626486046,0
train_0_0240,2.4023099389119325,2.4495598754923638,0
train_0_0015,0.9765218663564684,-2.631022933893019,0
train_0_0139,-0.7832145293422206,0.9552690208120962,0
train_0_0187,0.41296098915485635,0.8583536598547153,0
train_0_0238,0.6676750677124472,-0.10480010822002395,0
train_1_0007,1.871799275057359,-0.11873142055919661,1
train_0_0392,0.15939680619377594,0.6062762260765258,0
train_0_0300,0.6694607720816234,0.7412169327665523,0
train_1_0156,0.9169648358116032,-0.14251913325219867,1
train_2_0013,-3.903659766057312,-0.023540977828799825,2
train_2_0089,-1.066868916334927,0.840896945329582,2
train_1_0166,1.7451603065526884,0.07597899943273534,1
train_0_0299,-0.8323168558669757,-1.3812563935802038,0
train_0_0144,0.5628758634506004,-0.020282571080111805,0
train_0_0478,0.049589587466133594,1.1577312876855268,0
train_0_0314,0.5790857288949149,2.0495852018735023,0
train_0_0475,3.3140800778509116,-0.538471546242107,0
train_1_0127,2.1500020419421233,0.2524188582954543,1
train_2_0060,0.5684745190438288,3.796765130619492,2
train_0_0099,0.09482738648921847,0.5658851580476333,0
train_2_0047,-3.143877689554275,0.32981952140478255,2
train_0_0365,-0.2992107302567646,-1.1844721764760282,0
train_0_0051,0.9110770091003955,1.0547493246497106,0
train_2_0011,0.006423063897328385,3.9710241905974693,2
train_2_0027,0.5751244205369993,2.93366548097206,2
train_0_0402,0.4408782648915942,-1.395287509710476,0
train_1_0169,2.504683101557112,-0.30166753748832886,1
train_0_0108,-2.087995437178153,-0.8633664053501535,0
train_0_0243,-1.0232348599394483,0.45468874955253186,0
train_0_0452,1.6362532029459138,2.2757976292394417,0
train_0_0583,0.07925903085273621,0.8820481941941931,0
train_1_0077,1.6375405632317253,0.061271874840707286,1
train_0_0222,0.3343848651678779,-0.9038858566830561,0
train_1_0106,1.6917371654782825,0.9694113028260889,1
train_0_0364,-0.5677456189692689,-1.7187511567584892,0
train_1_0050,3.2144466797187885,1.9730146397960502,1
train_0_0537,1.4030063909813835,0.447630493812142,0
train_0_0231,-1.793510947489006,-0.7039603041551802,0
train_2_0001,-1.7091670872029554,1.9129681416914746,2
train_0_0400,0.32908130753332293,0.22443897339521018,0
train_0_0200,0.11311341811953846,-0.40429953307261424,0
train_0_0153,-0.5899461461698098,1.2866450152157611,0
train_0_0066,0.3794938778690563,-0.5499548995492651,0
train_1_0129,2.2545574692207198,-0.455834950095946,1
train_2_0068,-3.9074301832256335,1.5707867063823588,2
train_0_0492,-0.20733640218530944,-0.7581249000876208,0
train_0_0095,0.28573666845808987,-0.19238862247903257,0
train_0_0001,0.3663061574928832,-0.9094226559501385,0
train_0_0129,0.839754398050271,-1.3145763339625667,0
train_0_0363,-0.9163357562037999,-0.28591061140531593,0
train_1_0160,0.4962747135126264,0.2763236982481192,1
train_0_0572,-1.2054180284570832,-1.2201454001728638,0
train_0_0171,-2.1046956488173625,-0.6917964161305689,0
train_0_0374,0.548978352055701,-0.37344352637865275,0
train_1_0183,2.4099305264527313,0.659308565558629,1
train_0_0379,-1.6092516415596332,-0.4226435452702444,0
train_0_0043,-1.4776717778109942,-0.7240574549020276,0
train_0_0538,1.2217661968865732,-0.4624274906435466,0
train_0_0385,-0.6978669370867623,-0.9877391703393521,0
train_0_0112,-0.5858391835113647,0.1986106067458933,0
train_2_0097,-2.3959011549831604,0.53163386269877,2
train_0_0439,0.3942767595231347,-1.7530246671286709,0
train_1_0047,2.731955661492597,1.111520315577147,1
train_0_0176,-0.7751120496791718,0.44691908235522576,0
train_1_0028,1.0755213459601114,1.3007114059244564,1
train_1_0063,2.2107412482659132,0.41805057472683993,1
train_1_0016,0.6845077999765035,-0.14417550684216285,1
train_0_0101,-0.7168968234782915,-2.013101637166979,0
train_0_0554,1.4908891934489834,-0.5105688188951891,0
train_0_0282,0.3909014837339979,1.1710076867450427,0
train_2_0046,-0.42209650023647804,2.53209043120711,2
train_0_0486,0.22386860596170094,-0.41728110137637753,0
train_0_0393,0.8684163270466584,0.5049721612317244,0
train_0_0199,-1.4626431990485127,0.8707210162616383,0
train_0_0311,1.4595448638028328,-0.4872058783099017,0
train_2_0000,-0.7644939783887097,3.0984853038229923,2
train_0_0142,1.1367798747394442,0.15787199921824385,0
train_0_0470,-1.3279150589777287,-1.398833200151607,0
train_0_0032,-0.28483887417695214,-0.18580678241819337,0
train_0_0346,-1.399187482116244,-0.3595844537321204,0
train_1_0002,0.44298808024431113,0.966889059447507,1
train_0_0506,0.4851682216084158,0.8659669916574158,0
train_1_0082,3.4459051496210016,2.0713134667444786,1
train_0_0292,-0.9851949294626209,0.31311637963107597,0
train_0_0372,-0.45642832035675573,-0.7270681457575214,0
train_0_0453,0.1071937943440916,0.17124373338794238,0
train_0_0560,0.8294766488788875,0.6319454633908984,0
train_0_0185,1.8249952849854274,0.4502041479884064,0
train_2_0074,-2.3479840720620713,2.021821852297882,2
train_0_0257,-0.4451792104867647,-0.3301416787516277,0
train_0_0343,-1.5931276858823649,-2.278120797898543,0
train_1_0177,3.6130303138243827,1.1539110238441705,1
train_2_0019,-1.182812319618256,-1.278411793438157,2
train_0_0524,0.8870897978213038,0.5744695102908766,0
train_0_0407,-1.3332399051682966,0.11045870943456038,0
train_0_0326,-1.3612013184391152,-0.6580771023872558,0
train_0_0574,-0.3283416374628329,0.4562991123689297,0
train_0_0120,0.8619852846370671,-0.23049538027428268,0
train_0_0318,0.5248198577020222,-0.9443237622867436,0
train_0_0403,-1.2104368813316866,0.6048221361890438,0
train_1_0078,1.6711490434537581,0.9235099504657975,1
train_0_0194,-2.511975588389425,0.3999059180110577,0
train_0_0569,1.2646001428320257,-0.19903578161277996,0
train_0_0348,-0.30060182218624437,0.4786664399882486,0
train_1_0131,3.0617461478968453,1.9156526705962267,1
train_0_0061,1.0320111345226688,0.9479160815338472,0
train_0_0035,-0.6513960487396709,0.4873093016336507,0
train_0_0454,1.0652502793158998,-0.6236539010227496,0
train_0_0005,-1.4107047775696588,-0.32695634075489294,0
train_1_0173,-0.33083479393918513,0.15248221054153877,1
train_1_0062,0.8573875375105051,2.7420234192747452,1
train_0_0020,2.314517585898824,-0.8748743029930914,0
train_0_0396,0.2451740926386813,-0.7898702466608182,0
train_0_0483,-2.821433588580655,0.24367112107234512,0
train_0_0471,-1.9078238287815494,-2.3684694532029646,0
train_0_0155,0.419252244513589,-0.9705681341800123,0
train_0_0356,0.040918910437416106,-2.1051635995800018,0
train_0_0543,2.6406187411637925,0.23614314035043127,0
train_2_0069,-0.7098442970224506,2.6123547336601756,2
train_0_0097,-0.7101256611266117,1.9138422779120154,0
train_0_0293,-0.08260152785412272,0.038031514874708724,0
train_2_0055,1.899229663731572,2.898865964241533,2
train_0_0395,-1.8301444634202453,-0.9424071053355052,0
train_0_0046,0.04775229827770418,0.04015215734549661,0
train_0_0295,0.049536066615670414,-0.530261543346652,0
train_1_0026,0.6777634945590636,-0.5152336336659948,1
train_2_0004,-4.6977995984179906,-0.6205876885853565,2
train_0_0011,-2.6818183637696444,-0.8866999386579557,0
train_0_0288,1.280580064025153,1.8615981780949702,0
train_1_0186,0.8942931001924239,1.410728695005521,1
train_0_0173,-0.295946000981258,0.5445963570756903,0
train_0_0170,1.3526674242165486,1.6269664059864326,0
train_0_0174,1.901132426399621,1.1922740366052498,0
train_1_0010,2.522779981063518,-0.3813153074691389,1
train_0_0373,-0.49069158422548204,0.24609326908824652,0
train_1_0146,3.3389875429253286,-0.6835850398313474,1
train_1_0188,3.7769461208926884,1.9302557240793297,1
train_0_0196,0.3179209630397634,1.6845072612960827,0
train_0_0083,-0.6032275877212936,-1.1874372631230459,0
train_0_0456,-1.3231313339276802,0.0765748248449491,0
train_0_0577,1.4373586581043425,0.7889105551029734,0
train_0_0408,-0.8244953312810399,0.1339615095757828,0
train_0_0415,-0.6574676757462585,0.024605379853919196,0
train_0_0212,0.997525230229927,0.8963007180622725,0
train_0_0368,1.7557063758094154,-0.36016488567324567,0
train_1_0030,1.6475404219955796,0.6304200649134121,1
train_0_0512,0.028542990664817587,-0.2312328930372436,0
train_0_0189,-0.022899527649011583,-0.04617487485847595,0
train_0_0394,-0.30559537825116867,-0.709561226123336,0
train_0_0472,0.580960812739531,0.3061431332614284,0
train_0_0312,-0.6379776439888826,-0.48131440554077376,0
train_1_0004,2.4104478432394876,0.8146282240229936,1
train_0_0291,0.6461699338652211,1.1171784825593558,0
train_0_0535,1.466877599027946,2.1498530737063435,0
train_0_0301,-0.7590930542643599,0.3101880187328976,0
train_1_0197,1.0949165986096663,1.175467141372281,1
train_0_0378,0.07681846687073003,-0.5270879056629799,0
train_0_0098,1.046703606853221,-0.3422600962161674,0
train_1_0091,0.6452737464726215,0.4691270446306068,1
train_1_0092,-1.3951169066117717,0.6743315303948832,1
train_0_0018,0.4701169626015963,1.6838516972135407,0
train_1_0181,3.7721058754079833,1.866581802838324,1
train_1_0139,2.0219269548479746,0.28459500327546483,1
train_1_0067,3.2935068089991617,1.7539085308956202,1
train_0_0562,-0.13635061989643146,0.8679380066486007,0
train_1_0109,1.7770564759301906,2.055591251095767,1
train_1_0185,1.829170609439494,1.0681166173487857,1
train_1_0168,2.772753302077207,-0.5387493453564238,1
train_0_0226,1.1593003655342007,0.5631768875898159,0
train_0_0175,1.2740079895228775,0.7625418296043642,0
train_0_0510,-0.6395862259009847,0.351140715648453,0
train_0_0309,0.891040398024325,-1.128688444448878,0
train_0_0275,0.4391399607189951,1.1914150050858243,0
train_0_0465,0.20668827417232286,-0.2208961700354492,0
train_0_0010,-1.310695310381922,-1.2878068230500705,0
train_0_0445,-1.0109890504979409,0.876540510323758,0
train_0_0012,-0.26357041305240914,0.7994090003387476,0
train_0_0463,-1.463497274555101,-0.4808173722534419,0
train_0_0324,-1.3266620724521492,-2.0550473273254273,0
train_1_0145,0.44597906621155814,0.3608612510431541,1
train_0_0351,-0.8527999337469285,-1.2361235623096718,0
train_0_0125,0.4251254443172727,0.3059917044254781,0
train_1_0148,2.496478882846204,1.3539985407403448,1
train_0_0273,-0.2851089153918816,0.5357365230648936,0
train_0_0078,1.2296174973321188,0.4558484619538128,0
train_1_0107,1.0610250684876958,0.807265215198591,1
train_2_0088,-0.9726586180501173,3.5009873351231593,2
train_0_0042,-0.31277521604406616,-0.2799414258714088,0
train_0_0464,-0.4669068237515169,0.5140198875971808,0
train_1_0161,0.6170019218791305,-1.265961691334118,1
train_1_0167,1.2934615618841347,3.3747801232603925,1
train_0_0585,1.1625677899495437,0.6926563590330681,0
train_0_0131,1.6266214447862548,1.1145728370983754,0
train_0_0424,-0.31686800909433943,-0.977275512448196,0
train_0_0085,-1.4858861107990065,-1.1291083192916,0
train_1_0128,1.8560628658217937,0.2364037056556687,1
train_0_0298,0.5018417497806545,-1.0244665060882203,0
train_0_0417,0.47067441172256264,0.5202810203735654,0
train_0_0305,-1.202885151613958,0.4529624226095132,0
train_0_0313,0.8707429498430378,0.9737341664124922,0
train_2_0014,-0.48272118617560156,2.377205410360429,2
train_2_0006,-0.43335778709518474,0.9874850485205405,2
train_0_0116,-0.6683067014685524,-1.2070993523940428,0
train_1_0012,2.6081542910260307,2.420938116080312,1
train_1_0108,3.0741567698781833,0.47838074450460766,1
train_0_0382,-0.7266765475580477,0.9150769169116137,0
train_0_0244,-0.7174467683206215,-0.7876812001999638,0
train_0_0531,-0.34983466749757647,-0.2256311222183644,0
train_0_0213,0.39946347347634686,0.7520918338737563,0
train_0_0503,-0.014508244567173433,0.5712741480698373,0
train_2_0061,2.5915156919276217,3.4565546296097045,2
train_2_0075,0.1021661891002088,0.09691940532223353,2
train_2_0064,-1.4715823043982474,1.8956698137446506,2
train_0_0111,-1.0967462054831736,-0.5868580426236549,0
train_0_0513,1.4298206172295806,1.2793962660727938,0
train_0_0315,-0.19328080034715203,0.007240798951389557,0
train_0_0388,-0.4926723594372221,0.8153229678245066,0
train_0_0575,0.3017906197267716,0.2819514211543413,0
train_0_0344,-1.1880163805835604,0.29797251049177503,0
train_1_0189,1.8757207479338673,0.498310732330549,1
train_0_0358,1.4988189217172396,0.5283688588778593,0
train_1_0194,1.3191193851040142,0.6676219570666763,1
train_0_0369,-0.4320378281156625,0.1890395962770503,0
train_0_0582,1.121961736909286,0.010294481554108614,0
train_0_0207,0.9383187075783925,-0.2317840530320004,0
train_2_0033,-0.8095144670225516,1.864599154112019,2
train_1_0196,2.9106678713834215,3.026505338341895,1
train_0_0229,-0.5128227265062868,0.6447587350521176,0
train_0_0272,1.0486841957414075,0.8802519681982961,0
train_0_0399,-0.1322723739055711,-0.9188140781858188,0
train_0_0260,-1.2029084983914515,-0.8037753625369897,0
train_0_0559,-0.6683802969181657,-1.4299894842210752,0
train_2_0009,-0.6233694261310511,-0.008717842690381561,2
train_0_0505,0.4453319039650442,-0.3690867693901155,0
train_0_0391,-0.5897271245682333,0.26279060212697913,0
train_0_0337,0.05609010158328619,0.3831306582172346,0
train_0_0235,0.387503695309625,0.12041698467273536,0
train_1_0000,0.4087810387778461,1.6193038045689558,1
train_1_0058,1.6038557086647833,0.9283690452962546,1
train_0_0123,-1.5974481062402945,0.09314385574037798,0
train_0_0410,0.2894016261226128,-0.7337037225468249,0
train_0_0075,0.9538000372562108,1.4115017188000354,0
train_0_0084,0.01174594645993438,0.617296632496228,0
train_2_0091,-0.3171220798146568,0.7202500393727661,2
train_0_0523,-0.018268618701773872,1.0742090603114185,0
train_1_0064,0.6229497575588903,0.8895386918897805,1
train_0_0021,1.778462522413481,-0.882834923738974,0
train_0_0239,-1.9771751715419732,-0.814626742034308,0
train_0_0133,0.08871241876232377,0.41110268644708226,0
train_2_0065,-0.5280807505840468,2.117420535114276,2
train_1_0059,1.524190339346368,0.0118154114143173,1
train_0_0146,0.0024258587224438625,-0.8054447920740587,0
train_1_0023,0.7587905176692405,0.8705798098494102,1
train_1_0136,-0.5415445447224703,2.62214340556108,1
train_0_0132,-1.0903830015256726,-0.9190872355576549,0
train_0_0330,-1.4468021084816556,0.5983740480379225,0
train_0_0114,0.0810560194966908,0.07468457705846503,0
train_0_0516,-0.4585510245676166,-0.3388768349439325,0
train_0_0218,0.3214860944143327,0.5047869807638595,0
train_2_0042,-0.745993092931218,2.0995368035754622,2
train_1_0099,1.563510081417432,0.9940452306946599,1
train_0_0567,0.6787800921909061,1.7561938369943912,0
train_0_0151,1.3214848324998507,0.052406296234862704,0
train_2_0087,-0.29671830408257727,-0.14477102085232674,2
train_0_0274,1.2377185877958081,0.23881103530383446,0
train_0_0248,1.4982745844828378,1.5482183403479937,0
train_0_0152,0.14733183354203355,0.20983800990076112,0
train_1_0073,0.19947056982635303,1.588072275734772,1
train_0_0252,-1.823017404751645,-0.09279148283777705,0
train_0_0548,-0.9408745222246674,-1.466901445121917,0
train_0_0487,-0.11450355349731178,0.5050400881978049,0
train_0_0498,1.0179041953710386,1.0449296226425187,0
train_0_0026,0.23151766167123627,-0.971515088579612,0
train_0_0230,-0.4963115758020828,-1.0744523587950066,0
train_1_0001,2.5890919707721385,1.693680064968117,1
train_0_0450,-1.2664075581307916,1.1445316250983448,0
train_1_0039,2.527821408794989,2.479948984697074,1
train_0_0595,-0.8488002528213614,-1.490865335988115,0
train_0_0597,-0.8158539937732238,0.11594419379369153,0
train_2_0079,-2.6726200257753634,2.633849972959845,2
train_1_0172,3.111141246527869,0.9970319472847413,1
train_0_0077,-0.14501258142780368,0.05726278542117197,0
train_1_0137,1.9672245244724516,1.5257937547607294,1
train_0_0105,-0.9873384615758718,-0.192310172002129,0
train_0_0191,-3.4019751684821844,-0.6600765803482862,0
train_0_0437,-1.5286149414879526,-1.1025823531248817,0
train_0_0347,0.208899665707519,1.2056815007144914,0
train_1_0111,2.49745189974166,2.6868129350469356,1
train_0_0354,0.26073546668873027,-0.02839003310912555,0
train_0_0074,-0.3328174279144592,-0.40006728561720223,0
train_1_0048,1.5663386614641994,0.8917272340007223,1
train_2_0021,-1.5330886113854358,1.7190097654792704,2
train_0_0515,0.5182127952937092,1.2046721415586787,0
train_0_0259,-0.8319385545578187,-1.7573582322414878,0
train_1_0123,1.3731279943541386,2.6441521358468476,1
train_1_0143,1.1245984878409774,0.17991792883009627,1
train_1_0081,3.039800756308052,0.32790877712648536,1
train_0_0135,0.10490996289429949,-1.098733680741388,0
train_0_0136,0.7423857994051721,0.36385639038393813,0
train_0_0276,1.0608203263993505,-0.5009118355924008,0
train_0_0430,0.2661054286474084,-0.7376392937487526,0
train_0_0115,0.6439715475026518,-1.1849445538103565,0
train_0_0223,-0.29168710081831534,-1.1721553555669313,0
train_2_0056,-0.7595639091584142,2.481573038618593,2
train_1_0015,2.7165303224467876,1.4970191908054762,1
train_0_0178,0.29511387967215413,-0.6545430623254821,0
train_0_0268,-0.3543299370462029,-0.7848770878824403,0
train_0_0198,-1.8208982542166967,-0.7427003574824524,0
train_0_0409,2.1340934831510268,1.1990483391800062,0
train_0_0375,-0.7382642286858833,0.8279338414678267,0
train_0_0321,-1.3181548081034635,-2.231799634622809,0
train_0_0113,-0.2195898965987157,0.6020563789158098,0
train_0_0389,-1.2214478654718768,-0.4816016718275879,0
train_2_0066,0.7273797194668793,0.1120630250506367,2
train_0_0102,1.2443001780886287,0.7500401680981827,0
train_1_0051,1.6400192158914677,0.4259849076446177,1
train_0_0536,-0.30085266302925756,-0.5014863765494695,0
train_1_0112,2.9693003787454897,0.9390416704282282,1
train_0_0488,0.7314425296890782,-0.3782297645498183,0
train_0_0332,-1.2201624451719462,-1.0722904550719925,0
train_0_0214,-0.6346400412270264,-0.9576890877375035,0
train_1_0086,0.5338021754876721,-1.5338973369784739,1
train_0_0328,0.5137265167928926,2.1005481428205552,0
train_0_0284,0.6018001666877862,0.2470993258951381,0
train_0_0586,0.9529923983916321,0.05866299450298018,0
train_0_0070,0.5162108267410158,-1.9357863314182342,0
train_0_0138,0.19601711678344827,-0.0485658453093754,0
train_0_0306,0.5083159905685852,1.370092363247271,0
train_0_0014,-0.16135404881134094,1.3491798229776422,0
train_1_0164,1.7325244094302847,2.16622581103523,1
train_1_0116,1.4255601071977462,1.538558785441893,1
train_0_0190,-0.5158053475416449,-1.2631868151687264,0
train_0_0555,-1.004046184200592,0.19287510827543025,0
train_1_0124,1.8828046628378223,1.5655263746024963,1
train_0_0468,-0.6375932708726624,-1.4388933056074353,0
train_1_0029,2.668946034364387,2.3759239098017986,1
train_1_0162,2.5894613400577895,1.9913552616949033,1
train_2_0049,-2.0278602804187322,1.776498364915541,2
train_1_0147,2.9353308138625414,-0.19589379172723786,1
train_0_0467,1.068321730370271,1.7058206857114935,0
train_1_0163,0.5598357461904264,2.4655771770261308,1
train_1_0066,0.6527441881647045,-0.09856852281563921,1
train_1_0141,1.065866608928782,1.2840053933755113,1
train_2_0045,-1.0913410511517057,0.5014193619540461,2
train_0_0551,-0.8489242324382715,0.5419201241744933,0
train_1_0094,1.6069926990332504,0.7248969407869924,1
train_1_0022,1.9369183996421726,1.9141402630736066,1
train_0_0163,-1.1992753424678728,0.5001304246190008,0
train_1_0083,1.4651131596597031,0.5649304256601622,1
train_0_0476,-0.9103573359003485,0.32497024066326713,0
train_0_0511,0.9029620836898924,-0.7865721832582071,0
train_0_0552,2.1609742257031064,-0.25360448151969683,0
train_1_0079,3.2463598973499526,1.1727166710411265,1
train_0_0573,0.8765756049460147,0.9127747517888781,0
train_2_0072,-0.36565558464010184,3.3088005654979327,2
train_0_0217,1.1147396131557579,0.7099136717508735,0
train_1_0090,0.9226783813389509,0.4855435313737781,1
train_1_0042,0.7407442448935906,3.4791708739176883,1
train_0_0236,-0.8318249934317672,0.35010736468100245,0
train_2_0070,-2.265763637206839,1.1137491537508313,2
train_0_0493,0.3894448098427957,-1.462515792337918,0
train_2_0080,-0.7588311205745744,1.29539176762651,2
train_1_0095,1.288196610098817,1.7861380581418997,1
train_0_0087,1.598093902016965,0.7036128444230296,0
train_0_0202,-1.8467484229783138,-0.12092054436764177,0
train_2_0012,-2.728752912830632,1.2572532642968803,2
train_2_0076,0.25540960869091767,2.162619483146803,2
train_1_0085,1.8456523031878302,1.5770580980291193,1
train_0_0251,0.5813968797853125,0.33706002148671343,0
train_2_0008,-0.20910618974533463,1.348362757626398,2
train_0_0270,1.9652435184426331,0.2961408007106924,0
train_0_0143,0.020372992387132475,0.39255752204948247,0
train_0_0481,-0.48043123739221616,-0.7307173070997648,0
train_1_0140,1.5395931267955327,0.6999166933944527,1
train_0_0322,-2.1066282035520745,0.11578723187130047,0
train_0_0539,-0.6351484606552998,-0.6085481459266499,0
train_0_0007,1.9502340587645388,2.0387336891793097,0
train_0_0377,0.27589998398545773,2.0122311861134765,0
train_0_0431,-0.33992975127698694,-0.8947151029534985,0
train_0_0211,0.1929458661922692,0.9850852931978262,0
train_1_0155,-0.16449503548500233,1.6912843734979721,1
train_0_0422,-2.6790096034542565,0.3393601217910849,0
train_0_0564,-0.9779742183340359,0.011446704866182655,0
train_0_0433,-0.11098443190188031,1.4944962667170127,0
train_0_0303,0.34864248396711783,-0.4509479871893246,0
train_1_0017,2.6844335898746277,2.2095739624002997,1
train_2_0083,-1.8448086517057805,0.1304071119011938,2
train_1_0184,0.7501904643033254,-0.38584334142609533,1
train_0_0263,-0.5429662871873431,0.5024251123574469,0
train_0_0063,-0.2861367783265963,-1.3144011787354708,0
train_1_0135,3.2899791021002214,0.626990478831146,1
train_0_0262,0.11529395774079806,1.7377971812927169,0
train_0_0224,-0.3048596735300579,-0.07620793956131995,0
train_0_0349,0.5904655101996654,2.4873817810485477,0
train_0_0283,0.04670545118643617,0.5260332501607001,0
train_1_0153,2.5498463154123163,-0.3950271937825236,1
train_1_0074,1.400280144123544,0.2643084518747463,1
train_0_0423,0.08830318184654665,-1.1599604688118594,0
train_2_0024,-0.6913776564275305,0.46534733047821764,2
train_2_0090,-2.3053156298116186,0.8855735726701537,2
train_2_0002,-1.3017366165532231,1.0239609911670655,2
train_0_0549,1.6586854717892774,1.008559658115163,0
train_1_0195,0.9162199690087889,1.407432829107695,1
train_0_0341,-2.7618152977287025,0.8964270837957128,0
train_0_0164,-0.9896741282124802,-1.272901401310894,0
train_0_0193,1.099746327883785,0.22589941299655786,0
train_0_0345,-0.24261187961162367,0.5601122966833222,0
train_0_0023,0.8658536764712623,1.1191956361863542,0
train_1_0035,1.8843230332124645,1.747176879251716,1
train_0_0172,0.8761618100157307,0.17610897734452258,0
train_2_0050,-0.7560243900540258,0.3692098944219968,2
train_0_0076,2.1510094182425545,1.7522942465521552,0
train_0_0496,0.763476795993207,0.44605590099966863,0
train_0_0530,1.3314007538376114,-1.6166750484157424,0
train_0_0406,-1.3981645298765355,0.11662778138541513,0
train_0_0329,-1.0939101765967694,-0.033846819257623395,0
train_0_0188,-1.1297857456783595,-0.3559479938746497,0
train_1_0133,2.710820845078228,0.5046673997664206,1
train_0_0499,-0.26237359460926374,-0.3981177363564611,0
train_0_0156,-0.5335582932792885,0.7070337751165321,0
train_0_0477,-0.16587197477166016,-0.45153683149935986,0
train_1_0084,0.6460238489807363,1.1430658710750525,1
train_0_0594,-0.4122236402464768,-0.11568345989040753,0
train_0_0206,1.3213746901156103,0.8559233277874305,0
train_0_0504,1.326566464089,0.6569891512798001,0
train_0_0052,0.1493860886590505,-0.6715066841758601,0
train_1_0014,1.4887825356759619,-1.2177240729956054,1
train_0_0579,-0.26216831493420617,-0.0830520576092892,0
train_0_0140,-0.08056403695738805,-0.06531000636649786,0
train_2_0085,-1.410685361330024,1.8026918972344708,2
train_0_0587,-1.1669485949513,-0.9692914461806177,0
train_0_0109,-0.4286938528440824,-2.1477116699883907,0
train_2_0032,1.1643402572332837,-0.6236915009410551,2
train_0_0381,1.2445362054034057,0.11493593910469996,0
train_0_0161,-0.6077992800966612,-0.8029229053901538,0
train_0_0181,-0.7841799522092981,-0.49643831012557194,0
train_1_0101,1.7110170453143825,0.9926936803252624,1
train_0_0055,-0.5892873730517467,-1.292853201214405,0
train_2_0098,-2.438326248211333,1.9077953571816912,2
train_1_0152,-0.08391880846477351,-1.7895226819952563,1
train_0_0376,-0.9261130747561929,-0.09170430888555878,0
train_0_0242,0.21184645136149607,-0.6021612373321305,0
train_0_0541,0.096187139653865,1.1381053462386426,0
train_0_0534,-0.14515315255849917,-0.11902435242109174,0
train_0_0013,-0.8764554945067758,-0.61729061525376,0
train_1_0122,1.9000904585240121,-0.3982933609541377,1
train_2_0073,-0.4903949450531833,0.9910847310856216,2
train_0_0449,-0.10874813994220449,-0.5477374247361811,0
train_1_0110,1.746127799021695,2.5540864984392773,1
train_0_0203,-0.7798328478729516,0.014992813898150326,0
train_1_0103,3.024639231535533,2.476423950759398,1
train_0_0338,-0.3657166160662499,-1.8080950972511978,0
train_0_0323,0.10829031369625626,-2.192855582148076,0
train_1_0011,1.7830586810250344,1.9639925314516005,1
train_0_0327,0.4989568864288873,-0.17834239222663176,0
train_0_0469,0.9079629679900578,0.4932624848682797,0
train_0_0544,-0.6589822899923493,0.0802187412567367,0
train_1_0130,0.05117701910212746,0.9161870269788026,1
train_0_0031,2.0453101638729487,0.7819946137134591,0
train_1_0150,2.995199729556937,0.9933203312257358,1
train_0_0094,0.9761582797418754,-0.06334106693979402,0
train_1_0171,1.9452327780593701,-0.9063919214559513,1
train_1_0065,0.8223874876078597,-0.8742265410680166,1
train_0_0137,0.5707050343849381,0.5892056115737003,0
train_1_0075,2.0504913477868305,2.132774491421987,1
train_1_0098,0.8686082440749253,0.10866615500490096,1
train_0_0241,0.017075353897599257,1.2899902105365146,0
train_1_0044,0.045850175273897564,0.8968541909765527,1
train_0_0056,-0.946902920869892,-0.9977328134853664,0
train_1_0053,1.57899720306862,-0.5044672435250206,1
train_1_0070,2.3318813759156507,1.1998485170641189,1
train_0_0258,-0.23457964096490785,0.3251628331507508,0
train_0_0073,-0.5692335751700784,-0.960394444802537,0
train_0_0166,-0.8448893925255254,-0.8271262675480657,0
train_0_0340,-0.11318235432132942,1.530682218754027,0
train_0_0254,0.19431584953132547,0.11895527471057132,0
train_2_0040,-1.24982216617576,0.43564321547568774,2
train_0_0561,-0.25146001219249675,1.3909581650869924,0
train_0_0490,0.8878510363208235,0.8758743680235976,0
train_0_0159,-0.44280168044963103,-1.6616912648226945,0
train_0_0308,0.6106666417691308,1.1203771045639477,0
train_1_0118,1.551174711823282,-1.1057681897681821,1
train_0_0440,1.5596963832091337,-0.22638893730080978,0
train_1_0121,1.3562460876869604,-1.9406924389164557,1
train_0_0540,-0.12835695240601375,0.013732962847982678,0
train_0_0297,0.018110993989638488,-2.049621243715229,0
train_0_0563,-0.12290048827423121,-0.2950358600252062,0
train_0_0325,1.2290846940337097,-0.13017703628605343,0
train_0_0411,-0.0701740875690804,-0.9596892689712782,0
train_0_0219,-0.2765313456512424,0.19123104161584376,0
train_0_0068,-0.42682827348644753,1.0936811703445077,0
train_0_0428,0.39266141286224304,-0.11416746540559752,0
train_1_0192,0.8293628975043714,-0.9150255153842284,1
train_2_0003,-0.5663071855265973,0.6702030188794834,2
train_0_0360,0.7886337019826699,0.32742489296578675,0
train_2_0018,-3.7732871627009335,1.3567220299467246,2
train_0_0208,-0.8715136936910146,-0.713061768498912,0
train_0_0521,-2.174919102688095,-1.4874507078455994,0
train_0_0080,-0.07125114228825044,1.4297921824510011,0
