guid,title,link,pub_date,category,author
https://www.dawn.com/news/2033772,Pakistan will be there to defend Saudi Arabia in any conflict: Khawaja Asif,https://www.dawn.com/news/2033772/pakistan-will-be-there-to-defend-saudi-arabia-in-any-conflict-khawaja-asif,"Wed, 30 Sep 2026 20:54:37 +0500",Pakistan,none@none.com (News Desk)
https://www.dawn.com/news/2033760,FBR extends deadline for filing income tax returns to Oct 15,https://www.dawn.com/news/2033760/fbr-extends-deadline-for-filing-income-tax-returns-to-oct-15,"Thu, 01 Oct 2026 00:44:16 +0500",Business,none@none.com (News Desk)
https://www.dawn.com/news/2033780,"Govt reduces petrol price by Re0.14 per litre, high-speed diesel rate by Rs1.89",https://www.dawn.com/news/2033780/govt-reduces-petrol-price-by-re014-per-litre-high-speed-diesel-rate-by-rs189,"Wed, 30 Sep 2026 23:13:24 +0500",Business,none@none.com (News Desk)
https://www.dawn.com/news/2033788,"Govt defends decision to buy 45 bulletproof vehicles for SCO moot, says available 2016 models 'far below' standards",https://www.dawn.com/news/2033788/govt-defends-decision-to-buy-45-bulletproof-vehicles-for-sco-moot-says-available-2016-models-far-below-standards,"Wed, 30 Sep 2026 22:59:58 +0500",Pakistan,none@none.com (Syed Irfan Raza)
https://www.dawn.com/news/2033782,"UN experts call for immediate release of Imaan and Hadi, dropping 'unfounded charges' against the couple",https://www.dawn.com/news/2033782/un-experts-call-for-immediate-release-of-imaan-and-hadi-dropping-unfounded-charges-against-the-couple,"Wed, 30 Sep 2026 22:40:19 +0500",Pakistan,none@none.com (News Desk)
https://www.dawn.com/news/2033728,Israel-bound plane rerouted to Saudi Arabia; pilots wounded in reported fight,https://www.dawn.com/news/2033728/israel-bound-plane-rerouted-to-saudi-arabia-pilots-wounded-in-reported-fight,"Wed, 30 Sep 2026 23:59:09 +0500",World,none@none.com (Reuters)
https://www.dawn.com/news/2033784,Minister says federal govt 'seriously considering' imposition of emergency in KP,https://www.dawn.com/news/2033784/minister-says-federal-govt-seriously-considering-imposition-of-emergency-in-kp,"Wed, 30 Sep 2026 23:09:26 +0500",Pakistan,none@none.com (News Desk)
https://www.dawn.com/news/2033759,"3 Pakistanis among 5 crew lost during operation to recover ship hijacked by Somali pirates, FO confirms",https://www.dawn.com/news/2033759/3-pakistanis-among-5-crew-lost-during-operation-to-recover-ship-hijacked-by-somali-pirates-fo-confirms,"Wed, 30 Sep 2026 18:25:51 +0500",Pakistan,none@none.com (News Desk)
https://www.dawn.com/news/2033785,Modi speaks with Trump as India seeks interim deal with US,https://www.dawn.com/news/2033785/modi-speaks-with-trump-as-india-seeks-interim-deal-with-us,"Wed, 30 Sep 2026 22:03:47 +0500",World,none@none.com (Reuters)
https://www.dawn.com/news/2033713,Tarar warns India's unilateral actions on IWT may have implications for water governance globally,https://www.dawn.com/news/2033713/tarar-warns-indias-unilateral-actions-on-iwt-may-have-implications-for-water-governance-globally,"Wed, 30 Sep 2026 15:27:54 +0500",Pakistan,none@none.com (News Desk)
https://www.dawn.com/news/2033737,Lahore to celebrate 10-day Basant festival from Jan 29 to Feb 7 next year,https://www.dawn.com/news/2033737/lahore-to-celebrate-10-day-basant-festival-from-jan-29-to-feb-7-next-year,"Wed, 30 Sep 2026 15:12:56 +0500",Pakistan,none@none.com (Amjad Mahmood)
https://www.dawn.com/news/2033775,"Shark stranded in South Korean canal draws 600,000 visitors as rescue bid fails",https://www.dawn.com/news/2033775/shark-stranded-in-south-korean-canal-draws-600000-visitors-as-rescue-bid-fails,"Wed, 30 Sep 2026 20:04:00 +0500",World,none@none.com (Reuters)
https://www.dawn.com/news/2033761,"Aleem orders NHA to work with foreign experts on road engineering, highway design",https://www.dawn.com/news/2033761/aleem-orders-nha-to-work-with-foreign-experts-on-road-engineering-highway-design,"Wed, 30 Sep 2026 19:06:20 +0500",Pakistan,none@none.com (Syed Irfan Raza)
https://www.dawn.com/news/2033731,Lahore police granted 3-day physical remand of woman in connection with Azeri national's rape case,https://www.dawn.com/news/2033731/lahore-police-granted-3-day-physical-remand-of-woman-in-connection-with-azeri-nationals-rape-case,"Wed, 30 Sep 2026 15:04:13 +0500",Pakistan,none@none.com (Wajih Ahmad Sheikh)
https://www.dawn.com/news/2033700,Iraq PM hails new era of 'sovereignty' after US-led coalition exit,https://www.dawn.com/news/2033700/iraq-pm-hails-new-era-of-sovereignty-after-us-led-coalition-exit,"Wed, 30 Sep 2026 15:47:31 +0500",World,none@none.com (AFP)
https://www.dawn.com/news/2033736,Lawyers criticise FCC judgement setting aside IHC verdict in workplace harassment case,https://www.dawn.com/news/2033736/lawyers-criticise-fcc-judgement-setting-aside-ihc-verdict-in-workplace-harassment-case,"Wed, 30 Sep 2026 21:16:03 +0500",Pakistan,none@none.com (News Desk)
https://www.dawn.com/news/2033727,Bahawalpur teenager sent to jail for alleged AI-assisted attempt to poison father,https://www.dawn.com/news/2033727/bahawalpur-teenager-sent-to-jail-for-alleged-ai-assisted-attempt-to-poison-father,"Wed, 30 Sep 2026 15:29:25 +0500",Pakistan,none@none.com (Wajih Ahmad Sheikh)
https://www.dawn.com/news/2033708,3 terrorists killed in IBO in KP's Mir Ali: state media,https://www.dawn.com/news/2033708/3-terrorists-killed-in-ibo-in-kps-mir-ali-state-media,"Wed, 30 Sep 2026 11:18:12 +0500",Pakistan,none@none.com (News Desk)
https://www.dawn.com/news/2033707,Swedish rights prize honours Pakistani human rights lawyer Jalila Haider,https://www.dawn.com/news/2033707/swedish-rights-prize-honours-pakistani-human-rights-lawyer-jalila-haider,"Wed, 30 Sep 2026 10:54:46 +0500",World,none@none.com (AFPNews Desk)
https://www.dawn.com/news/2033734,Mystery over UK airbase scare as police find petrol not explosives,https://www.dawn.com/news/2033734/mystery-over-uk-airbase-scare-as-police-find-petrol-not-explosives,"Wed, 30 Sep 2026 14:17:08 +0500",World,none@none.com (AFP)
https://www.dawn.com/news/2033724,Pakistani special forces participate in joint training exercise Eternal Brotherhood-5,https://www.dawn.com/news/2033724/pakistani-special-forces-participate-in-joint-training-exercise-eternal-brotherhood-5,"Wed, 30 Sep 2026 12:26:40 +0500",Pakistan,none@none.com (News Desk)
https://www.dawn.com/news/2033710,Pakistan men’s squash team seal bronze and semi-final spot as women's campaign ends,https://www.dawn.com/news/2033710/pakistan-mens-squash-team-seal-bronze-and-semi-final-spot-as-womens-campaign-ends,"Wed, 30 Sep 2026 11:15:35 +0500",Sport,none@none.com (Dawn Sport)
https://www.dawn.com/news/2033746,The fightback in Bandung and Pakistan football’s reality,https://www.dawn.com/news/2033746/the-fightback-in-bandung-and-pakistan-footballs-reality,"Wed, 30 Sep 2026 16:21:21 +0500",Sport,none@none.com (Mir Shabbar Ali)
https://www.dawn.com/news/2033667,"Ahead of deal on Hormuz, US and Iran ramp up the rhetoric again",https://www.dawn.com/news/2033667/ahead-of-deal-on-hormuz-us-and-iran-ramp-up-the-rhetoric-again,"Wed, 30 Sep 2026 07:35:10 +0500",World,none@none.com (Agencies)
https://www.dawn.com/news/2033664,IMF-linked plan to boost local currency bond market unveiled,https://www.dawn.com/news/2033664/imf-linked-plan-to-boost-local-currency-bond-market-unveiled,"Wed, 30 Sep 2026 07:27:30 +0500",Pakistan,none@none.com (Khaleeq Kiani)
