model_group,manufacturer
BAIC D20,BAIC
BAIC D20 Sazgar,BAIC
Daihatsu Cuore,Daihatsu
Honda Cars (Civic & City),Honda
Honda City,Honda
Honda Civic,Honda
DEWAN Honri-Ve,Honri
Hyundai Elantra,Hyundai
Hyundai Santro,Hyundai
Hyundai Sonata,Hyundai
Suzuki Alto,Suzuki
Suzuki Bolan,Suzuki
Suzuki Cultus,Suzuki
Suzuki Every,Suzuki
Suzuki Liana,Suzuki
Suzuki Mehran,Suzuki
Suzuki Swift,Suzuki
Suzuki WagonR,Suzuki
Toyota (Corolla & Yaris),Toyota
"Toyota (Corolla, Yaris & Corolla Cross)",Toyota
Toyota Corolla,Toyota
Toyota Yaris,Toyota
