category,title,price_gbp,price_excl_tax,price_incl_tax,tax,rating,in_stock,stock_count,upc,product_type,num_reviews,description,product_url,image_url,listing_page,scraped_utc
Travel,It's Only the Himalayas,45.17,45.17,45.17,0.0,2,True,19,a22124811bfa8350,Books,0,"“Wherever you go, whatever you do, just . . . don’t do anything stupid.” —My MotherDuring her yearlong adventure backpacking from South Africa to Singapore, S. Bedford definitely did a few things her mother might classify as ""stupid."" She swam with great white sharks in South Africa, ran from lions in Zimbabwe, climbed a Himalayan mountain without training in Nepal, and wa “Wherever you go, whatever you do, just . . . don’t do anything stupid.” —My MotherDuring her yearlong adventure backpacking from South Africa to Singapore, S. Bedford definitely did a few things her mother might classify as ""stupid."" She swam with great white sharks in South Africa, ran from lions in Zimbabwe, climbed a Himalayan mountain without training in Nepal, and watched as her friend was attacked by a monkey in Indonesia.But interspersed in those slightly more crazy moments, Sue Bedfored and her friend ""Sara the Stoic"" experienced the sights, sounds, life, and culture of fifteen countries. Joined along the way by a few friends and their aging fathers here and there, Sue and Sara experience the trip of a lifetime. They fall in love with the world, cultivate an appreciation for home, and discover who, or what, they want to become.It's Only the Himalayas is the incredibly funny, sometimes outlandish, always entertaining confession of a young backpacker that will inspire you to take your own adventure. ...more",https://books.toscrape.com/catalogue/its-only-the-himalayas_981/index.html,https://books.toscrape.com/media/cache/6d/41/6d418a73cc7d4ecfd75ca11d854041db.jpg,https://books.toscrape.com/catalogue/category/books/travel_2/index.html,2026-10-01T03:50:35+00:00
Travel,Full Moon over Noah’s Ark: An Odyssey to Mount Ararat and Beyond,49.43,49.43,49.43,0.0,4,True,15,ce60436f52c5ee68,Books,0,"Acclaimed travel writer Rick Antonson sets his adventurous compass on Mount Ararat, exploring the region’s long history, religious mysteries, and complex politics.Mount Ararat is the most fabled mountain in the world. For millennia this massif in eastern Turkey has been rumored as the resting place of Noah’s Ark following the Great Flood. But it also plays a significant ro Acclaimed travel writer Rick Antonson sets his adventurous compass on Mount Ararat, exploring the region’s long history, religious mysteries, and complex politics.Mount Ararat is the most fabled mountain in the world. For millennia this massif in eastern Turkey has been rumored as the resting place of Noah’s Ark following the Great Flood. But it also plays a significant role in the longstanding conflict between Turkey and Armenia.Author Rick Antonson joined a five-member expedition to the mountain’s nearly 17,000-foot summit, trekking alongside a contingent of Armenians, for whom Mount Ararat is the stolen symbol of their country. Antonson weaves vivid historical anecdote with unexpected travel vignettes, whether tracing earlier mountaineering attempts on the peak, recounting the genocide of Armenians and its unresolved debate, or depicting the Kurds’ ambitions for their own nation’s borders, which some say should include Mount Ararat.What unfolds in Full Moon Over Noah’s Ark is one man’s odyssey, a tale told through many stories. Starting with the flooding of the Black Sea in 5600 BCE, through to the Epic of Gilgamesh and the contrasting narratives of the Great Flood known to followers of the Judaic, Christian and Islamic religions, Full Moon Over Noah’s Ark takes readers along with Antonson through the shadows and broad landscapes of Turkey, Iraq, Iran and Armenia, shedding light on a troubled but fascinating area of the world. ...more",https://books.toscrape.com/catalogue/full-moon-over-noahs-ark-an-odyssey-to-mount-ararat-and-beyond_811/index.html,https://books.toscrape.com/media/cache/fe/8a/fe8af6ceec7718986380c0fde9b3b34f.jpg,https://books.toscrape.com/catalogue/category/books/travel_2/index.html,2026-10-01T03:50:38+00:00
Travel,See America: A Celebration of Our National Parks & Treasured Sites,48.87,48.87,48.87,0.0,3,True,14,f9705c362f070608,Books,0,"To coincide with the 2016 centennial anniversary of the National Parks Service, the Creative Action Network has partnered with the National Parks Conservation Association to revive and reimagine the legacy of WPA travel posters. Artists from all over the world have participated in the creation of this new, crowdsourced collection of See America posters for a modern era. Fe To coincide with the 2016 centennial anniversary of the National Parks Service, the Creative Action Network has partnered with the National Parks Conservation Association to revive and reimagine the legacy of WPA travel posters. Artists from all over the world have participated in the creation of this new, crowdsourced collection of See America posters for a modern era. Featuring artwork for 75 national parks and monuments across all 50 states, this engaging keepsake volume celebrates the full range of our nation's landmarks and treasured wilderness. ...more",https://books.toscrape.com/catalogue/see-america-a-celebration-of-our-national-parks-treasured-sites_732/index.html,https://books.toscrape.com/media/cache/c7/1a/c71a85dbf8c2dbc75cb271026618477c.jpg,https://books.toscrape.com/catalogue/category/books/travel_2/index.html,2026-10-01T03:50:40+00:00
Travel,Vagabonding: An Uncommon Guide to the Art of Long-Term World Travel,36.94,36.94,36.94,0.0,2,True,8,1809259a5a5f1d8d,Books,0,"With a new foreword by Tim Ferriss •There’s nothing like vagabonding: taking time off from your normal life—from six weeks to four months to two years—to discover and experience the world on your own terms. In this one-of-a-kind handbook, veteran travel writer Rolf Potts explains how anyone armed with an independent spirit can achieve the dream of extended overseas travel. With a new foreword by Tim Ferriss • There’s nothing like vagabonding: taking time off from your normal life—from six weeks to four months to two years—to discover and experience the world on your own terms. In this one-of-a-kind handbook, veteran travel writer Rolf Potts explains how anyone armed with an independent spirit can achieve the dream of extended overseas travel. Now completely revised and updated, Vagabonding is an accessible and inspiring guide to   • financing your travel time • determining your destination • adjusting to life on the road • working and volunteering overseas • handling travel adversity • re-assimilating back into ordinary life  Praise for Vagabonding  “A crucial reference for any budget wanderer.”—Time  “Vagabonding easily remains in my top-10 list of life-changing books. Why? Because one incredible trip, especially a long-term trip, can change your life forever. And Vagabonding teaches you how to travel (and think), not just for one trip, but for the rest of your life.”—Tim Ferriss, from the foreword   “The book is a meditation on the joys of hitting the road. . . . It’s also a primer for those with a case of pent-up wanderlust seeking to live the dream.”—USA Today   “I couldn’t put this book down. It’s a whole different ethic of travel. . . . [Potts’s] practical advice might just convince you to enjoy that open-ended trip of a lifetime.”—Rick Steves   “Potts wants us to wander, to explore, to embrace the unknown, and, finally, to take our own damn time about it. I think this is the most sensible book of travel-related advice ever written.”—Tim Cahill, founding editor of Outside ...more",https://books.toscrape.com/catalogue/vagabonding-an-uncommon-guide-to-the-art-of-long-term-world-travel_552/index.html,https://books.toscrape.com/media/cache/ca/30/ca30b1afe1e76ce7ba1db8176d398e53.jpg,https://books.toscrape.com/catalogue/category/books/travel_2/index.html,2026-10-01T03:50:42+00:00
Travel,Under the Tuscan Sun,37.33,37.33,37.33,0.0,3,True,7,a94350ee74deaa07,Books,0,"A CLASSIC FROM THE BESTSELLING AUTHOR OF UNDER MAGNOLIAFrances Mayes—widely published poet, gourmet cook, and travel writer—opens the door to a wondrous new world when she buys and restores an abandoned villa in the spectacular Tuscan countryside. In evocative language, she brings the reader along as she discovers the beauty and simplicity of life in Italy. Mayes also crea A CLASSIC FROM THE BESTSELLING AUTHOR OF UNDER MAGNOLIAFrances Mayes—widely published poet, gourmet cook, and travel writer—opens the door to a wondrous new world when she buys and restores an abandoned villa in the spectacular Tuscan countryside. In evocative language, she brings the reader along as she discovers the beauty and simplicity of life in Italy. Mayes also creates dozens of delicious seasonal recipes from her traditional kitchen and simple garden, all of which she includes in the book. Doing for Tuscany what M.F.K. Fisher and Peter Mayle did for Provence, Mayes writes about the tastes and pleasures of a foreign country with gusto and passion. ...more",https://books.toscrape.com/catalogue/under-the-tuscan-sun_504/index.html,https://books.toscrape.com/media/cache/45/21/4521c581ba727f5c835e34860cbf53e5.jpg,https://books.toscrape.com/catalogue/category/books/travel_2/index.html,2026-10-01T03:50:45+00:00
Travel,A Summer In Europe,44.34,44.34,44.34,0.0,2,True,7,cc1936a9f4e93477,Books,0,"On her thirtieth birthday, Gwendolyn Reese receives an unexpected present from her widowed Aunt Bea: a grand tour of Europe in the company of Bea's Sudoku and Mahjongg Club. The prospect isn't entirely appealing. But when the gift she is expecting--an engagement ring from her boyfriend--doesn't materialize, Gwen decides to go. At first, Gwen approaches the trip as if it's On her thirtieth birthday, Gwendolyn Reese receives an unexpected present from her widowed Aunt Bea: a grand tour of Europe in the company of Bea's Sudoku and Mahjongg Club. The prospect isn't entirely appealing. But when the gift she is expecting--an engagement ring from her boyfriend--doesn't materialize, Gwen decides to go. At first, Gwen approaches the trip as if it's the math homework she assigns her students, diligently checking monuments off her must-see list. But amid the bougainvillea and stunning vistas of southern Italy, something changes. Gwen begins to live in the moment--skipping down stone staircases in Capri, running her fingers over a glacier in view of the Matterhorn, racing through the Louvre, and taste-testing pastries at a Marseilles cafe. Reveling in every new experience--especially her attraction to a charismatic British physics professor--Gwen discovers that the ancient wonders around her are nothing compared to the renaissance unfolding within. . . ""A thinking woman's love story, it swept me away to breathtaking places with a cast of endearing characters I won't soon forget. Bravissima!"" Susan McBride, author of ""Little Black Dress"" Praise for Marilyn Brant's According to Jane ""A warm, witty and charmingly original story."" --Susan Wiggs, ""New York Times "" bestselling author ""Brant infuses her sweetly romantic and delightfully clever tale with just the right dash of Austen-esque wit."" ""Chicago Tribune"" ""An engaging read for all who have been through the long, dark, dating wars, and still believe there's sunshine, and a Mr. Darcy, at the end of the tunnel."" --Cathy Lamb, author of ""Such a Pretty Face"""" ...more",https://books.toscrape.com/catalogue/a-summer-in-europe_458/index.html,https://books.toscrape.com/media/cache/6c/e3/6ce3003931701c7a3fd5354917538ea9.jpg,https://books.toscrape.com/catalogue/category/books/travel_2/index.html,2026-10-01T03:50:47+00:00
Travel,The Great Railway Bazaar,30.54,30.54,30.54,0.0,1,True,6,48736df57e7bec9f,Books,0,"First published more than thirty years ago, Paul Theroux's strange, unique, and hugely entertaining railway odyssey has become a modern classic of travel literature. Here Theroux recounts his early adventures on an unusual grand continental tour. Asia's fabled trains -- the Orient Express, the Khyber Pass Local, the Frontier Mail, the Golden Arrow to Kuala Lumpur, the Mand First published more than thirty years ago, Paul Theroux's strange, unique, and hugely entertaining railway odyssey has become a modern classic of travel literature. Here Theroux recounts his early adventures on an unusual grand continental tour. Asia's fabled trains -- the Orient Express, the Khyber Pass Local, the Frontier Mail, the Golden Arrow to Kuala Lumpur, the Mandalay Express, the Trans-Siberian Express -- are the stars of a journey that takes him on a loop eastbound from London's Victoria Station to Tokyo Central, then back from Japan on the Trans-Siberian. Brimming with Theroux's signature humor and wry observations, this engrossing chronicle is essential reading for both the ardent adventurer and the armchair traveler. ...more",https://books.toscrape.com/catalogue/the-great-railway-bazaar_446/index.html,https://books.toscrape.com/media/cache/d5/82/d582f6b0261c2842330e893962276295.jpg,https://books.toscrape.com/catalogue/category/books/travel_2/index.html,2026-10-01T03:50:50+00:00
Travel,A Year in Provence (Provence #1),56.88,56.88,56.88,0.0,4,True,6,9e60929f521fa280,Books,0,"National BestsellerIn this witty and warm-hearted account, Peter Mayle tells what it is like to realize a long-cherished dream and actually move into a 200-year-old stone farmhouse in the remote country of the Lubéron with his wife and two large dogs. He endures January's frosty mistral as it comes howling down the Rhône Valley, discovers the secrets of goat racing through National Bestseller In this witty and warm-hearted account, Peter Mayle tells what it is like to realize a long-cherished dream and actually move into a 200-year-old stone farmhouse in the remote country of the Lubéron with his wife and two large dogs. He endures January's frosty mistral as it comes howling down the Rhône Valley, discovers the secrets of goat racing through the middle of town, and delights in the glorious regional cuisine. A Year in Provence transports us into all the earthy pleasures of Provençal life and lets us live vicariously at a tempo governed by seasons, not by days. ...more",https://books.toscrape.com/catalogue/a-year-in-provence-provence-1_421/index.html,https://books.toscrape.com/media/cache/8b/81/8b81cd9b2c8f89a12099a80bed1c4911.jpg,https://books.toscrape.com/catalogue/category/books/travel_2/index.html,2026-10-01T03:50:52+00:00
Mystery,Sharp Objects,47.82,47.82,47.82,0.0,4,True,20,e00eb4fd7b871a48,Books,0,"WICKED above her hipbone, GIRL across her heart Words are like a road map to reporter Camille Preaker’s troubled past. Fresh from a brief stay at a psych hospital, Camille’s first assignment from the second-rate daily paper where she works brings her reluctantly back to her hometown to cover the murders of two preteen girls. NASTY on her kneecap, BABYDOLL on her leg Since WICKED above her hipbone, GIRL across her heart Words are like a road map to reporter Camille Preaker’s troubled past. Fresh from a brief stay at a psych hospital, Camille’s first assignment from the second-rate daily paper where she works brings her reluctantly back to her hometown to cover the murders of two preteen girls. NASTY on her kneecap, BABYDOLL on her leg Since she left town eight years ago, Camille has hardly spoken to her neurotic, hypochondriac mother or to the half-sister she barely knows: a beautiful thirteen-year-old with an eerie grip on the town. Now, installed again in her family’s Victorian mansion, Camille is haunted by the childhood tragedy she has spent her whole life trying to cut from her memory. HARMFUL on her wrist, WHORE on her ankle As Camille works to uncover the truth about these violent crimes, she finds herself identifying with the young victims—a bit too strongly. Clues keep leading to dead ends, forcing Camille to unravel the psychological puzzle of her own past to get at the story. Dogged by her own demons, Camille will have to confront what happened to her years before if she wants to survive this homecoming.With its taut, crafted writing, Sharp Objects is addictive, haunting, and unforgettable. ...more",https://books.toscrape.com/catalogue/sharp-objects_997/index.html,https://books.toscrape.com/media/cache/c0/59/c05972805aa7201171b8fc71a5b00292.jpg,https://books.toscrape.com/catalogue/category/books/mystery_3/index.html,2026-10-01T03:51:01+00:00
Mystery,"In a Dark, Dark Wood",19.63,19.63,19.63,0.0,1,True,18,19ed25f4641d5efd,Books,0,"In a dark, dark wood Nora hasn't seen Clare for ten years. Not since Nora walked out of school one day and never went back. There was a dark, dark houseUntil, out of the blue, an invitation to Clare’s hen do arrives. Is this a chance for Nora to finally put her past behind her?And in the dark, dark house there was a dark, dark roomBut something goes wrong. Very wrong.And i In a dark, dark wood Nora hasn't seen Clare for ten years. Not since Nora walked out of school one day and never went back. There was a dark, dark houseUntil, out of the blue, an invitation to Clare’s hen do arrives. Is this a chance for Nora to finally put her past behind her?And in the dark, dark house there was a dark, dark roomBut something goes wrong. Very wrong.And in the dark, dark room.... Some things can’t stay secret for ever. ...more",https://books.toscrape.com/catalogue/in-a-dark-dark-wood_963/index.html,https://books.toscrape.com/media/cache/95/84/95840dfd67c020067c99d70451147e20.jpg,https://books.toscrape.com/catalogue/category/books/mystery_3/index.html,2026-10-01T03:51:04+00:00
Mystery,The Past Never Ends,56.5,56.5,56.5,0.0,4,True,16,5ee94540d0749ea0,Books,0,"A simple task, Attorney Chester Morgan thinks. Get a copy of a public record for a young man whose only friend has died in an unexplained accidental death. Except... The police file regarding the demise of sex worker Tanya Everly has been sealed by the order of the chief of police, and no one will talk. Warned to drop the matter, Attorney Morgan knows that if he doesn't sp A simple task, Attorney Chester Morgan thinks. Get a copy of a public record for a young man whose only friend has died in an unexplained accidental death. Except... The police file regarding the demise of sex worker Tanya Everly has been sealed by the order of the chief of police, and no one will talk. Warned to drop the matter, Attorney Morgan knows that if he doesn't speak for the dead young woman, no one will. Haunted by his discovery of the body of a prominent local oilman, Morgan pursues a quest for justice that puts his reputation, career, and life at risk. A journey that takes him into the dark shadows of the sex-for-sale business, into the marble courtrooms of Oklahoma, and into the aching loneliness of his own soul. Set in the American Southwest in the days before 9/11, The Past Never Ends is both a complex murder mystery and a meditation on the self-perpetuating nature of injustice and the ethereal nature of justice itself. ...more",https://books.toscrape.com/catalogue/the-past-never-ends_942/index.html,https://books.toscrape.com/media/cache/9d/f2/9df248dcefeaba9eeb519a59b248f72c.jpg,https://books.toscrape.com/catalogue/category/books/mystery_3/index.html,2026-10-01T03:51:06+00:00
Mystery,A Murder in Time,16.64,16.64,16.64,0.0,1,True,16,f733e8c19d40ec2e,Books,0,"Beautiful and brilliant, Kendra Donovan is a rising star at the FBI. Yet her path to professional success hits a speed bump during a disastrous raid where half her team is murdered, a mole in the FBI is uncovered and she herself is severely wounded. As soon as she recovers, she goes rogue and travels to England to assassinate the man responsible for the deaths of her teamm Beautiful and brilliant, Kendra Donovan is a rising star at the FBI. Yet her path to professional success hits a speed bump during a disastrous raid where half her team is murdered, a mole in the FBI is uncovered and she herself is severely wounded. As soon as she recovers, she goes rogue and travels to England to assassinate the man responsible for the deaths of her teammates.While fleeing from an unexpected assassin herself, Kendra escapes into a stairwell that promises sanctuary but when she stumbles out again, she is in the same place - Aldrich Castle - but in a different time: 1815, to be exact.Mistaken for a lady's maid hired to help with weekend guests, Kendra is forced to quickly adapt to the time period until she can figure out how she got there; and, more importantly, how to get back home. However, after the body of a young girl is found on the extensive grounds of the county estate, she starts to feel there's some purpose to her bizarre circumstances. Stripped of her twenty-first century tools, Kendra must use her wits alone in order to unmask a cunning madman. ...more",https://books.toscrape.com/catalogue/a-murder-in-time_877/index.html,https://books.toscrape.com/media/cache/cc/bd/ccbd7a62caefd5a3a2e04dd7c2ff48fe.jpg,https://books.toscrape.com/catalogue/category/books/mystery_3/index.html,2026-10-01T03:51:08+00:00
Mystery,The Murder of Roger Ackroyd (Hercule Poirot #4),44.1,44.1,44.1,0.0,4,True,15,c7b5183f4d1d4efe,Books,0,"In the village of King's Abbot, a widow's sudden suicide sparks rumors that she murdered her first husband, was being blackmailed, and was carrying on a secret affair with the wealthy Roger Ackroyd. The following evening, Ackroyd is murdered in his locked study--but not before receiving a letter identifying the widow's blackmailer. King's Abbot is crawling with suspects, i In the village of King's Abbot, a widow's sudden suicide sparks rumors that she murdered her first husband, was being blackmailed, and was carrying on a secret affair with the wealthy Roger Ackroyd. The following evening, Ackroyd is murdered in his locked study--but not before receiving a letter identifying the widow's blackmailer. King's Abbot is crawling with suspects, including a nervous butler, Ackroyd's wayward stepson, and his sister-in-law, Mrs. Cecil Ackroyd, who has taken up residence in the victim's home. It's now up to the famous detective Hercule Poirot, who has retired to King's Abbot to garden, to solve the case of who killed Roger Ackroyd--a task in which he is aided by the village doctor and narrator, James Sheppard, and by Sheppard's ingenious sister, Caroline.The Murder of Roger Ackroyd is the book that made Agatha Christie a household name and launched her career as a perennial bestseller. Originally published in 1926, it is a landmark in the mystery genre. It was in the vanguard of a new class of popular detective fiction that ushered in the modern era of mystery novels. ...more",https://books.toscrape.com/catalogue/the-murder-of-roger-ackroyd-hercule-poirot-4_852/index.html,https://books.toscrape.com/media/cache/86/38/8638ba095b3b32e0abdef170e7bc4fd6.jpg,https://books.toscrape.com/catalogue/category/books/mystery_3/index.html,2026-10-01T03:51:11+00:00
Mystery,The Last Mile (Amos Decker #2),54.21,54.21,54.21,0.0,2,True,14,3bc89353f7e3a3cc,Books,0,"In his #1 New York Times bestseller Memory Man, David Baldacci introduced the extraordinary detective Amos Decker-the man who can forget nothing. Now, Decker returns in a spectacular new thriller . . . THE LAST MILEConvicted murderer Melvin Mars is counting down the last hours before his execution--for the violent killing of his parents twenty years earlier--when he's gran In his #1 New York Times bestseller Memory Man, David Baldacci introduced the extraordinary detective Amos Decker-the man who can forget nothing. Now, Decker returns in a spectacular new thriller . . . THE LAST MILEConvicted murderer Melvin Mars is counting down the last hours before his execution--for the violent killing of his parents twenty years earlier--when he's granted an unexpected reprieve. Another man has confessed to the crime.Amos Decker, newly hired on an FBI special task force, takes an interest in Mars's case after discovering the striking similarities to his own life: Both men were talented football players with promising careers cut short by tragedy. Both men's families were brutally murdered. And in both cases, another suspect came forward, years after the killing, to confess to the crime. A suspect who may or may not have been telling the truth.The confession has the potential to make Melvin Mars--guilty or not--a free man. Who wants Mars out of prison? And why now?But when a member of Decker's team disappears, it becomes clear that something much larger--and more sinister--than just one convicted criminal's life hangs in the balance. Decker will need all of his extraordinary brainpower to stop an innocent man from being executed. ...more",https://books.toscrape.com/catalogue/the-last-mile-amos-decker-2_754/index.html,https://books.toscrape.com/media/cache/e6/dc/e6dcc8f75214eb14edc1ce09c98f3d71.jpg,https://books.toscrape.com/catalogue/category/books/mystery_3/index.html,2026-10-01T03:51:14+00:00
Mystery,That Darkness (Gardiner and Renner #1),13.92,13.92,13.92,0.0,1,True,14,0c7b9cf2b7662b65,Books,0,"As a forensic investigator for the Cleveland Police Department, Maggie Gardiner has seen her share of Jane Does. The latest is an unidentified female in her early teens, discovered in a local cemetery. More shocking than the girl’s injuries—for Maggie at least—is the fact that no one has reported her missing. She and the detectives assigned to the case (including her cop e As a forensic investigator for the Cleveland Police Department, Maggie Gardiner has seen her share of Jane Does. The latest is an unidentified female in her early teens, discovered in a local cemetery. More shocking than the girl’s injuries—for Maggie at least—is the fact that no one has reported her missing. She and the detectives assigned to the case (including her cop ex-husband) are determined to follow every lead, run down every scrap of evidence. But the monster they seek is watching each move, closer to them than they could ever imagine. Jack Renner is a killer. He doesn’t murder because he savors it, or because he believes himself omnipotent, or for any reason other than to make the world a safer place. When he follows the trail of this Jane Doe to a locked room in a small apartment where eighteen teenaged girls are anything but safe, he knows something must be done. But his pursuit of their captor takes an unexpected turn.Maggie Gardiner finds another body waiting for her in the autopsy room—and a host of questions that will challenge everything she believes about justice, morality, and the true nature of evil … ...more",https://books.toscrape.com/catalogue/that-darkness-gardiner-and-renner-1_743/index.html,https://books.toscrape.com/media/cache/23/b8/23b81994234ac127d701db1531a08e48.jpg,https://books.toscrape.com/catalogue/category/books/mystery_3/index.html,2026-10-01T03:51:16+00:00
Mystery,Tastes Like Fear (DI Marnie Rome #3),10.69,10.69,10.69,0.0,1,True,14,2d1e337aaf341858,Books,0,"Sarah Hilary won the 2015 Theakston's Crime Novel of the Year with her debut, the 2014 Richard and Judy pick SOMEONE ELSE'S SKIN. She followed up with NO OTHER DARKNESS, proclaimed as 'riveting' by Lisa Gardner and 'truly mesmerising' by David Mark. Now D.I. Marnie Rome returns in her third novel.Home is where Harm lies...The young girl who causes the fatal car crash disap Sarah Hilary won the 2015 Theakston's Crime Novel of the Year with her debut, the 2014 Richard and Judy pick SOMEONE ELSE'S SKIN. She followed up with NO OTHER DARKNESS, proclaimed as 'riveting' by Lisa Gardner and 'truly mesmerising' by David Mark. Now D.I. Marnie Rome returns in her third novel.Home is where Harm lies...The young girl who causes the fatal car crash disappears from the scene.A runaway who doesn't want to be found, she only wants to go home.To the one man who understands her.Gives her shelter. Just as he gives shelter to the other lost girls who live in his house.He's the head of her new family.He's Harm. And when Harm's family is threatened, Marnie Rome is about to find out that everything tastes like fear... ...more",https://books.toscrape.com/catalogue/tastes-like-fear-di-marnie-rome-3_742/index.html,https://books.toscrape.com/media/cache/74/9b/749bca168778cf35fdb2441a9d6b403f.jpg,https://books.toscrape.com/catalogue/category/books/mystery_3/index.html,2026-10-01T03:51:19+00:00
Poetry,A Light in the Attic,51.77,51.77,51.77,0.0,3,True,22,a897fe39b1053632,Books,0,"It's hard to imagine a world without A Light in the Attic. This now-classic collection of poetry and drawings from Shel Silverstein celebrates its 20th anniversary with this special edition. Silverstein's humorous and creative verse can amuse the dowdiest of readers. Lemon-faced adults and fidgety kids sit still and read these rhythmic words and laugh and smile and love th It's hard to imagine a world without A Light in the Attic. This now-classic collection of poetry and drawings from Shel Silverstein celebrates its 20th anniversary with this special edition. Silverstein's humorous and creative verse can amuse the dowdiest of readers. Lemon-faced adults and fidgety kids sit still and read these rhythmic words and laugh and smile and love that Silverstein. Need proof of his genius? RockabyeRockabye baby, in the treetopDon't you know a treetopIs no safe place to rock?And who put you up there,And your cradle, too?Baby, I think someone down here'sGot it in for you. Shel, you never sounded so good. ...more",https://books.toscrape.com/catalogue/a-light-in-the-attic_1000/index.html,https://books.toscrape.com/media/cache/fe/72/fe72f0532301ec28892ae79a629a293c.jpg,https://books.toscrape.com/catalogue/category/books/poetry_23/index.html,2026-10-01T03:51:27+00:00
Poetry,The Black Maria,52.15,52.15,52.15,0.0,1,True,19,1dfe412b8ac00530,Books,0,"Praise for Aracelis Girmay:""[Girmay's] every loss—she calls them estrangements—is a yearning for connection across time and place; her every fragment is a bulwark against ruin."" — O, The Oprah Magazine ""In Aracelis Girmay we have a poet who collects, polishes, and shares stories with such brilliant invention, tenderness, and intellectual liveliness that it is understandabl Praise for Aracelis Girmay:""[Girmay's] every loss—she calls them estrangements—is a yearning for connection across time and place; her every fragment is a bulwark against ruin."" — O, The Oprah Magazine ""In Aracelis Girmay we have a poet who collects, polishes, and shares stories with such brilliant invention, tenderness, and intellectual liveliness that it is understandable that we think of her as the blessed curator of our collective histories. There is in her art the vulnerability of one who lives inside of the stories that she gathers in this remarkable collection. Her poems set off alarms even as they transform the world she inhabits, showing us, in the process, exactly what she asks of Romare Bearden’s art: ‘…how not to // assign all blackness near the sea / a captivity.’ This is one of the many sweet contradictions in the black maria, which ‘is a black flag / wounding the pastoral.’ I am deeply thankful that we have a poet of her unique and singular talent writing today."" —Kwame DawesTaking its name from the moon's dark plains, misidentified as seas by early astronomers, the black maria investigates African diasporic histories, the consequences of racism within American culture, and the question of human identity. Central to this project is a desire to recognize the lives of Eritrean refugees who have been made invisible by years of immigration crisis, refugee status, exile, and resulting statelessness. The recipient of a 2015 Whiting Award for Poetry, Girmay's newest collection elegizes and celebrates life, while wrestling with the humanistic notion of seeing beyond: seeing violence, seeing grace, and seeing each other better.""to the sea""great storage house, historyon which we rode, we touchedthe brief pulse of your flutteringpages, spelled with salt & life,your rage, your indifferenceyour gentleness washing our feet,all of you going onwhether or not we live,to you we bring our carnationsyellow & pink, how they floatlike bright sentences atopyour memory's dark hairAracelis Girmay is the author of three poetry collections, the black maria; Kingdom Animalia, which won the Isabella Gardner Award and was a finalist for the NBCC Award; and Teeth. The recipient of a 2015 Whiting Award, she has received grants and fellowships from the Jerome, Cave Canem, and Watson foundations, as well as Civitella Ranieri and the NEA. She currently teaches at Hampshire College's School for Interdisciplinary Arts and in Drew University's low residency MFA program. Originally from Santa Ana, California, she splits her time between New York and Amherst, Massachusetts. ...more",https://books.toscrape.com/catalogue/the-black-maria_991/index.html,https://books.toscrape.com/media/cache/d1/7a/d17a3e313e52e1be5651719e4fba1d16.jpg,https://books.toscrape.com/catalogue/category/books/poetry_23/index.html,2026-10-01T03:51:29+00:00
Poetry,Shakespeare's Sonnets,20.66,20.66,20.66,0.0,4,True,19,30a7f60cd76ca58c,Books,0,"This book is an important and complete collection of the Sonnets of William Shakespeare. Most readers are aware of the great plays and manuscripts written for the stage, but are unaware of the magnificent Sonnets which were written around the same period. This is an excellent, complete collection of the Sonnets and poetry of William Shakespeare and should not be missed by This book is an important and complete collection of the Sonnets of William Shakespeare. Most readers are aware of the great plays and manuscripts written for the stage, but are unaware of the magnificent Sonnets which were written around the same period. This is an excellent, complete collection of the Sonnets and poetry of William Shakespeare and should not be missed by those interested in the completion of a collection of his writings and those interested in early poetic works. ...more",https://books.toscrape.com/catalogue/shakespeares-sonnets_989/index.html,https://books.toscrape.com/media/cache/4d/7a/4d7a79a8be80a529b277ed5c4d8ba482.jpg,https://books.toscrape.com/catalogue/category/books/poetry_23/index.html,2026-10-01T03:51:32+00:00
Poetry,Olio,23.88,23.88,23.88,0.0,1,True,19,feb7cc7701ecf901,Books,0,"Part fact, part fiction, Tyehimba Jess's much anticipated second book weaves sonnet, song, and narrative to examine the lives of mostly unrecorded African American performers directly before and after the Civil War up to World War I. Olio is an effort to understand how they met, resisted, complicated, co-opted, and sometimes defeated attempts to minstrelize them.So, while Part fact, part fiction, Tyehimba Jess's much anticipated second book weaves sonnet, song, and narrative to examine the lives of mostly unrecorded African American performers directly before and after the Civil War up to World War I. Olio is an effort to understand how they met, resisted, complicated, co-opted, and sometimes defeated attempts to minstrelize them.So, while I lead this choir, I still find thatI'm being led…I'm a missionarymending my faith in the midst of this flock…I toil in their fields of praise. When folks seethese freedmen stand and sing, they hear their Godspeak in tongues. These nine dark mouths sing shelter;they echo a hymn's haven from slavery's weather.Detroit native Tyehimba Jess' first book of poetry, leadbelly, was a winner of the 2004 National Poetry Series. Jess, a Cave Canem and NYU Alumni, has received fellowships from the Whiting Foundation, National Endowment for the Arts, Illinois Arts Council, and the Provincetown Fine Arts Work Center. Jess is also a veteran of the 2000 and 2001 Green Mill Poetry Slam Team. He exhibited his poetry at the 2011 TEDxNashville Conference. Jess is an Associate Professor of English at College of Staten Island. ...more",https://books.toscrape.com/catalogue/olio_984/index.html,https://books.toscrape.com/media/cache/b1/0e/b10eabab1e1c811a6d47969904fd5755.jpg,https://books.toscrape.com/catalogue/category/books/poetry_23/index.html,2026-10-01T03:51:34+00:00
Poetry,You can't bury them all: Poems,33.63,33.63,33.63,0.0,2,True,17,55f9da0c5eea2e10,Books,0,"A poetry that is at once harrowing, angry, and achingly beautiful Patrick Woodcock has spent the past seven years engaging with and being shaped by the people, politics, and landscapes of the Kurdish north of Iraq, Fort Good Hope in the Northwest Territories, and Azerbaijan. His powerful new collection offers a poetry that simultaneously explores hope and horror while doc A poetry that is at once harrowing, angry, and achingly beautiful Patrick Woodcock has spent the past seven years engaging with and being shaped by the people, politics, and landscapes of the Kurdish north of Iraq, Fort Good Hope in the Northwest Territories, and Azerbaijan. His powerful new collection offers a poetry that simultaneously explores hope and horror while documenting the transformative processes of coping. You can’t bury them all follows the narratives we construct to survive the tragic failures of our humanity to their very end: everything that’s buried by snow, dirt, and ash, just like everything that’s buried by politics, homophobia, sexism, racism, religion; and history is resurrected, demanding to be heard and addressed.In Woodcock’s poetry, how we deal with what resurfaces is the key. What do those who suffer really mean to those who have abandoned them to small, conscience-soothing charitable donations or the occasional tweet? How can the poet, or anyone else, sleep at night knowing homosexuals are being thrown off building tops, after one steps into a hole and finds an abandoned corpse in an Azeri cemetery, or after the elders of an Aboriginal community are left helpless against those who only want to exploit them? Still, You can’t bury them all demonstrates that the world is not just the horrific place the media often portrays. In each of the worlds he touches, Woodcock discovers a spirit and strength to celebrate. ...more",https://books.toscrape.com/catalogue/you-cant-bury-them-all-poems_961/index.html,https://books.toscrape.com/media/cache/b7/44/b7440aa88046b0bf8cba50d59295518e.jpg,https://books.toscrape.com/catalogue/category/books/poetry_23/index.html,2026-10-01T03:51:36+00:00
Poetry,Slow States of Collapse: Poems,57.31,57.31,57.31,0.0,3,True,17,b4fd5943413e089a,Books,0,"The eagerly anticipated debut from one of Canada’s most exciting new poets In her debut collection, Ashley-Elizabeth Best explores the cultivation of resilience during uncertain and often trying times. It’s a book built around day-to-day conflicts — poems about love, family, grief, power, and longing. Navigating the fault lines of popular culture and traditional poetry to The eagerly anticipated debut from one of Canada’s most exciting new poets In her debut collection, Ashley-Elizabeth Best explores the cultivation of resilience during uncertain and often trying times. It’s a book built around day-to-day conflicts — poems about love, family, grief, power, and longing. Navigating the fault lines of popular culture and traditional poetry to assert that we are all history makers, Slow States of Collapse enters the landscape of personal narrative in an attempt to reconcile life’s little universal griefs.Slow States of Collapse presents a world that is at once menacing and full of wonder and grace. It’s a poetry of “casual cruelty” and “kisses like / puncture wounds,” of “something too tender to touch” and “the threat of an intense beauty.” In this collection, illness confronts bedside manners while a migrant restlessness also paints remarkable portraits of shifting self-image, and in the process the nature of personal and political power is reimagined. ...more",https://books.toscrape.com/catalogue/slow-states-of-collapse-poems_960/index.html,https://books.toscrape.com/media/cache/db/ac/dbac3faca8a799824f5725d66c0fcce3.jpg,https://books.toscrape.com/catalogue/category/books/poetry_23/index.html,2026-10-01T03:51:39+00:00
Poetry,Untitled Collection: Sabbath Poems 2014,14.27,14.27,14.27,0.0,4,True,16,657fe5ead67a7767,Books,0,"More than thirty-five years ago, when the weather allowed, Wendell Berry began spending his sabbaths outdoors, walking and wandering around familiar territory, seeking a deep intimacy only time could provide. These walks arranged themselves into poems and each year since he has completed a sequence dated by the year of its composition. Last year we collected the lot into a More than thirty-five years ago, when the weather allowed, Wendell Berry began spending his sabbaths outdoors, walking and wandering around familiar territory, seeking a deep intimacy only time could provide. These walks arranged themselves into poems and each year since he has completed a sequence dated by the year of its composition. Last year we collected the lot into a collection, This Day, the Sabbath Poems 1979-2013. This new sequence for the following year is one of the richest yet. This group provides a virtual syllabus for all of Mr. Berry’s cultural and agricultural work in concentrated form. Many of these poems are drawn from the view from a small porch in the woods, a place of stillness and reflection, a vantage point “of the one/life of the forest composed/of uncountable lives in countless/years each life coherent itself within/ the coherence, the great composure,/of all.” A new collection of Wendell Berry poems is always an occasion of joyful celebration and this one is especially so. ...more",https://books.toscrape.com/catalogue/untitled-collection-sabbath-poems-2014_953/index.html,https://books.toscrape.com/media/cache/65/6e/656e79dfd4f8b6bf19ffde2c75ceda81.jpg,https://books.toscrape.com/catalogue/category/books/poetry_23/index.html,2026-10-01T03:51:41+00:00
Poetry,Poems That Make Grown Women Cry,14.19,14.19,14.19,0.0,4,True,15,31001a1210623bd4,Books,0,"Following the success of their anthology Poems That Make Grown Men Cry, father-and-son team Anthony and Ben Holden, working with Amnesty International, have asked the same revealing question of 100 remarkable women. What poem has moved you to tears?The poems chosen range from the eighth century to today, from Rumi and Shakespeare to Sylvia Plath, W.H. Auden to Carol Ann Du Following the success of their anthology Poems That Make Grown Men Cry, father-and-son team Anthony and Ben Holden, working with Amnesty International, have asked the same revealing question of 100 remarkable women. What poem has moved you to tears?The poems chosen range from the eighth century to today, from Rumi and Shakespeare to Sylvia Plath, W.H. Auden to Carol Ann Duffy, Pablo Neruda and Derek Walcott to Imtiaz Dharker and Warsan Shire. Their themes range from love and loss, through mortality and mystery, war and peace, to the beauty and variety of nature. From Yoko Ono to Judi Dench, Chimamanda Ngozi Adichie to Elena Ferrante, Carol Ann Duffy to Kaui Hart Hemmings, and Joan Baez to Nikki Giovanni, this unique collection delivers private insights into the minds of women whose writing, acting, and thinking are admired around the world. ...more",https://books.toscrape.com/catalogue/poems-that-make-grown-women-cry_824/index.html,https://books.toscrape.com/media/cache/18/ac/18ac3f16b10a5fc47e603d93335e3f24.jpg,https://books.toscrape.com/catalogue/category/books/poetry_23/index.html,2026-10-01T03:51:44+00:00
