quintile,midvalue_pct,range_pct,model,hr,ci_low,ci_high,is_reference,outcome,source,source_location
Q1,7.4,0 to less than 9.6,demographic,1.0,,,True,CVD mortality,https://jamanetwork.com/journals/jamainternalmedicine/fullarticle/1819573,Table 2
Q2,11.4,9.6 to less than 13.1,demographic,1.09,1.05,1.13,False,CVD mortality,https://jamanetwork.com/journals/jamainternalmedicine/fullarticle/1819573,Table 2
Q3,14.8,13.1 to less than 16.7,demographic,1.23,1.12,1.34,False,CVD mortality,https://jamanetwork.com/journals/jamainternalmedicine/fullarticle/1819573,Table 2
Q4,18.7,16.7 to less than 21.3,demographic,1.49,1.24,1.78,False,CVD mortality,https://jamanetwork.com/journals/jamainternalmedicine/fullarticle/1819573,Table 2
Q5,25.2,21.3 or greater,demographic,2.43,1.63,3.62,False,CVD mortality,https://jamanetwork.com/journals/jamainternalmedicine/fullarticle/1819573,Table 2
Q1,7.4,0 to less than 9.6,full,1.0,,,True,CVD mortality,https://jamanetwork.com/journals/jamainternalmedicine/fullarticle/1819573,Table 2
Q2,11.4,9.6 to less than 13.1,full,1.07,1.02,1.12,False,CVD mortality,https://jamanetwork.com/journals/jamainternalmedicine/fullarticle/1819573,Table 2
Q3,14.8,13.1 to less than 16.7,full,1.18,1.06,1.31,False,CVD mortality,https://jamanetwork.com/journals/jamainternalmedicine/fullarticle/1819573,Table 2
Q4,18.7,16.7 to less than 21.3,full,1.38,1.11,1.7,False,CVD mortality,https://jamanetwork.com/journals/jamainternalmedicine/fullarticle/1819573,Table 2
Q5,25.2,21.3 or greater,full,2.03,1.26,3.27,False,CVD mortality,https://jamanetwork.com/journals/jamainternalmedicine/fullarticle/1819573,Table 2
