seen_utc,title,url,domain,language,source_country,strand,window_start
20260930T233000Z,"PSX pares gains , ends 369 points higher",https://tribune.com.pk/story/2632326/psx-pares-gains-ends-369-points-higher,tribune.com.pk,English,Pakistan,inflation,2026-09-24T04:00:00+00:00
20260930T224500Z,"No more war impact , govt tells IMF",https://tribune.com.pk/story/2632323/no-more-war-impact-govt-tells-imf,tribune.com.pk,English,Pakistan,inflation,2026-09-24T04:00:00+00:00
20260930T211500Z,"Healthcare , accountability and public service",https://dailythepatriot.com/healthcare-accountability-and-public-service-2/,dailythepatriot.com,English,Pakistan,inflation,2026-09-24T04:00:00+00:00
20260930T124500Z,FPCCI demands FBR to extend income tax filing deadline,https://arynews.tv/fpcci-demands-fbr-to-extend-income-tax-filing-deadline-to-october-31,arynews.tv,English,Pakistan,inflation,2026-09-24T04:00:00+00:00
20260930T074500Z,Currency exchange latest rates in Pakistan today – 30 September 2026,https://pakobserver.net/currency-exchange-latest-rates-in-pakistan-today-30-september-2026/,pakobserver.net,English,Pakistan,inflation,2026-09-24T04:00:00+00:00
20260929T183000Z,"New Petrol , Diesel Prices in Pakistan for September 30",https://pakobserver.net/new-petrol-diesel-prices-in-pakistan-for-september-30/,pakobserver.net,English,Pakistan,inflation,2026-09-24T04:00:00+00:00
20260929T183000Z,"IMF Mission Opens Talks on Pakistan EFF , RSF Reviews",https://pakobserver.net/imf-mission-opens-talks-on-pakistans-eff-rsf-reviews/,pakobserver.net,English,Pakistan,inflation,2026-09-24T04:00:00+00:00
20260929T120000Z,Protests by various political parties failed to mobilize large numbers of people : SK Niazi Archives,https://dailythepatriot.com/tag/protests-by-various-political-parties-failed-to-mobilize-large-numbers-of-people-sk-niazi/,dailythepatriot.com,English,Pakistan,inflation,2026-09-24T04:00:00+00:00
20260929T114500Z,"FinMin Aurangzeb kicks off talks with IMF mission for EFF , RSF reviews",https://www.geo.tv/latest/684190-finmin-aurangzeb-kicks-off-talks-with-imf-mission-for-eff-rsf-reviews,geo.tv,English,Pakistan,inflation,2026-09-24T04:00:00+00:00
20260929T043000Z,Currency exchange latest rates in Pakistan today – 29 September 2026,https://pakobserver.net/currency-exchange-latest-rates-in-pakistan-today-29-september-2026/,pakobserver.net,English,Pakistan,inflation,2026-09-24T04:00:00+00:00
20260928T221500Z,Protests by various political parties failed to mobilize large numbers,https://dailythepatriot.com/protests-by-various-political-parties-failed-to-mobilize-large-numbers-of-people-sk-niazi/,dailythepatriot.com,English,Pakistan,inflation,2026-09-24T04:00:00+00:00
20260928T100000Z,Remittances : Pakistan lifeline,https://tribune.com.pk/story/2631744/remittances-pakistans-lifeline,tribune.com.pk,English,Pakistan,inflation,2026-09-24T04:00:00+00:00
20260928T073000Z,"Pakistan corruption ranking improves , yet data warrants closer look",https://www.geo.tv/latest/683995-pakistans-corruption-ranking-improves-yet-data-warrants-closer-look,geo.tv,English,Pakistan,inflation,2026-09-24T04:00:00+00:00
20260928T050000Z,Currency exchange latest rates in Pakistan today – 28 September 2026,https://pakobserver.net/currency-exchange-latest-rates-in-pakistan-today-28-september-2026/,pakobserver.net,English,Pakistan,inflation,2026-09-24T04:00:00+00:00
20260927T171500Z,"PML - N leader urges govt , protesters to rise above egos and hold talks",https://www.geo.tv/latest/683932-pml-n-leader-urges-govt-protesters-to-rise-above-egos-and-hold-talks,geo.tv,English,Pakistan,inflation,2026-09-24T04:00:00+00:00
20260927T141500Z,Inflation Causes Rupee Decline : FBR Chairman,https://propakistani.pk/2026/09/27/inflation-behind-rupee-decline-fbr-chairman/,propakistani.pk,English,Pakistan,inflation,2026-09-24T04:00:00+00:00
20260927T080000Z,"Khawaja Saad Rafique calls for dialogue between govt , protesters",https://dunyanews.tv/en/Pakistan/974904-khawaja-saad-rafique-calls-for-dialogue-between-govt-protesters,dunyanews.tv,English,Pakistan,inflation,2026-09-24T04:00:00+00:00
20260925T054500Z,Currency exchange latest rates in Pakistan today – 25 September 2026,https://pakobserver.net/currency-exchange-latest-rates-in-pakistan-today-25-september-2026/,pakobserver.net,English,Pakistan,inflation,2026-09-24T04:00:00+00:00
20260925T054500Z,A fragile recovery,https://tribune.com.pk/story/2631239/a-fragile-recovery,tribune.com.pk,English,Pakistan,inflation,2026-09-24T04:00:00+00:00
20260924T224500Z,Pakistan deploys thousands of security forces ahead of planned protest,https://thefrontierpost.com/pakistan-deploys-thousands-of-security-forces-ahead-of-planned-protest/,thefrontierpost.com,English,Pakistan,inflation,2026-09-24T04:00:00+00:00
20260924T131500Z,Gold prices fall further in Pakistan as global bullion prices decline,https://arynews.tv/gold-prices-fall-further-in-pakistan-as-global-bullion-prices-decline,arynews.tv,English,Pakistan,inflation,2026-09-24T04:00:00+00:00
20260924T061500Z,Currency exchange latest rates in Pakistan today – 24 September 2026,https://pakobserver.net/currency-exchange-latest-rates-in-pakistan-today-24-september-2026/,pakobserver.net,English,Pakistan,inflation,2026-09-24T04:00:00+00:00
20260930T230000Z,NA - 77 By - Poll : PMML fields Qazi Ibrahim Against PML - N Rashid Virk,https://www.lhrtimes.com/2026/09/30/na-77-gujranwala-by-election-pmml-qazi-ibrahim-pml-n-rashid-virk/,lhrtimes.com,English,Pakistan,petrol,2026-09-24T04:00:00+00:00
20260930T221500Z,Petrol Price in Pakistan gets lower for First Day of October,https://pakobserver.net/petrol-price-in-pakistan-gets-lower-for-first-day-of-october/,pakobserver.net,English,Pakistan,petrol,2026-09-24T04:00:00+00:00
20260930T190000Z,"Govt decreases petrol by 14 paisas , diesel by Rs1 . 89 for Oct 1",https://tribune.com.pk/story/2632297/govt-decreases-petrol-by-14-paisas-diesel-by-rs189-for-oct-1,tribune.com.pk,English,Pakistan,petrol,2026-09-24T04:00:00+00:00
20260930T184500Z,Petrol Price gets 0 . 14 - Paisa Cut as Diesel falls below Rs401 for Oct 1,https://en.dailypakistan.com.pk/30-Sep-2026/petrol-price-gets-0-14-paisa-cut-as-diesel-falls-below-rs401-for-oct-1,en.dailypakistan.com.pk,English,Pakistan,petrol,2026-09-24T04:00:00+00:00
20260930T143000Z,Is Pakistan opening LNG Imports to Private Companies amid Supply Disruptions ? ,https://en.dailypakistan.com.pk/30-Sep-2026/is-pakistan-opening-lng-imports-to-private-companies-amid-supply-disruptions,en.dailypakistan.com.pk,English,Pakistan,petrol,2026-09-24T04:00:00+00:00
20260930T113000Z,Crude oil imports jump 62 % in August amid supply concerns,https://www.geo.tv/latest/684344-crude-oil-imports-jump-62-in-august-amid-supply-concerns,geo.tv,English,Pakistan,petrol,2026-09-24T04:00:00+00:00
20260930T054500Z,IMF pushes targeted subsidies,https://tribune.com.pk/story/2632134/imf-pushes-targeted-subsidies,tribune.com.pk,English,Pakistan,petrol,2026-09-24T04:00:00+00:00
20260929T183000Z,"New Petrol , Diesel Prices in Pakistan for September 30",https://pakobserver.net/new-petrol-diesel-prices-in-pakistan-for-september-30/,pakobserver.net,English,Pakistan,petrol,2026-09-24T04:00:00+00:00
20260929T183000Z,"IMF Mission Opens Talks on Pakistan EFF , RSF Reviews",https://pakobserver.net/imf-mission-opens-talks-on-pakistans-eff-rsf-reviews/,pakobserver.net,English,Pakistan,petrol,2026-09-24T04:00:00+00:00
20260929T124500Z,NEPRA Considers Next Electricity Nightmare for Farmers,https://propakistani.pk/2026/09/29/nepra-considers-next-electricity-nightmare-for-farmers/,propakistani.pk,English,Pakistan,petrol,2026-09-24T04:00:00+00:00
20260929T114500Z,"FinMin Aurangzeb kicks off talks with IMF mission for EFF , RSF reviews",https://www.geo.tv/latest/684190-finmin-aurangzeb-kicks-off-talks-with-imf-mission-for-eff-rsf-reviews,geo.tv,English,Pakistan,petrol,2026-09-24T04:00:00+00:00
20260929T104500Z,"Pakistan , IMF formally begin talks on EFF , climate programme reviews",https://tribune.com.pk/story/2632048/pakistan-imf-formally-begin-talks-on-eff-climate-programme-reviews,tribune.com.pk,English,Pakistan,petrol,2026-09-24T04:00:00+00:00
20260929T103000Z,Power tariff increase sought for consumers across Pakistan,https://dunyanews.tv/en/Business/975229-power-tariff-increase-sought-for-consumers-across-pakistan,dunyanews.tv,English,Pakistan,petrol,2026-09-24T04:00:00+00:00
20260929T101500Z,Ali Pervaiz Malik Urges Unity Against Terrorism Amid Economic Challenges,https://newsmakers.pk/ali-pervaiz-malik-urges-unity-against-terrorism-amid-economic-challenges/,newsmakers.pk,English,Pakistan,petrol,2026-09-24T04:00:00+00:00
20260929T093000Z,10 children inured as school van catches fire in Murree,https://en.dailypakistan.com.pk/29-Sep-2026/10-children-inured-as-school-van-catches-fire-in-murree,en.dailypakistan.com.pk,English,Pakistan,petrol,2026-09-24T04:00:00+00:00
20260928T221500Z,Protests by various political parties failed to mobilize large numbers,https://dailythepatriot.com/protests-by-various-political-parties-failed-to-mobilize-large-numbers-of-people-sk-niazi/,dailythepatriot.com,English,Pakistan,petrol,2026-09-24T04:00:00+00:00
20260928T154500Z,"Petrol , diesel prices likely to decrease today",https://arynews.tv/petrol-diesel-prices-likely-to-decrease-today,arynews.tv,English,Pakistan,petrol,2026-09-24T04:00:00+00:00
20260928T141500Z,Pakistan collects Rs99 Billion Extra from Petroleum Levy ahead of IMF Review,https://en.dailypakistan.com.pk/28-Sep-2026/pakistan-collects-rs99-billion-extra-from-petroleum-levy-ahead-of-imf-review,en.dailypakistan.com.pk,English,Pakistan,petrol,2026-09-24T04:00:00+00:00
20260928T094500Z,"Pakistan , IMF talks to unlock $1 . 2 billion tranche starts today",https://pakobserver.net/pakistan-imf-talks-to-unlock-1-2-billion-tranche-starts-today/,pakobserver.net,English,Pakistan,petrol,2026-09-24T04:00:00+00:00
20260928T041500Z,Rs770m  flood - fighting  bill despite no flood in Sindh,https://tribune.com.pk/story/2631783/rs770m-flood-fighting-bill-despite-no-flood-in-sindh,tribune.com.pk,English,Pakistan,petrol,2026-09-24T04:00:00+00:00
20260927T201500Z,Kayani Reviews Fuel Relief Scheme Implementation in Jhelum,https://newsmakers.pk/kayani-reviews-fuel-relief-scheme-implementation-in-jhelum/,newsmakers.pk,English,Pakistan,petrol,2026-09-24T04:00:00+00:00
20260927T144500Z,"PM Shehbaz says UNGA engagements advanced Pakistan diplomatic , economic interests",https://tribune.com.pk/story/2631688/pm-shehbaz-says-unga-engagements-advanced-pakistans-diplomatic-economic-interests,tribune.com.pk,English,Pakistan,petrol,2026-09-24T04:00:00+00:00
20260927T093000Z,The High Cost of Balochistan Solar Transition,https://tribune.com.pk/story/2631555/the-high-cost-of-balochistans-solar-transition,tribune.com.pk,English,Pakistan,petrol,2026-09-24T04:00:00+00:00
20260927T050000Z,Premier fuel relief scheme - Pakistan Observer,https://pakobserver.net/premiers-fuel-relief-scheme/,pakobserver.net,English,Pakistan,petrol,2026-09-24T04:00:00+00:00
20260927T010000Z,Geopolitics keeps PSX range bound,https://tribune.com.pk/story/2631583/geopolitics-keeps-psx-range-bound,tribune.com.pk,English,Pakistan,petrol,2026-09-24T04:00:00+00:00
20260924T191500Z,JI to decide on long march after meeting with PM Shehbaz over levy relief,https://arynews.tv/ji-to-decide-on-long-march-after-meeting-with-pm-shehbaz-over-levy-relief,arynews.tv,English,Pakistan,petrol,2026-09-24T04:00:00+00:00
20260924T131500Z,Govt to launch online portal for petrol subsidy scheme,https://arynews.tv/govt-to-launch-online-portal-for-petrol-subsidy-scheme,arynews.tv,English,Pakistan,petrol,2026-09-24T04:00:00+00:00
