date,epa_temperature_c,epa_humidity_pct,no2_ug_m3,so2_ug_m3,pm25_ug_m3
2018-05-17,31.57,27.36,18.36,18.32,14.32
2018-05-18,30.83,23.31,17.31,20.23,13.21
2018-05-21,29.3,26.52,16.32,14.32,14.21
2018-05-22,30.35,25.63,15.95,14.71,13.08
2018-05-23,30.92,25.32,16.03,8.48,13.86
2018-05-24,31.57,26.31,18.32,16.32,14.21
2018-05-25,32.53,24.22,19.34,17.32,17.2
2018-05-28,31.84,24.08,20.56,19.32,27.32
2018-05-29,32.83,26.57,26.13,10.01,34.44
2018-05-30,33.91,22.46,12.93,10.64,25.23
2018-05-31,31.91,32.7,45.13,10.39,33.02
2018-06-01,31.66,30.46,26.63,22.32,20.21
2018-06-03,31.5,30.73,31.23,12.69,34.11
2018-06-04,32.14,36.84,14.78,12.72,47.19
2018-06-05,32.51,37.88,17.57,16.21,21.23
2018-06-06,29.64,41.19,22.14,11.89,9.6
2018-06-07,29.92,58.78,33.94,13.12,34.9
2018-06-08,30.14,60.23,32.87,27.56,18.32
2018-06-11,31.08,37.21,30.21,24.32,17.32
2018-06-12,32.56,30.11,29.14,22.36,16.14
2018-06-13,32.13,31.2,30.35,28.28,14.58
2018-06-14,33.21,31.47,22.62,20.54,18.63
2018-06-19,31.11,23.13,19.8,13.68,23.89
2018-06-20,28.74,56.79,9.13,4.99,22.34
2018-06-21,32.05,53.77,10.8,4.23,25.42
2018-06-22,31.02,35.63,11.16,10.68,26.63
2018-06-25,30.56,39.52,14.56,11.24,20.21
2018-06-26,30.12,38.23,18.56,13.74,18.21
2018-06-27,29.31,37.36,20.35,18.21,17.84
2018-06-28,30.87,41.32,22.47,17.03,16.32
2018-06-29,31.07,39.85,21.89,16.51,23.87
2018-07-02,32.66,48.23,15.47,13.22,24.36
2018-07-03,32.14,53.77,10.8,4.23,25.42
2018-07-04,28.32,51.32,17.63,15.34,22.21
2018-07-05,29.56,50.23,19.04,17.63,21.03
2018-07-06,31.41,48.32,20.22,18.42,23.54
2018-07-09,31.56,63.42,20.51,12.57,23.64
2018-07-10,35.18,50.08,16.8,17.66,25.26
2018-07-11,31.53,62.43,17.21,14.87,32.15
2018-07-12,29.02,68.21,13.21,7.21,13.54
2018-07-13,27.29,84.24,5.31,3.03,9.4
2018-07-16,28.52,86.21,4.17,3.66,34.27
2018-07-17,28.65,82.74,6.24,3.81,20.21
2018-07-18,29.21,83.21,7.11,3.2,19.21
2018-07-19,30.21,80.21,8.32,4.21,21.1
2018-07-20,29.6,73.97,8.24,6.31,28.0
2018-07-23,28.52,65.6,10.28,3.04,20.74
2018-07-24,26.53,61.5,7.21,4.11,20.04
2018-07-25,27.57,62.31,8.66,3.74,18.21
2018-07-26,28.52,65.6,10.28,3.04,20.74
2018-07-27,29.9,70.66,9.62,2.87,18.14
2018-07-30,27.76,80.0,9.07,3.02,16.74
2018-07-31,26.56,77.99,8.62,1.93,17.16
2018-08-01,28.69,72.89,9.05,1.61,20.31
2018-08-02,27.01,81.56,10.27,1.3,23.84
2018-08-05,29.26,82.68,5.72,1.65,29.81
2018-08-06,28.75,86.92,3.54,2.28,27.51
2018-08-07,26.27,98.14,7.05,1.6,15.93
2018-08-08,26.4,89.9,4.81,2.29,10.53
2018-08-09,29.1,78.16,4.16,2.18,12.13
2018-08-12,29.04,85.86,3.96,1.99,34.0
2018-08-13,28.0,88.5,4.54,1.87,15.54
2018-08-14,29.02,66.21,13.21,7.21,16.23
2018-08-15,30.24,70.01,6.53,2.66,23.42
2018-08-16,28.52,66.21,4.17,3.66,34.27
2018-08-19,29.21,63.21,7.11,3.2,19.21
2018-08-20,30.21,70.21,11.32,4.21,22.1
2018-08-21,,,,,
2018-08-22,,,,,
2018-08-23,,,,,
2018-08-26,27.57,62.31,8.66,3.74,18.21
2018-08-27,28.69,69.32,6.47,2.22,20.0
2018-08-28,27.97,78.73,8.87,1.57,31.28
2018-08-29,29.26,77.58,5.79,1.48,33.36
2018-08-30,26.45,87.63,9.87,1.45,33.73
2019-05-15,24.6,32.0,22.6,21.3,14.61
2019-05-16,25.4,38.0,17.6,16.4,13.8
2019-05-17,26.91,45.0,20.3,19.8,11.6
2019-05-18,,,,,
2019-05-19,,,,,
2019-05-20,27.6,62.0,12.68,16.8,19.73
2019-05-21,29.83,28.06,59.38,40.84,31.6
2019-05-22,30.48,25.77,51.18,22.07,34.74
2019-05-23,23.87,64.36,25.31,3.34,24.59
2019-05-24,24.3,60.1,23.7,11.4,20.6
2019-05-25,,,,,
2019-05-26,,,,,
2019-05-27,18.77,43.69,13.33,7.04,26.13
2019-05-28,18.27,50.63,37.76,16.11,32.93
2019-05-29,27.6,63.3,22.0,14.3,20.6
2019-05-30,28.55,32.4,9.39,6.39,29.38
2019-05-31,30.21,35.68,13.65,16.4,20.8
2019-06-01,29.32,33.23,18.61,18.54,32.12
2019-06-02,35.04,30.76,20.42,7.77,30.6
2019-06-03,25.95,36.43,11.54,11.06,30.18
2019-06-04,30.15,38.38,11.71,11.4,30.91
2019-06-05,25.87,36.55,11.97,11.57,30.74
2019-06-06,21.72,35.43,11.44,11.84,29.41
2019-06-07,22.48,36.1,11.22,11.66,29.24
2019-06-08,24.33,36.91,11.66,11.47,28.35
2019-06-09,24.62,36.9,11.21,11.06,29.9
2019-06-10,24.6,38.17,11.14,11.33,32.76
2019-06-11,21.8,38.86,11.47,11.32,28.47
2019-06-12,20.53,39.55,10.67,10.9,26.67
2019-06-13,23.14,36.63,12.32,11.62,30.7
2019-06-14,23.32,36.47,11.99,11.18,29.43
2019-06-15,23.78,40.92,10.28,10.1,28.23
2019-06-16,22.89,41.81,10.47,10.29,27.35
2019-06-17,23.25,39.41,10.76,10.89,29.75
2019-06-18,23.04,40.07,10.78,10.7,28.67
2019-06-19,32.93,35.32,16.98,7.1,29.52
2019-06-20,27.0,37.4,11.44,10.43,17.0
2019-06-21,27.4,35.43,12.18,10.88,19.57
2019-06-22,27.27,36.65,11.91,10.49,20.73
2019-06-23,26.73,37.89,11.44,10.3,24.2
2019-06-24,26.07,37.04,14.52,11.5,30.39
2019-06-25,32.2,31.71,14.23,11.6,27.31
2019-06-26,35.47,24.58,14.26,12.26,28.83
2019-06-27,35.62,18.7,13.91,11.19,34.22
2019-06-28,36.0,18.45,13.87,11.17,32.84
2019-06-29,37.64,19.87,11.62,10.0,43.29
2019-06-30,35.9,22.37,11.91,9.39,29.16
2019-07-01,36.37,20.34,15.03,10.6,33.67
2019-07-02,38.5,18.5,15.43,11.66,41.24
2019-07-03,36.53,18.11,16.06,11.82,41.36
2019-07-04,36.77,18.81,16.17,11.1,42.24
2019-07-05,34.0,24.58,15.05,9.79,34.25
2019-07-06,29.5,28.58,12.39,8.81,31.6
2019-07-07,33.5,30.95,12.44,8.93,32.31
2019-07-08,34.67,34.64,14.1,10.13,31.94
2019-07-09,34.67,34.64,14.1,10.13,31.94
2019-07-10,29.0,38.22,14.04,9.47,30.98
2019-07-11,28.33,39.34,13.12,9.08,31.07
2019-07-12,30.6,38.31,10.93,7.12,39.55
2019-07-13,28.7,41.73,10.07,6.17,27.6
2019-07-14,28.6,43.17,10.12,6.21,28.43
2019-07-15,29.44,61.83,7.7,5.66,31.59
2019-07-16,27.53,59.13,11.14,4.29,26.0
2019-07-17,27.07,64.13,10.28,5.08,34.86
2019-07-18,27.87,62.46,12.91,5.0,36.5
2019-07-19,30.7,54.2,13.91,5.38,36.67
2019-07-20,30.93,52.54,11.74,4.61,26.26
2019-07-21,27.9,58.79,11.43,4.43,34.3
2019-07-22,29.57,81.5,9.09,5.91,37.85
2019-07-23,30.8,46.82,13.59,4.7,41.39
2019-07-24,34.83,59.82,10.0,4.15,44.2
2019-07-25,25.03,62.06,16.05,4.77,24.24
2019-07-26,27.73,55.83,16.19,4.73,23.82
2019-07-27,26.73,57.97,14.78,4.67,23.82
2019-07-28,27.37,59.82,16.19,4.88,24.56
2019-07-29,31.03,48.49,12.23,4.89,25.49
2019-07-30,31.4,45.78,11.14,5.07,28.26
2019-07-31,26.93,48.49,9.57,5.8,18.75
2019-08-01,25.6,59.72,11.43,5.72,18.68
2019-08-02,29.0,43.44,12.34,5.95,27.35
2019-08-03,28.43,47.45,10.95,5.56,24.01
2019-08-04,31.47,44.23,14.66,4.85,28.44
2019-08-05,31.17,49.04,8.27,5.13,27.78
2019-08-06,31.6,51.94,10.77,5.02,26.82
2019-08-07,27.77,54.47,13.02,5.95,26.77
2019-08-08,31.53,47.62,10.11,5.26,29.1
2019-08-09,28.87,69.23,10.8,5.62,22.1
2019-08-10,25.29,65.47,11.85,5.64,20.64
2019-08-11,26.6,60.55,12.25,5.85,24.82
2019-08-12,27.73,57.5,11.97,5.79,23.89
2019-08-13,29.48,57.76,10.77,5.58,22.6
2019-08-14,28.63,64.6,11.15,5.75,24.55
2019-08-15,29.43,69.22,11.51,5.95,26.99
2019-08-16,28.47,62.47,9.22,6.08,26.77
2019-08-17,28.83,70.17,11.09,6.37,26.77
2019-08-18,28.82,69.95,10.73,6.46,26.04
2019-08-19,29.17,63.89,13.48,6.71,24.56
2019-08-20,30.4,69.31,16.3,6.99,25.94
2019-08-21,29.83,65.5,17.95,6.58,27.17
2019-08-22,30.83,62.33,12.51,6.17,33.21
2019-08-23,29.53,69.42,15.5,6.67,33.29
2019-08-24,31.17,57.33,14.53,6.15,33.17
2019-08-25,30.43,60.26,10.32,6.33,35.45
2019-08-26,26.53,70.98,15.19,7.6,31.91
2019-08-27,29.83,65.5,17.95,6.58,27.17
2019-08-28,30.83,64.58,13.18,6.54,37.17
2019-08-29,30.6,66.55,14.71,6.51,37.35
2019-08-30,30.43,60.26,10.32,6.33,35.45
2019-08-31,29.87,66.28,19.0,6.74,33.47
2019-09-01,30.33,68.79,10.95,6.84,27.57
2019-09-02,30.47,66.16,12.51,6.96,25.32
2019-09-03,30.5,67.02,15.13,6.95,33.82
2019-09-04,31.23,64.27,12.29,7.95,34.88
2019-09-05,29.67,72.43,11.66,7.8,32.93
2019-09-06,30.13,78.47,12.79,7.68,32.72
2019-09-07,30.0,72.46,10.82,7.72,23.29
2019-09-08,29.4,73.76,13.16,7.86,29.26
2019-09-09,31.3,68.15,10.23,6.74,36.71
2019-09-10,31.53,66.79,10.64,6.74,37.36
2019-09-11,31.27,68.47,11.95,6.8,41.63
2019-09-12,31.8,63.8,13.82,6.68,44.38
2019-09-13,28.77,77.62,11.49,5.75,35.04
2019-09-14,30.03,72.32,11.38,5.52,30.12
2019-09-15,29.5,73.45,10.61,5.85,29.91
2019-09-16,28.57,77.32,11.93,5.79,30.16
2019-09-17,29.4,76.72,15.65,9.65,44.49
2019-09-18,28.93,80.14,13.67,8.6,51.04
2019-09-19,27.23,83.96,12.79,7.91,36.21
2019-09-20,27.67,78.26,14.29,8.44,33.28
2019-09-21,28.7,74.47,17.3,9.85,41.81
2019-09-22,29.43,71.81,13.85,11.09,42.24
2019-09-23,28.4,76.0,12.6,9.85,43.34
2019-09-24,28.43,74.26,12.32,9.84,53.16
2019-09-25,27.17,80.28,14.59,10.28,60.7
2019-09-26,28.8,78.07,11.6,9.48,51.52
2019-09-27,27.67,83.69,14.21,9.85,29.31
2019-09-28,26.43,84.56,11.23,8.82,23.85
2019-09-29,26.53,82.08,9.78,8.38,27.6
2019-09-30,27.0,78.69,12.11,9.12,28.35
2019-10-01,25.6,83.38,15.25,9.89,32.95
2019-10-02,26.07,80.52,16.43,11.82,39.35
2019-10-03,23.73,85.4,19.68,13.85,40.55
2019-10-04,26.07,80.68,11.58,9.45,27.27
2019-10-05,26.47,83.11,15.11,10.93,34.79
2019-10-06,23.37,85.79,22.96,17.0,47.15
2019-10-07,24.57,82.11,17.78,14.99,31.08
2019-10-08,26.4,79.13,16.55,13.94,38.7
2019-10-09,25.03,85.36,22.89,9.9,33.55
2019-10-10,26.6,81.38,19.44,10.56,41.75
2019-10-11,27.0,79.01,21.55,10.74,47.03
2019-10-12,26.97,79.76,21.63,10.73,58.63
2019-10-13,27.13,78.78,19.23,10.8,58.51
2019-10-14,27.23,76.34,20.13,11.67,55.78
2019-10-15,27.47,76.32,19.56,11.09,54.67
2019-10-16,27.13,78.78,19.14,11.19,89.96
2019-10-17,26.27,85.24,14.6,11.2,53.43
2019-10-18,24.63,86.38,16.53,12.39,34.59
2019-10-19,24.77,84.24,20.1,12.98,45.87
2019-10-20,24.87,80.71,16.52,13.62,52.94
2019-10-21,24.87,80.71,16.52,13.62,52.94
2019-10-22,25.17,82.74,20.88,13.4,46.37
2019-10-23,25.57,80.26,19.66,13.2,49.94
2019-10-24,26.27,77.94,21.18,13.0,56.43
2019-10-25,26.53,75.24,18.41,12.91,56.81
2019-10-26,26.43,76.06,23.31,11.93,52.23
2019-10-27,26.2,77.19,18.21,11.3,53.52
2019-10-28,26.23,75.26,24.12,12.65,60.82
2019-10-29,24.67,73.49,35.1,14.32,86.01
2019-10-30,24.83,72.1,25.82,13.77,84.6
2019-10-31,25.7,60.67,20.9,13.82,61.34
2019-11-01,22.45,65.67,22.56,13.78,38.65
2019-11-02,21.52,67.23,18.57,15.67,40.76
2019-11-03,20.76,68.01,17.98,14.76,37.85
2019-11-04,22.33,68.57,20.99,12.21,36.09
2019-11-05,19.6,73.39,24.84,17.63,43.87
2019-11-06,17.86,76.64,27.01,18.97,32.95
2019-11-07,15.67,79.33,20.92,14.99,38.68
2019-11-08,19.03,73.0,16.58,17.61,34.53
2019-11-09,21.03,67.33,20.26,20.06,44.83
2019-11-10,21.17,65.33,21.06,17.53,46.66
2019-11-11,19.57,64.33,21.39,17.97,44.11
2019-11-12,16.63,69.0,31.49,22.54,90.05
2019-11-13,16.57,70.0,31.25,24.44,51.72
2019-11-14,17.02,69.0,30.97,23.75,43.78
2019-11-15,17.83,66.0,21.67,18.42,36.4
2019-11-16,16.53,61.0,16.54,21.13,37.99
2019-11-17,19.57,64.0,9.71,19.02,37.62
2019-11-18,19.8,61.33,16.17,18.44,40.57
2019-11-19,18.07,64.0,25.56,22.94,77.66
2019-11-20,16.2,67.0,33.83,24.73,95.69
2019-11-21,14.33,72.0,30.98,28.03,48.0
2019-11-22,15.21,70.32,20.76,18.43,50.75
2019-11-23,16.1,68.31,30.54,21.56,53.67
2019-11-24,17.2,66.33,21.8,22.29,42.92
2019-11-25,17.57,63.0,23.57,21.42,59.76
2019-11-26,16.6,70.0,19.09,22.76,68.56
2019-11-27,14.47,73.0,21.65,25.15,65.15
2019-11-28,14.2,75.67,23.33,25.19,46.12
2019-11-29,14.76,70.67,20.45,20.45,50.62
2019-11-30,15.21,69.8,21.67,22.89,53.54
2019-12-01,16.21,65.23,31.25,25.48,62.54
2019-12-02,16.77,68.33,33.77,27.13,65.67
2019-12-03,16.33,71.67,41.17,31.1,53.79
2019-12-04,16.9,68.33,48.02,30.28,64.47
2019-12-05,15.93,70.33,45.92,29.65,65.28
2019-12-06,15.62,71.25,48.25,30.27,66.79
2019-12-07,16.25,60.27,44.56,27.84,68.21
2019-12-08,16.67,68.0,33.16,24.12,65.01
2019-12-09,14.63,73.67,60.64,36.3,121.97
2019-12-10,14.93,71.67,52.19,31.96,72.66
2019-12-11,12.25,75.45,50.12,35.42,68.42
2019-12-12,10.5,77.33,44.09,40.54,50.93
2019-12-13,11.42,75.25,42.25,38.54,52.13
2019-12-14,11.98,77.78,45.21,45.21,49.56
2019-12-15,12.87,74.67,19.52,39.44,44.97
2019-12-16,14.93,72.0,29.7,36.93,53.81
2019-12-17,14.97,73.67,35.24,39.81,54.0
2019-12-18,16.21,68.0,60.64,24.12,72.66
2019-12-19,16.77,73.67,52.19,36.3,68.42
2019-12-20,12.25,71.67,41.17,31.96,50.93
2019-12-21,10.5,68.33,48.02,35.42,52.13
2019-12-22,14.97,72.67,30.83,40.54,49.56
2019-12-23,10.5,77.33,60.64,36.3,68.42
2019-12-24,11.42,75.25,52.19,31.96,50.93
2019-12-25,11.6,77.67,44.21,51.77,71.35
2019-12-26,10.6,75.52,45.21,48.21,65.54
2019-12-27,10.52,78.25,50.21,44.62,62.12
2019-12-28,9.98,77.12,54.12,40.12,60.18
2019-12-29,9.33,81.0,28.0,67.73,66.48
2019-12-30,10.23,77.33,26.89,53.17,64.53
2019-12-31,10.32,77.25,35.45,50.85,60.45
2020-01-01,7.6,68.52,33.63,42.93,38.17
2020-01-02,7.52,72.25,35.64,45.34,49.6
2020-01-03,6.5,74.12,34.42,44.4,44.93
2020-01-04,7.01,65.1,31.2,37.6,51.35
2020-01-05,6.58,68.4,30.5,48.6,65.4
2020-01-06,6.2,70.3,24.21,31.4,32.12
2020-01-07,6.88,74.2,29.6,32.6,44.3
2020-01-08,6.53,79.0,33.63,78.88,50.36
2020-01-09,6.54,70.0,34.8,66.03,40.72
2020-01-10,6.37,68.2,33.27,70.09,38.9
2020-01-11,6.3,51.3,34.63,60.3,45.7
2020-01-12,5.61,47.2,30.4,44.1,27.3
2020-01-13,5.44,50.36,30.2,35.21,22.6
2020-01-14,5.42,54.8,32.71,33.8,30.4
2020-01-15,5.66,57.3,35.4,41.6,33.75
2020-01-16,6.31,64.2,34.2,48.3,34.2
2020-01-17,6.21,68.3,33.5,44.6,46.8
2020-01-18,6.5,74.3,32.6,45.8,42.3
2020-01-19,6.58,78.6,30.82,52.4,48.2
2020-01-20,7.07,81.33,31.63,67.75,59.8
2020-01-21,8.63,51.0,31.64,66.03,38.63
2020-01-22,10.4,49.33,31.42,65.09,34.7
2020-01-23,7.7,45.7,34.71,62.93,48.16
2020-01-24,6.86,52.8,34.5,55.34,41.27
2020-01-25,6.83,64.3,19.21,34.4,18.08
2020-01-26,6.9,70.3,22.3,37.6,85.54
2020-01-27,6.97,83.6,24.06,44.1,62.24
2020-01-28,7.1,97.0,25.32,47.32,31.63
2020-01-29,11.7,64.0,21.16,37.01,40.26
2020-01-30,12.6,49.66,23.16,42.2,53.02
2020-01-31,13.76,54.4,22.23,32.57,64.66
2020-02-01,13.45,33.4,27.36,35.6,58.0
2020-02-02,13.7,32.3,26.03,34.21,65.73
2020-02-03,13.43,50.33,27.58,33.9,79.36
2020-02-04,13.51,46.1,26.3,32.7,77.0
2020-02-05,13.8,41.33,23.51,31.13,65.06
2020-02-06,12.87,54.33,25.05,29.67,48.4
2020-02-07,13.2,56.2,24.6,35.6,79.0
2020-02-08,13.71,55.8,25.2,31.9,82.0
2020-02-09,14.43,57.66,23.66,32.35,75.87
2020-02-10,15.06,46.33,28.92,44.25,103.04
2020-02-11,14.56,59.0,30.0,44.21,92.23
2020-02-12,14.0,65.0,23.93,32.49,87.91
2020-02-13,14.6,71.4,21.53,29.21,66.66
2020-02-14,15.33,73.7,18.72,25.94,29.65
2020-02-15,17.33,46.66,20.23,23.53,26.96
2020-02-16,16.7,43.0,21.4,25.0,21.16
2020-02-17,17.33,32.0,23.96,27.93,33.41
2020-02-18,17.7,22.33,24.13,30.06,72.0
2020-02-19,19.66,72.33,25.26,23.8,38.5
2020-02-20,17.33,92.66,23.86,23.06,21.25
2020-02-21,17.81,81.2,32.8,28.4,73.0
2020-02-22,18.8,74.6,29.51,24.3,32.0
2020-02-23,20.66,68.33,26.46,30.2,40.43
2020-02-24,20.0,66.33,28.3,30.5,39.33
2020-02-25,20.33,47.33,28.43,30.83,48.1
2020-02-26,20.7,42.0,30.93,33.66,56.7
2020-02-27,20.33,71.0,30.7,33.66,55.33
2020-02-28,20.58,73.13,24.6,30.73,47.0
2020-02-29,20.7,64.4,22.82,27.34,26.0
2020-03-01,18.0,83.7,20.03,21.24,28.7
2020-03-02,19.7,55.33,18.4,19.53,29.7
2020-03-03,19.33,55.33,20.4,23.6,47.07
2020-03-04,17.7,97.7,20.66,22.1,34.66
2020-03-05,16.5,92.2,20.31,23.4,27.2
2020-03-06,16.33,94.0,20.44,24.43,25.0
2020-03-07,16.2,90.2,20.8,24.6,20.3
2020-03-08,16.0,88.7,22.51,26.06,21.54
2020-03-09,17.33,56.4,23.6,26.8,28.4
2020-03-10,17.66,45.33,25.08,27.15,53.46
2020-03-11,15.66,88.7,21.52,24.86,25.75
2020-03-12,14.7,97.33,19.83,23.33,17.83
2020-03-13,16.0,63.7,19.1,22.73,24.1
2020-03-14,17.33,61.7,19.4,23.4,31.2
2020-03-15,18.7,63.33,19.7,23.6,33.33
2020-03-16,16.0,56.66,18.54,23.2,35.0
2020-03-17,16.7,53.0,16.9,23.96,34.05
2020-03-18,17.33,52.33,19.3,26.23,41.31
2020-03-19,17.66,47.0,18.04,23.8,32.46
2020-03-20,18.33,42.33,16.96,19.43,19.74
2020-03-21,17.2,54.8,16.8,19.31,20.4
2020-03-22,16.8,70.0,16.6,19.4,22.6
2020-03-23,16.6,83.6,16.5,19.21,17.8
2020-03-24,16.33,94.66,16.1,19.5,16.67
2020-03-25,17.33,87.7,15.36,18.86,21.8
2020-03-26,17.7,59.0,14.26,14.93,18.97
2020-03-27,17.7,96.0,12.93,13.3,16.17
2020-03-28,17.33,88.0,11.8,14.4,10.9
2020-03-29,17.13,75.3,12.6,15.2,13.6
2020-03-30,16.8,68.1,10.6,13.6,14.4
2020-03-31,17.66,60.6,12.1,14.7,16.8
2020-04-01,18.3,88.0,8.14,11.63,9.63
2020-04-02,18.8,46.0,8.47,11.24,12.6
2020-04-03,19.0,87.0,9.24,12.6,11.43
2020-04-04,18.0,52.0,10.3,12.47,11.61
2020-04-05,18.8,87.0,9.87,12.35,12.46
2020-04-06,19.0,37.0,8.93,14.6,14.63
2020-04-07,20.0,43.0,10.3,13.8,12.4
2020-04-08,21.0,45.0,10.5,13.93,21.3
2020-04-09,18.33,54.33,11.4,14.06,19.54
2020-04-10,18.8,50.33,9.61,13.4,18.63
2020-04-11,18.3,42.6,9.45,13.16,15.34
2020-04-12,19.7,38.33,10.23,12.86,24.04
2020-04-13,19.66,53.6,10.6,13.66,16.34
2020-04-14,18.66,55.3,10.42,14.13,14.79
2020-04-15,19.33,62.3,9.88,13.72,13.75
2020-04-16,19.11,78.1,9.53,14.37,14.62
2020-04-17,19.0,97.33,9.26,11.4,15.45
2020-04-18,19.33,63.0,8.92,10.06,12.84
2020-04-19,20.0,46.7,8.46,10.11,13.52
2020-04-20,19.33,53.7,9.93,12.83,18.47
2020-04-21,20.33,49.6,10.18,13.6,19.11
2020-04-22,20.66,45.0,10.06,12.82,21.33
2020-04-23,19.66,50.0,11.34,13.68,20.6
2020-04-24,20.11,48.0,10.66,14.71,19.22
2020-04-25,20.33,100.0,10.78,15.23,18.6
2020-04-26,19.66,67.33,9.4,11.63,23.89
2020-04-27,20.33,88.7,9.36,12.84,20.9
2020-04-28,20.33,55.33,13.34,15.46,30.69
2020-04-29,20.4,44.0,12.83,15.81,26.32
2020-04-30,20.66,38.0,12.61,16.56,26.06
2020-05-01,23.0,37.0,8.73,11.72,27.62
2020-05-02,23.3,30.0,7.4,11.63,24.3
2020-05-03,22.5,28.0,8.24,11.81,22.3
2020-05-04,24.5,54.3,10.3,15.7,18.3
2020-05-05,22.5,44.0,12.6,14.9,16.4
2020-05-06,25.0,33.0,13.74,14.78,11.47
2020-05-07,26.5,27.0,14.31,16.2,11.52
2020-05-08,27.5,43.7,11.34,14.56,19.43
2020-05-09,25.0,48.0,10.92,13.7,20.03
2020-05-10,27.5,55.6,11.86,13.51,20.85
2020-05-11,22.33,76.3,11.53,12.86,20.13
2020-05-12,23.0,78.0,11.83,14.7,22.27
2020-05-13,28.5,53.0,12.6,16.3,11.47
2020-05-14,22.5,40.0,13.11,17.6,22.6
2020-05-15,23.0,38.0,13.22,17.2,13.5
2020-05-16,28.0,31.0,14.3,15.37,16.2
2020-05-17,22.5,45.0,14.6,14.3,15.45
2020-05-18,26.3,40.0,15.8,10.06,16.37
2020-05-19,24.33,59.0,16.28,18.89,29.35
2020-05-20,26.5,53.7,9.93,12.83,28.57
2020-05-21,28.5,49.6,10.18,13.6,27.36
2020-05-22,30.5,35.0,11.6,12.82,31.4
2020-05-23,29.5,78.0,10.88,13.68,21.8
2020-05-24,29.0,66.0,11.73,14.71,29.64
2020-05-25,31.5,50.0,10.51,23.6,23.8
2020-05-26,32.1,39.0,11.9,16.8,18.43
2020-05-27,32.0,44.0,13.6,18.1,20.11
2020-05-28,31.5,58.33,13.34,17.54,18.45
2020-05-29,29.5,63.0,12.83,15.81,26.32
2020-05-30,28.6,48.0,12.61,16.6,17.8
2020-05-31,29.5,45.0,14.4,17.33,16.23
2020-06-01,29.0,37.0,8.73,11.72,23.62
2020-06-02,31.3,30.0,7.4,11.63,20.8
2020-06-03,29.5,28.0,8.24,11.81,22.3
2020-06-04,30.33,54.3,10.3,15.7,18.3
2020-06-05,33.3,44.0,12.6,14.9,16.4
2020-06-06,31.5,33.0,13.74,14.78,13.2
2020-06-07,33.4,27.0,14.31,16.2,12.61
2020-06-08,31.5,43.7,11.34,14.56,17.5
2020-06-09,25.0,48.0,10.92,13.7,18.3
2020-06-10,27.5,55.6,11.86,13.51,18.8
2020-06-11,31.0,76.3,11.53,12.86,20.13
2020-06-12,30.6,78.0,11.83,14.7,16.3
2020-06-13,32.5,53.0,12.6,16.3,15.41
2020-06-14,31.8,40.0,13.11,17.6,13.66
2020-06-15,31.33,38.0,13.22,17.2,18.6
2020-06-16,30.0,15.0,16.0,22.23,21.3
2020-06-17,30.33,15.7,16.53,22.82,21.45
2020-06-18,30.66,40.0,15.8,10.06,20.13
2020-06-19,32.4,59.0,16.28,18.89,18.22
2020-06-20,34.0,53.7,9.93,12.83,19.8
2020-06-21,31.33,49.6,10.18,13.6,27.3
2020-06-22,32.5,35.0,11.6,12.82,33.8
2020-06-23,32.0,47.66,15.4,21.09,22.74
2020-06-24,33.5,50.0,10.3,14.5,20.6
2020-06-25,32.8,58.0,14.7,15.3,20.38
2020-06-26,33.0,56.0,13.8,16.5,21.46
2020-06-27,32.0,78.0,14.31,16.2,15.8
2020-06-28,31.0,83.0,11.88,15.11,15.4
2020-06-29,33.3,53.0,13.1,14.6,19.3
2020-06-30,32.7,38.0,14.2,14.87,22.86
2020-07-01,30.3,35.0,15.73,14.2,21.3
2020-07-02,32.7,31.7,17.1,20.07,27.13
2020-07-03,33.0,56.0,16.8,13.1,20.4
2020-07-04,31.33,88.0,14.66,15.7,15.3
2020-07-05,33.3,65.0,15.8,14.4,16.22
2020-07-06,33.5,55.0,16.43,19.77,22.6
2020-07-07,34.5,51.0,18.6,24.8,27.8
2020-07-08,34.0,49.0,16.8,22.35,33.76
2020-07-09,34.33,44.33,23.64,20.04,34.6
2020-07-10,32.33,45.0,20.5,22.7,23.7
2020-07-11,31.0,88.0,19.88,23.8,22.4
2020-07-12,31.33,69.0,16.73,19.6,16.3
2020-07-13,33.7,36.33,13.44,15.5,16.4
2020-07-14,33.0,48.0,18.6,21.44,18.6
2020-07-15,31.27,66.7,13.88,17.21,24.25
2020-07-16,33.66,62.33,13.5,16.7,26.7
2020-07-17,30.0,80.0,20.6,28.9,33.8
2020-07-18,31.0,56.0,27.5,39.4,40.88
2020-07-19,32.0,69.0,21.33,37.8,32.0
2020-07-20,33.3,42.0,20.7,35.88,31.6
2020-07-21,34.0,39.0,21.43,34.74,30.9
2020-07-22,33.6,45.0,22.1,33.6,28.4
2020-07-23,31.3,48.0,19.6,33.31,27.6
2020-07-24,32.2,52.0,24.66,35.2,36.7
2020-07-25,30.3,86.0,22.8,31.6,30.8
2020-07-26,32.7,78.71,16.24,20.1,26.96
2020-07-27,33.3,66.7,17.93,25.86,34.96
2020-07-28,33.3,70.33,19.43,26.2,31.4
2020-07-29,32.0,68.0,16.93,21.83,28.9
2020-07-30,32.7,73.0,19.2,26.44,30.7
2020-07-31,34.0,66.0,18.7,25.88,28.6
2020-08-01,33.0,65.0,17.93,24.83,25.6
2020-08-02,33.7,62.0,20.6,28.7,27.9
2020-08-03,34.0,58.0,18.7,29.6,28.33
2020-08-04,33.0,48.0,17.6,28.77,26.8
2020-08-05,34.0,50.0,19.6,30.6,29.3
2020-08-06,35.0,51.0,18.9,25.8,20.6
2020-08-07,29.0,57.0,18.3,26.1,21.9
2020-08-08,32.0,61.0,17.6,24.6,22.5
2020-08-09,31.0,65.0,17.5,26.4,21.3
2020-08-10,32.0,96.7,17.3,21.16,20.03
2020-08-11,31.0,80.7,19.54,24.03,30.6
2020-08-12,31.0,85.33,21.53,25.03,29.56
2020-08-13,33.0,63.0,24.9,33.6,31.3
2020-08-14,35.0,59.0,26.4,36.7,32.6
2020-08-15,34.0,43.0,20.6,27.3,40.8
2020-08-16,33.7,63.0,18.8,33.6,41.6
2020-08-17,35.0,70.0,21.6,24.9,23.4
2020-08-18,34.0,82.0,20.1,25.1,20.6
2020-08-19,35.0,70.0,21.6,24.5,19.2
2020-08-20,34.0,82.0,18.2,23.21,17.66
2020-08-21,33.7,56.0,18.4,23.6,18.1
2020-08-22,33.3,63.0,19.7,24.9,18.72
2020-08-23,34.0,59.33,15.3,18.27,17.52
2020-08-24,33.7,68.0,19.19,24.4,27.8
2020-08-25,32.7,88.33,19.5,26.8,28.5
2020-08-26,30.66,90.7,18.66,23.93,15.25
2020-08-27,29.0,92.0,12.86,16.64,5.46
2020-08-28,33.0,88.0,17.3,22.4,12.6
2020-08-29,31.0,86.0,16.8,20.6,11.7
2020-08-30,32.0,80.0,17.9,22.6,13.2
2020-08-31,33.0,70.0,18.6,24.6,14.91
2020-09-01,30.0,68.0,20.11,25.2,22.1
2020-09-02,32.0,63.0,18.7,24.7,20.3
2020-09-03,31.0,77.0,18.2,24.41,19.1
2020-09-04,32.0,83.0,18.5,27.4,18.6
2020-09-05,31.0,75.0,19.7,28.66,19.4
2020-09-06,30.0,61.33,15.36,19.77,11.94
2020-09-07,29.0,55.33,16.36,19.73,13.5
2020-09-08,32.0,52.0,22.8,21.16,22.6
2020-09-09,32.0,54.0,23.2,24.03,27.1
2020-09-10,31.0,59.0,25.8,38.7,28.7
2020-09-11,31.0,64.0,19.54,24.03,26.4
2020-09-12,33.0,55.0,23.7,26.7,29.3
2020-09-13,32.3,66.0,26.42,30.6,34.2
2020-09-14,33.0,58.0,25.6,29.4,31.9
2020-09-15,34.0,62.0,26.4,28.6,31.4
2020-09-16,34.0,59.0,27.1,32.7,34.2
2020-09-17,34.5,66.0,26.4,32.5,33.1
2020-09-18,34.7,47.0,24.3,30.8,25.9
2020-09-19,34.5,41.0,23.7,28.9,23.4
2020-09-20,34.0,64.0,24.8,29.6,25.3
2020-09-21,34.3,44.0,25.71,31.6,29.4
2020-09-22,34.0,44.0,27.53,33.2,32.8
2020-09-23,33.0,48.0,22.3,25.8,18.7
2020-09-24,30.0,44.33,19.73,24.3,19.35
2020-09-25,30.0,55.0,17.8,24.2,18.9
2020-09-26,31.3,44.0,15.3,21.4,14.5
2020-09-27,29.33,42.0,21.4,26.26,26.0
2020-09-28,30.3,39.0,22.24,31.2,29.93
2020-09-29,30.0,36.0,20.6,29.5,24.6
2020-09-30,29.0,37.0,18.6,24.7,20.8
2020-10-01,29.0,38.0,20.11,25.2,26.8
2020-10-02,29.3,29.0,23.2,28.4,31.43
2020-10-03,29.0,30.0,21.7,25.2,27.5
2020-10-04,28.5,31.0,20.6,25.8,25.4
2020-10-05,28.0,34.0,21.11,25.4,26.9
2020-10-06,28.5,21.0,18.6,22.3,18.78
2020-10-07,29.0,24.0,17.1,18.8,16.5
2020-10-08,28.0,26.0,18.9,23.2,22.6
2020-10-09,28.5,28.0,23.7,33.1,27.6
2020-10-10,28.3,31.0,26.3,34.5,30.1
2020-10-11,28.1,32.0,19.54,32.4,29.7
2020-10-12,28.0,33.0,23.7,33.6,31.4
2020-10-13,28.0,34.0,24.3,36.1,33.9
2020-10-14,27.5,27.0,24.1,27.3,29.0
2020-10-15,27.0,22.0,24.7,29.2,31.0
2020-10-16,27.0,23.0,23.5,28.1,27.4
2020-10-17,27.0,21.0,26.4,32.5,33.1
2020-10-18,26.5,23.0,24.3,30.8,26.3
2020-10-19,26.0,25.0,26.4,32.9,34.9
2020-10-20,26.0,30.0,23.8,28.6,29.4
2020-10-21,25.0,32.0,25.71,32.4,42.0
2020-10-22,24.0,33.0,38.3,49.6,59.3
2020-10-23,23.0,52.0,44.2,51.2,62.1
2020-10-24,23.0,27.0,47.8,56.7,68.51
2020-10-25,22.5,28.0,28.9,32.8,35.8
2020-10-26,22.0,22.0,27.8,33.4,36.9
2020-10-27,22.0,28.0,35.4,40.8,43.0
2020-10-28,21.0,27.0,36.6,39.22,42.8
2020-10-29,20.0,31.0,37.3,40.4,43.7
2020-10-30,21.0,32.0,33.8,35.3,32.4
2020-11-01,20.5,32.0,20.11,25.2,33.5
2020-11-02,21.0,33.0,23.2,28.4,27.6
2020-11-03,20.3,27.0,21.7,25.2,36.4
2020-11-04,19.5,24.0,26.7,30.8,34.2
2020-11-05,19.0,20.0,32.8,44.9,45.7
2020-11-06,18.3,28.0,33.2,41.8,44.8
2020-11-07,18.5,32.0,33.8,43.2,45.8
2020-11-08,19.3,37.0,38.4,47.6,48.0
2020-11-09,18.3,44.0,39.8,49.2,54.0
2020-11-10,18.0,59.0,42.5,51.7,63.0
2020-11-11,18.3,35.0,44.6,57.4,64.1
2020-11-12,17.5,40.0,45.7,56.81,62.3
2020-11-13,17.0,39.0,45.23,51.3,53.7
2020-11-14,16.0,77.0,29.7,33.4,35.0
2020-11-15,15.0,100.0,28.6,31.8,33.7
2020-11-16,16.3,93.0,18.8,22.4,17.8
2020-11-17,16.5,65.0,21.3,24.5,23.4
2020-11-18,17.5,50.0,25.2,28.1,30.9
2020-11-19,18.3,43.0,28.9,32.2,33.6
2020-11-20,18.5,38.0,37.6,45.3,47.8
2020-11-21,18.33,35.0,38.4,48.6,48.3
2020-11-22,17.8,37.0,35.1,50.2,39.8
2020-11-23,17.0,39.0,31.6,40.2,33.9
2020-11-24,16.5,42.0,36.2,44.8,37.9
2020-11-25,16.8,63.0,26.4,31.9,34.1
2020-11-26,15.5,46.0,31.8,37.6,39.7
2020-11-27,15.8,55.0,22.11,28.2,26.4
2020-11-28,14.5,64.0,25.2,29.4,28.3
2020-11-29,14.8,70.0,26.7,30.2,32.8
2020-11-30,16.0,55.0,33.4,38.1,40.5
2020-12-01,17.3,38.0,19.2,26.2,48.9
2020-12-02,16.5,33.0,23.6,37.1,59.7
2020-12-03,16.0,39.0,18.21,35.2,44.7
2020-12-04,15.0,87.0,25.3,35.5,57.8
2020-12-05,15.5,60.0,16.8,29.4,44.0
2020-12-06,15.3,56.0,17.81,31.2,45.7
2020-12-07,14.5,66.0,31.4,36.1,58.3
2020-12-08,13.0,81.33,21.36,29.63,26.7
2020-12-09,13.66,86.7,29.53,40.76,43.03
2020-12-10,14.0,73.0,31.3,34.2,37.4
2020-12-11,13.0,87.0,19.8,33.7,36.0
2020-12-12,11.0,100.0,13.6,15.3,12.9
2020-12-13,10.0,88.0,19.2,23.8,25.9
2020-12-14,9.3,90.0,32.6,42.4,43.6
2020-12-15,9.0,92.0,39.5,49.3,53.0
2020-12-16,9.0,69.0,33.9,43.6,40.8
2020-12-17,8.0,65.0,33.4,38.9,34.3
2020-12-18,9.7,44.33,17.5,26.5,47.8
2020-12-19,9.6,32.6,25.36,34.73,53.14
2020-12-20,9.3,40.0,24.8,35.6,61.31
2020-12-21,9.2,39.33,25.63,35.26,62.76
2020-12-22,9.3,46.6,20.8,29.36,63.76
2020-12-23,9.3,63.7,23.4,35.46,66.21
2020-12-24,8.3,62.0,25.3,39.6,74.3
2020-12-25,8.0,63.0,27.6,40.3,82.3
2020-12-26,7.0,82.0,22.4,35.1,58.0
2020-12-27,7.0,95.0,23.3,33.06,71.93
2020-12-28,7.6,80.0,20.17,28.83,47.86
2020-12-29,7.66,62.33,21.03,33.8,55.83
2020-12-30,6.0,69.0,24.8,36.77,68.8
2020-12-31,6.0,58.0,21.22,34.6,57.66
2021-01-01,6.0,26.0,19.2,26.2,48.9
2021-01-02,6.0,68.0,23.6,37.1,56.4
2021-01-03,6.0,96.0,18.21,31.6,38.3
2021-01-04,6.0,88.0,20.9,32.4,44.9
2021-01-05,11.0,100.0,13.72,21.9,23.61
2021-01-06,8.6,79.33,14.46,21.8,24.76
2021-01-07,9.0,57.0,22.03,32.96,41.9
2021-01-08,8.0,86.0,25.8,40.6,59.2
2021-01-09,7.0,71.0,24.6,41.5,57.6
2021-01-10,8.0,62.7,31.7,41.36,61.55
2021-01-11,8.5,71.33,37.92,45.65,74.82
2021-01-12,8.3,56.33,37.8,40.43,57.8
2021-01-13,8.0,56.33,29.26,39.06,60.57
2021-01-14,8.5,63.0,32.6,42.6,71.4
2021-01-15,8.0,62.0,33.7,40.3,68.9
2021-01-16,8.3,56.0,34.6,42.8,73.4
2021-01-17,9.0,51.33,33.58,43.16,78.44
2021-01-18,8.0,42.0,34.6,43.21,76.8
2021-01-19,9.0,48.66,32.63,41.15,59.58
2021-01-20,9.6,39.0,32.06,40.77,56.42
2021-01-21,9.0,43.0,33.4,40.1,56.3
2021-01-22,8.0,61.0,19.8,26.8,40.8
2021-01-23,8.0,68.0,20.77,27.2,42.9
2021-01-24,8.5,48.0,21.8,25.9,44.9
2021-01-25,8.0,38.0,25.4,30.3,49.5
2021-01-26,9.33,45.7,31.18,39.4,57.79
2021-01-27,8.3,37.0,24.7,29.4,46.5
2021-01-28,9.0,43.0,25.4,31.2,48.3
2021-01-29,8.0,35.0,22.6,28.7,43.8
2021-01-30,9.0,52.0,24.31,31.2,46.42
2021-01-31,8.3,62.0,26.26,36.8,58.7
2021-02-01,8.0,54.0,19.2,30.5,62.7
2021-02-02,9.66,58.33,17.16,23.65,29.85
2021-02-03,9.5,48.0,16.3,19.6,18.9
2021-02-04,9.0,74.0,18.6,20.1,20.45
2021-02-05,10.0,63.0,19.3,22.4,32.8
2021-02-06,11.0,51.0,22.1,29.3,42.3
2021-02-07,11.5,48.0,27.0,35.4,61.2
2021-02-08,12.0,43.0,28.33,38.5,65.82
2021-02-09,11.8,39.0,31.22,44.6,71.35
2021-02-10,12.5,40.0,32.3,47.63,74.82
2021-02-11,13.0,41.0,22.4,37.4,53.4
2021-02-12,12.0,43.0,27.3,38.6,57.2
2021-02-13,13.0,39.0,26.11,37.11,52.9
2021-02-14,14.0,38.0,26.3,37.3,50.1
2021-02-15,15.0,44.0,32.1,48.6,75.4
2021-02-16,15.0,46.0,28.6,45.62,62.9
2021-02-17,16.0,39.0,27.33,41.33,58.6
2021-02-18,16.3,43.0,23.6,40.55,55.83
2021-02-19,16.0,36.0,27.8,44.2,59.44
2021-02-20,17.0,38.0,31.7,48.2,62.7
2021-02-21,16.0,42.7,26.03,44.7,59.44
2021-02-22,16.0,54.0,27.88,42.61,52.68
2021-02-23,17.5,46.0,28.4,43.35,55.63
2021-02-24,18.0,38.0,25.61,36.4,44.67
2021-02-25,18.0,36.0,21.3,34.3,43.2
2021-02-26,19.0,40.0,22.6,38.5,46.3
2021-02-27,19.0,41.0,18.9,22.6,18.5
2021-02-28,20.0,32.0,18.11,23.6,20.1
2021-03-01,20.0,30.0,16.2,23.6,17.0
2021-03-02,19.66,39.66,13.73,19.43,16.43
2021-03-03,19.7,41.0,19.02,23.76,22.13
2021-03-04,20.0,42.0,21.6,29.7,27.0
2021-03-05,21.0,29.0,22.3,28.7,27.66
2021-03-06,22.0,38.0,16.8,22.5,22.1
2021-03-07,21.0,46.0,17.6,20.2,17.4
2021-03-08,20.0,74.0,18.93,21.6,20.6
2021-03-09,22.0,32.0,16.2,23.1,17.9
2021-03-10,21.0,48.0,14.3,22.4,16.0
2021-03-11,21.0,66.0,7.2,13.4,8.9
2021-03-12,20.0,60.0,8.7,15.6,12.3
2021-03-13,21.0,47.0,12.4,18.5,21.6
2021-03-14,21.0,36.0,11.8,18.9,22.9
2021-03-15,22.0,30.0,18.6,26.4,30.6
2021-03-16,22.0,43.0,19.4,27.3,33.8
2021-03-17,21.0,37.0,20.6,30.4,36.87
2021-03-18,21.0,35.0,22.3,32.9,39.4
2021-03-19,23.0,34.0,24.5,32.46,38.7
2021-03-20,22.0,58.0,21.7,27.4,26.3
2021-03-21,21.0,76.0,17.5,21.8,18.2
2021-03-22,20.0,82.0,7.3,12.6,12.8
2021-03-23,20.0,83.0,4.3,8.2,11.6
2021-03-24,19.0,73.66,10.6,15.6,10.04
2021-03-25,20.0,60.0,13.8,14.7,18.6
2021-03-26,21.0,37.0,14.7,23.1,20.4
2021-03-27,22.0,38.0,17.9,29.2,28.9
2021-03-28,22.0,60.0,15.4,26.8,23.6
2021-03-29,23.0,30.0,12.3,24.3,16.5
2021-03-30,23.0,32.0,16.4,20.9,19.6
2021-03-31,22.0,33.0,15.3,17.6,16.4
2021-04-01,20.0,30.0,16.2,23.6,17.0
2021-04-02,19.66,39.66,13.73,19.43,16.43
2021-04-03,19.7,41.0,19.02,23.76,22.13
2021-04-04,20.0,42.0,21.6,29.7,27.0
2021-04-05,21.0,29.0,22.3,28.7,27.66
2021-04-06,22.0,38.0,16.8,22.5,22.1
2021-04-07,21.0,84.0,8.5,12.73,9.2
2021-04-08,24.0,52.0,12.3,19.5,14.6
2021-04-09,22.0,42.0,13.2,21.6,14.77
2021-04-10,23.0,41.0,13.8,23.1,15.8
2021-04-11,22.0,48.0,18.1,24.1,19.0
2021-04-12,24.0,30.0,17.73,23.7,18.6
2021-04-13,24.0,41.0,17.84,25.4,19.4
2021-04-14,25.0,36.0,22.8,30.1,26.7
2021-04-15,24.0,85.0,13.5,19.6,16.4
2021-04-16,23.0,88.0,15.6,18.9,14.2
2021-04-17,23.0,84.0,13.5,17.3,9.8
2021-04-18,24.0,68.0,14.3,18.6,11.0
2021-04-19,24.0,38.0,15.22,19.8,13.5
2021-04-20,23.0,55.0,14.8,23.1,16.0
2021-04-21,22.5,51.0,9.3,13.6,9.6
2021-04-22,22.0,96.0,9.1,12.2,7.3
2021-04-23,23.0,52.0,10.8,15.3,10.4
2021-04-24,24.0,46.0,13.4,18.8,11.8
2021-04-25,24.0,37.0,16.7,19.7,14.6
2021-04-26,25.0,31.0,18.5,24.6,17.8
2021-04-27,27.0,30.0,15.8,22.8,14.6
2021-04-28,27.0,27.0,16.92,25.2,17.55
2021-04-29,27.5,30.0,15.7,18.5,16.4
2021-04-30,28.0,59.0,17.11,20.4,18.2
2021-05-01,23.0,57.0,15.7,20.3,16.7
2021-05-02,23.0,59.0,16.8,22.8,18.6
2021-05-03,23.0,38.0,18.9,25.9,23.6
2021-05-04,23.7,60.0,20.3,26.8,33.0
2021-05-05,24.0,56.0,14.5,17.6,20.3
2021-05-06,24.0,41.0,16.3,20.11,22.0
2021-05-07,24.0,37.0,16.5,20.4,21.0
2021-05-08,24.0,32.0,15.6,19.1,19.2
2021-05-09,24.0,29.0,13.33,17.4,18.0
2021-05-10,24.5,30.0,13.6,17.0,18.4
2021-05-11,25.0,31.0,13.8,17.7,17.88
2021-05-12,25.0,28.0,14.1,16.7,18.2
2021-05-13,25.0,25.0,12.5,13.6,16.4
2021-05-14,24.5,27.0,12.7,18.3,18.7
2021-05-15,25.0,44.0,12.66,16.7,15.6
2021-05-16,25.5,32.0,13.2,15.1,16.8
2021-05-17,26.0,33.0,13.5,16.7,18.3
2021-05-18,26.0,64.0,13.24,16.8,16.5
2021-05-19,26.0,40.0,9.11,17.3,18.8
2021-05-20,26.0,32.0,17.3,20.8,31.2
2021-05-21,26.5,35.0,9.6,13.9,13.4
2021-05-22,27.0,43.0,8.6,14.7,14.3
2021-05-23,27.0,35.0,8.91,14.6,12.6
2021-05-24,27.0,27.0,9.2,13.6,12.2
2021-05-25,27.0,26.0,9.4,16.9,11.7
2021-05-26,27.33,82.0,18.89,22.33,18.3
2021-05-27,28.0,18.0,18.6,23.4,20.8
2021-05-28,28.0,37.0,18.88,24.7,26.3
2021-05-29,28.0,49.0,20.6,26.4,30.2
2021-05-30,28.0,41.0,17.3,21.3,22.6
2021-05-31,28.0,49.0,15.4,20.2,19.0
2021-06-01,28.0,34.0,7.3,11.8,10.0
2021-06-02,29.0,39.0,6.0,12.6,13.6
2021-06-03,28.0,49.0,9.2,15.8,15.0
2021-06-04,29.0,43.0,8.3,14.2,11.5
2021-06-05,30.0,45.0,11.9,16.8,23.8
2021-06-06,30.0,32.0,14.0,20.3,34.6
2021-06-07,31.0,44.0,14.2,23.6,35.8
2021-06-08,32.0,29.0,13.4,22.4,33.4
2021-06-09,32.0,27.0,14.6,24.1,36.9
2021-06-10,34.0,26.7,18.86,21.4,33.6
2021-06-11,33.0,50.0,9.8,22.6,38.0
2021-06-12,32.0,48.0,6.9,13.2,20.6
2021-06-13,32.0,45.0,8.6,12.7,15.3
2021-06-14,33.0,52.0,11.0,15.8,25.0
2021-06-15,32.0,25.0,12.6,14.3,17.2
2021-06-16,31.0,55.0,6.3,12.22,11.6
2021-06-17,32.0,33.0,6.88,14.3,14.5
2021-06-18,32.0,22.0,12.3,20.1,23.0
2021-06-19,32.0,31.0,8.9,18.3,18.6
2021-06-20,31.0,30.0,7.4,15.6,15.4
2021-06-21,31.0,35.0,6.8,12.3,19.5
2021-06-22,32.0,31.0,7.3,16.3,13.4
2021-06-23,32.0,30.0,8.9,17.6,16.2
2021-06-24,33.0,18.0,7.9,16.8,14.6
2021-06-25,34.0,59.0,6.2,15.6,13.2
2021-06-26,31.0,40.0,6.3,12.2,10.0
2021-06-27,32.0,49.0,5.7,13.8,13.9
2021-06-28,34.0,46.0,6.88,15.6,18.7
2021-06-29,35.0,20.0,7.2,16.44,19.5
2021-06-30,36.0,16.0,9.6,17.5,23.5
2021-07-01,41.0,15.0,8.9,19.6,32.9
2021-07-02,40.0,20.0,5.7,13.8,31.0
2021-07-03,40.0,30.0,6.88,15.6,10.0
2021-07-04,38.0,45.0,7.2,16.44,20.0
2021-07-05,38.0,38.0,9.6,17.5,15.2
2021-07-06,37.0,35.0,7.6,19.2,20.6
2021-07-07,38.0,40.0,8.2,18.3,21.0
2021-07-08,39.0,18.0,7.6,17.2,18.6
2021-07-09,38.0,53.0,4.0,8.6,7.8
2021-07-10,37.0,56.0,4.3,10.2,9.5
2021-07-11,38.0,32.0,4.9,12.8,13.2
2021-07-12,37.0,51.0,3.8,11.77,9.88
2021-07-13,35.0,69.0,4.5,13.6,14.3
2021-07-14,31.0,64.0,3.8,9.6,8.78
2021-07-15,32.0,30.0,5.2,13.0,13.4
2021-07-16,32.0,62.0,3.92,11.8,11.3
2021-07-17,33.0,30.0,11.3,22.3,33.5
2021-07-18,32.0,48.0,13.2,27.9,40.6
2021-07-19,30.0,80.0,10.6,20.8,26.9
2021-07-20,29.0,86.0,7.6,18.7,20.4
2021-07-21,29.0,73.0,8.88,20.6,23.5
2021-07-22,29.0,61.0,8.6,18.3,18.6
2021-07-23,28.0,48.0,8.44,17.2,17.8
2021-07-24,28.0,55.0,6.8,14.6,18.6
2021-07-25,27.0,53.0,6.1,10.6,12.6
2021-07-26,27.0,58.0,7.0,10.8,11.3
2021-07-27,27.0,62.0,4.6,11.8,9.7
2021-07-28,26.0,94.0,5.3,10.2,8.6
2021-07-29,26.0,83.0,6.11,9.2,12.3
2021-07-30,26.0,68.0,7.2,11.4,12.6
2021-07-31,26.0,64.0,7.2,11.4,13.4
2021-08-01,26.0,66.0,7.1,12.4,17.0
2021-08-02,27.0,56.0,8.2,13.2,17.6
2021-08-03,27.0,78.0,9.6,17.6,34.6
2021-08-04,26.7,72.7,6.1,12.0,17.5
2021-08-05,26.5,70.0,8.3,15.3,25.2
2021-08-06,26.0,61.0,6.4,11.88,16.3
2021-08-07,27.0,35.0,10.1,19.1,37.2
2021-08-08,26.5,83.0,6.5,15.7,26.4
2021-08-09,27.0,70.0,7.4,16.3,28.7
2021-08-10,27.0,78.0,8.67,17.73,33.2
2021-08-11,28.0,70.0,9.1,18.9,33.8
2021-08-12,28.0,79.0,7.71,18.4,31.9
2021-08-13,27.0,56.0,5.4,11.2,17.9
2021-08-14,27.0,50.0,4.33,9.66,15.2
2021-08-15,26.0,78.0,4.24,9.1,12.3
2021-08-16,26.0,49.0,6.1,10.3,15.0
2021-08-17,25.0,58.0,8.6,13.4,33.8
2021-08-18,25.0,47.0,10.52,14.6,34.6
2021-08-19,26.0,68.0,8.9,13.2,31.5
2021-08-20,27.0,49.0,7.2,12.4,16.0
2021-08-21,28.0,54.0,6.1,11.7,15.2
2021-08-22,28.0,63.33,6.26,9.03,12.3
2021-08-23,28.6,83.0,8.3,11.3,16.4
2021-08-24,28.0,66.0,9.77,13.7,20.2
2021-08-25,29.0,73.0,12.4,17.6,36.2
2021-08-26,30.0,58.0,12.73,17.9,37.9
2021-08-27,29.0,59.0,11.6,19.1,39.6
2021-08-28,28.0,48.0,4.6,8.65,12.6
2021-08-29,26.7,83.33,8.17,10.03,19.54
2021-08-30,25.7,85.0,5.88,9.3,13.6
2021-08-31,26.0,63.0,9.6,13.4,19.0
2021-09-01,25.0,70.0,7.1,13.68,18.0
2021-09-02,26.0,60.0,8.2,13.4,17.0
2021-09-03,27.0,44.0,9.3,13.77,19.3
2021-09-04,28.0,45.0,10.9,14.6,25.4
2021-09-05,28.0,48.0,12.34,14.93,28.3
2021-09-06,27.0,58.0,13.48,17.6,33.7
2021-09-07,26.5,80.0,13.87,19.3,37.4
2021-09-08,26.0,84.7,9.97,11.21,21.06
2021-09-09,27.0,83.0,7.9,13.2,14.8
2021-09-10,26.5,85.0,9.6,10.8,7.43
2021-09-11,27.3,71.0,7.82,9.2,5.6
2021-09-12,27.8,70.0,8.31,12.8,16.9
2021-09-13,27.0,65.0,8.68,11.6,15.88
2021-09-14,27.8,60.0,9.2,14.3,19.6
2021-09-15,28.0,44.0,7.6,13.77,15.4
2021-09-16,28.33,47.66,10.92,19.67,31.58
2021-09-17,28.0,76.0,9.8,19.42,30.8
2021-09-18,28.3,73.0,10.43,25.4,37.83
2021-09-19,28.0,68.0,10.1,22.7,34.6
2021-09-20,27.0,73.0,11.6,21.3,30.1
2021-09-21,27.0,79.0,9.7,12.6,21.3
2021-09-22,26.8,86.0,9.55,13.8,20.2
2021-09-23,27.7,76.33,6.24,11.1,12.96
2021-09-24,27.0,62.0,6.8,13.4,16.9
2021-09-25,27.8,63.0,7.6,13.72,17.5
2021-09-26,27.33,59.33,6.93,10.66,20.2
2021-09-27,28.0,62.0,9.7,23.46,34.8
2021-09-28,28.33,53.66,8.8,17.73,32.36
2021-09-29,29.0,57.0,12.6,17.5,33.41
2021-09-30,29.5,72.0,14.6,23.9,42.91
2021-10-01,28.0,76.0,16.3,17.3,28.3
2021-10-02,28.0,83.0,15.22,15.2,24.6
2021-10-03,27.5,70.0,10.6,11.8,12.5
2021-10-04,27.0,59.0,13.54,16.31,23.76
2021-10-05,26.0,66.0,7.22,12.1,12.3
2021-10-06,26.0,52.0,7.94,13.21,17.6
2021-10-07,25.0,79.0,11.3,15.23,23.66
2021-10-08,25.0,55.0,10.3,15.94,24.87
2021-10-09,24.5,70.0,13.71,18.3,30.6
2021-10-10,24.0,83.0,10.6,9.7,19.6
2021-10-11,24.8,59.0,6.21,8.99,10.3
2021-10-12,25.0,34.0,7.1,13.6,15.34
2021-10-13,25.0,50.0,8.22,14.1,22.0
2021-10-14,25.6,39.0,9.64,14.53,27.3
2021-10-15,26.0,31.0,7.88,13.87,19.84
2021-10-16,25.8,57.0,6.73,13.24,17.6
2021-10-17,25.0,83.0,6.4,13.7,18.2
2021-10-18,24.0,41.0,7.12,7.6,13.4
2021-10-19,24.0,47.0,6.82,12.77,15.87
2021-10-20,23.5,44.0,7.88,12.6,20.8
2021-10-21,23.0,34.0,9.42,15.4,32.78
2021-10-22,23.0,69.0,11.3,13.88,27.0
2021-10-23,22.8,72.0,7.2,11.3,19.66
2021-10-24,22.5,85.0,6.83,7.68,12.86
2021-10-25,22.3,64.0,7.33,9.6,18.65
2021-10-26,22.0,57.0,7.46,11.2,21.6
2021-10-27,21.8,53.0,7.62,11.73,23.4
2021-10-28,21.5,50.0,8.6,12.13,24.11
2021-10-29,21.0,35.0,8.22,10.64,22.5
2021-10-30,20.5,43.0,8.56,11.6,27.2
2021-10-31,20.0,48.0,8.15,9.68,22.3
2021-11-01,20.0,50.0,5.6,18.33,31.82
2021-11-02,19.33,49.66,9.923,17.62,47.9
2021-11-03,19.5,50.0,15.67,19.86,78.37
2021-11-04,18.33,56.0,13.56,18.83,60.92
2021-11-05,18.0,75.0,15.4,19.66,62.68
2021-11-06,18.0,53.0,16.3,19.7,64.45
2021-11-07,17.5,42.0,15.67,19.66,58.52
2021-11-08,17.5,39.0,14.6,21.4,55.69
2021-11-09,17.0,37.0,8.7,19.3,36.98
2021-11-10,16.8,30.0,8.31,20.0,38.8
2021-11-11,16.5,33.0,9.66,20.32,44.6
2021-11-12,16.0,31.0,9.21,19.67,39.6
2021-11-13,16.0,28.0,10.68,20.4,48.6
2021-11-14,16.0,27.0,12.4,23.6,51.92
2021-11-15,15.8,31.0,9.42,19.88,38.8
2021-11-16,15.5,35.0,10.9,20.57,47.8
2021-11-17,15.3,29.0,12.8,21.0,56.7
2021-11-18,15.33,32.0,12.4,20.59,51.78
2021-11-19,15.0,33.0,14.77,21.38,58.6
2021-11-20,15.3,30.0,15.73,22.3,61.3
2021-11-21,14.8,43.0,13.8,23.54,59.8
2021-11-22,14.8,58.0,13.46,22.6,54.9
2021-11-23,15.0,49.0,12.5,21.6,47.6
2021-11-24,15.5,46.0,13.33,23.4,53.6
2021-11-25,16.0,44.0,14.6,24.5,62.87
2021-11-26,16.3,45.0,15.33,25.6,65.9
2021-11-27,16.5,47.6,18.4,27.6,68.2
2021-11-28,16.17,48.86,28.97,22.8,49.45
2021-11-29,15.0,50.3,19.4,21.6,48.66
2021-11-30,14.6,51.2,19.6,23.14,51.84
2021-12-01,15.0,31.4,29.3,40.2,100.6
2021-12-02,14.5,43.6,32.2,41.3,94.3
2021-12-03,11.43,65.03,49.9,55.94,133.97
2021-12-04,14.0,72.0,13.6,23.5,68.3
2021-12-05,13.33,80.0,13.64,22.46,53.2
2021-12-06,14.0,48.7,17.72,20.47,56.05
2021-12-07,13.33,51.66,20.04,20.79,69.7
2021-12-08,13.7,56.0,27.03,21.73,93.38
2021-12-09,13.5,50.33,28.35,22.39,100.34
2021-12-10,13.0,47.3,26.4,23.4,80.95
2021-12-11,12.0,43.5,25.8,21.5,85.7
2021-12-12,11.66,42.0,27.74,22.49,120.5
2021-12-13,11.0,49.66,25.51,21.92,96.06
2021-12-14,10.0,57.7,19.88,22.21,91.18
2021-12-15,9.7,46.66,23.97,22.39,129.58
2021-12-16,9.0,52.66,13.82,20.19,73.88
2021-12-17,9.5,64.0,14.6,21.3,73.4
2021-12-18,9.33,60.0,22.97,22.14,111.9
2021-12-19,9.5,56.3,27.8,23.5,149.4
2021-12-20,9.33,59.0,27.97,20.64,156.2
2021-12-21,11.33,52.66,43.44,19.88,198.96
2021-12-22,11.0,54.0,39.98,21.25,182.1
2021-12-23,10.66,57.66,39.43,21.78,156.53
2021-12-24,10.0,54.6,29.78,22.28,119.9
2021-12-25,9.5,63.0,29.14,22.31,142.8
2021-12-26,9.33,74.7,25.02,22.55,107.37
2021-12-27,8.33,79.0,17.55,22.64,57.11
2021-12-28,9.2,61.0,24.03,21.69,84.79
2021-12-29,9.0,63.0,20.9,19.99,87.6
2021-12-30,8.5,69.0,23.4,20.5,85.9
2021-12-31,8.3,58.0,22.9,21.74,86.2
2022-01-01,8.0,69.0,19.2,21.3,112.45
2022-01-02,8.5,63.0,23.6,19.45,72.6
2022-01-03,10.7,67.0,21.35,19.81,80.41
2022-01-04,9.7,90.0,7.89,18.34,43.31
2022-01-05,9.0,89.33,7.61,20.37,35.8
2022-01-06,9.0,91.7,7.72,19.66,57.83
2022-01-07,8.0,90.1,7.45,18.83,44.67
2022-01-08,8.33,77.4,8.2,18.42,21.0
2022-01-09,8.6,74.33,9.41,18.7,35.41
2022-01-10,8.0,55.33,9.23,19.19,51.2
2022-01-11,8.7,47.0,10.25,18.46,58.75
2022-01-12,8.3,44.33,11.57,20.12,93.65
2022-01-13,8.7,43.0,11.32,21.31,104.21
2022-01-14,8.5,44.0,12.22,20.34,108.42
2022-01-15,8.33,73.0,10.82,19.39,130.3
2022-01-16,8.0,74.33,11.24,19.19,131.09
2022-01-17,8.8,78.0,9.25,19.77,145.76
2022-01-18,8.7,80.33,9.14,20.22,120.06
2022-01-19,8.0,83.0,8.09,19.78,81.17
2022-01-20,8.7,87.0,8.82,19.72,108.06
2022-01-21,8.3,90.0,8.41,19.61,60.8
2022-01-22,8.0,93.0,8.03,18.7,20.9
2022-01-23,7.7,89.33,8.5,19.31,25.12
2022-01-24,7.0,87.33,7.99,18.58,39.13
2022-01-25,7.33,82.66,8.26,17.91,46.59
2022-01-26,7.7,72.33,8.18,18.31,53.44
2022-01-27,8.33,60.33,7.96,18.39,65.31
2022-01-28,8.0,45.0,8.66,18.81,80.34
2022-01-29,8.5,52.9,9.42,19.04,125.73
2022-01-30,8.7,55.7,9.69,19.3,90.96
2022-01-31,9.0,63.7,10.4,20.17,102.7
2022-02-01,9.7,75.33,8.94,20.12,62.5
2022-02-02,9.0,77.33,8.36,20.35,61.17
2022-02-03,8.33,82.33,8.86,20.3,24.86
2022-02-04,8.5,63.0,9.67,20.21,52.43
2022-02-05,8.7,71.0,10.33,20.86,66.4
2022-02-06,9.0,75.0,9.18,20.49,73.4
2022-02-07,9.66,65.66,9.7,19.75,38.83
2022-02-08,9.5,58.6,10.51,19.58,54.58
2022-02-09,9.66,56.66,8.53,18.8,26.76
2022-02-10,10.0,44.33,9.03,19.73,49.35
2022-02-11,10.5,33.0,9.6,20.2,51.44
2022-02-12,11.5,42.0,10.48,20.7,78.84
2022-02-13,12.0,46.0,11.7,20.9,70.92
2022-02-14,12.33,51.0,11.34,21.52,68.57
2022-02-15,13.7,44.0,11.7,23.4,57.5
2022-02-16,14.33,36.7,11.96,20.91,63.31
2022-02-17,14.8,43.0,11.51,22.87,57.6
2022-02-18,15.33,49.0,11.2,23.8,49.4
2022-02-19,15.3,36.0,10.3,20.3,23.66
2022-02-20,15.5,38.0,10.42,20.1,22.6
2022-02-21,15.66,51.66,11.7,20.92,39.99
2022-02-22,14.0,70.0,10.61,19.88,54.66
2022-02-23,14.7,86.33,9.57,25.44,45.96
2022-02-24,14.33,85.0,9.93,18.82,75.11
2022-02-25,14.0,93.0,9.52,18.62,36.28
2022-02-26,14.5,90.0,9.7,18.68,41.16
2022-02-27,15.0,61.7,9.44,18.1,41.88
2022-02-28,15.33,44.33,11.41,23.19,45.61
2022-03-01,16.66,61.0,11.15,20.96,38.34
2022-03-02,16.0,74.33,11.95,22.88,54.22
2022-03-03,16.33,82.0,9.63,21.7,34.53
2022-03-04,16.5,68.0,10.98,23.8,42.33
2022-03-05,16.0,76.3,12.6,26.4,73.4
2022-03-06,15.33,83.33,10.07,19.7,32.38
2022-03-07,16.7,36.0,9.46,16.6,20.95
2022-03-08,17.33,62.66,7.85,15.4,33.7
2022-03-09,18.66,67.0,4.88,19.82,33.53
2022-03-10,19.0,66.0,4.88,25.96,32.13
2022-03-11,19.5,59.0,7.6,26.4,47.3
2022-03-12,19.7,54.0,8.57,30.6,58.73
2022-03-13,21.0,58.0,7.36,19.78,32.99
2022-03-14,21.0,36.0,11.8,18.9,22.9
2022-03-15,22.0,30.0,18.6,26.4,30.6
2022-03-16,22.0,43.0,19.4,27.3,33.8
2022-03-17,21.0,37.0,20.6,30.4,36.87
2022-03-18,22.3,39.0,17.6,28.3,38.64
2022-03-19,23.0,41.0,16.53,26.4,33.5
2022-03-20,23.33,37.0,15.6,26.82,36.4
2022-03-21,23.5,38.0,14.7,19.2,34.68
2022-03-22,24.0,40.0,14.33,19.6,33.5
2022-03-23,24.5,43.0,13.1,19.3,33.2
2022-03-24,25.2,49.2,9.0,20.14,28.27
2022-03-25,25.0,43.2,12.66,27.33,26.11
2022-03-26,25.3,41.6,12.82,28.4,26.74
2022-03-27,26.66,39.33,14.64,31.79,27.8
2022-03-28,26.0,37.66,15.73,34.72,50.81
2022-03-29,26.66,37.66,13.48,35.36,63.72
2022-03-30,26.7,39.0,14.97,36.93,69.69
2022-03-31,27.0,31.66,11.03,37.73,53.46
2022-04-01,26.7,30.0,11.6,25.6,36.8
2022-04-02,27.0,31.6,14.8,22.47,26.88
2022-04-03,27.33,29.66,10.94,20.33,25.44
2022-04-04,27.33,28.66,11.3,23.75,33.24
2022-04-05,27.0,29.66,10.9,23.03,28.6
2022-04-06,27.33,28.0,11.54,23.8,27.43
2022-04-07,28.0,28.0,12.83,23.27,28.55
2022-04-08,27.6,30.0,10.4,20.6,32.7
2022-04-09,27.0,29.0,9.1,20.21,31.4
2022-04-10,28.33,26.7,11.88,24.16,31.5
2022-04-11,28.33,27.0,9.923,22.87,30.32
2022-04-12,27.33,41.33,9.78,22.97,33.67
2022-04-13,27.66,44.33,9.78,22.9,28.7
2022-04-14,28.0,37.0,9.71,21.38,18.61
2022-04-15,27.66,31.33,9.04,20.53,17.31
2022-04-16,28.0,32.5,9.2,20.4,19.3
2022-04-17,29.0,34.33,9.48,19.7,24.36
2022-04-18,28.33,41.0,9.2,22.12,31.03
2022-04-19,28.33,48.0,8.53,21.53,24.6
2022-04-20,28.0,46.33,8.21,19.81,20.94
2022-04-21,27.33,46.0,9.7,19.64,13.2
2022-04-22,27.0,47.66,8.64,18.16,16.78
2022-04-23,27.5,43.0,7.22,18.64,21.2
2022-04-24,27.66,45.7,6.85,18.8,12.6
2022-04-25,28.66,37.33,6.57,21.55,12.73
2022-04-26,29.66,35.0,6.57,20.46,17.63
2022-04-27,30.7,34.33,6.04,18.6,16.6
2022-04-28,31.66,37.33,6.53,19.16,27.13
2022-04-29,32.7,35.33,5.7,18.8,15.18
2022-04-30,28.0,38.6,6.22,19.53,16.4
2022-05-01,30.3,30.0,8.41,20.88,20.6
2022-05-02,30.66,43.0,7.6,18.4,21.3
2022-05-03,30.0,40.0,6.35,16.8,17.0
2022-05-04,29.3,38.0,6.2,17.2,18.4
2022-05-05,27.1,36.9,4.0,15.83,12.13
2022-05-06,28.4,37.87,5.3,17.07,16.13
2022-05-07,28.0,28.0,12.83,23.27,28.55
2022-05-08,33.0,32.7,5.87,17.45,16.27
2022-05-09,32.0,41.0,5.29,15.5,19.66
2022-05-10,34.33,31.33,5.24,14.13,15.7
2022-05-11,35.33,29.0,5.86,15.54,33.73
2022-05-12,36.0,29.0,6.12,15.81,25.33
2022-05-13,36.7,25.33,5.69,16.04,24.2
2022-05-14,37.0,22.0,5.53,16.33,27.0
2022-05-15,37.0,30.7,5.74,17.79,17.2
2022-05-16,35.66,30.33,6.11,19.14,29.46
2022-05-17,34.7,34.33,6.06,18.71,28.06
2022-05-18,34.33,35.33,5.97,20.16,25.0
2022-05-19,34.33,36.0,5.5,19.8,28.83
2022-05-20,34.0,33.33,5.83,18.7,19.96
2022-05-21,35.0,21.0,5.44,18.83,23.0
2022-05-22,30.66,41.7,5.37,16.96,12.23
2022-05-23,29.33,46.0,5.44,14.97,12.23
2022-05-24,30.0,46.0,5.3,14.33,12.25
2022-05-25,32.0,35.0,5.54,17.0,22.25
2022-05-26,31.7,33.33,6.43,22.05,39.33
2022-05-27,31.33,46.0,5.37,20.23,28.33
2022-05-28,31.0,47.0,5.4,20.4,25.0
2022-05-29,34.66,38.0,5.39,19.6,24.33
2022-05-30,34.33,38.77,5.07,19.6,21.66
2022-05-31,33.33,39.7,4.42,18.43,26.63
2022-06-01,32.0,36.66,4.61,16.44,22.66
2022-06-02,33.7,32.33,4.2,15.57,12.46
2022-06-03,34.0,26.33,4.23,14.1,13.86
2022-06-04,35.0,21.6,4.35,14.62,19.86
2022-06-05,35.7,18.33,4.41,14.68,23.43
2022-06-06,37.0,17.0,4.72,15.6,26.3
2022-06-07,37.33,20.66,5.07,16.09,35.76
2022-06-08,38.0,19.4,4.86,17.3,47.0
2022-06-09,37.63,19.83,5.57,16.2,34.98
2022-06-10,38.0,20.0,4.41,15.11,21.0
2022-06-11,37.0,25.0,4.43,15.3,22.7
2022-06-12,33.66,31.0,4.63,13.3,29.46
2022-06-13,34.17,23.0,5.4,12.97,26.17
2022-06-14,34.66,22.0,4.72,14.07,35.0
2022-06-15,36.33,25.66,4.77,15.56,49.33
2022-06-16,31.33,57.33,4.33,13.31,16.33
2022-06-17,34.7,34.33,6.06,18.71,28.06
2022-06-18,34.33,35.33,5.97,20.16,25.0
2022-06-19,30.0,79.0,3.99,11.33,11.33
2022-06-20,26.0,77.7,3.83,11.76,12.16
2022-06-21,24.0,76.0,3.9,12.53,10.93
2022-06-22,26.0,62.0,3.96,12.95,15.0
2022-06-23,27.66,50.33,3.91,13.07,15.76
2022-06-24,27.66,50.33,3.91,13.07,15.76
2022-06-25,34.0,52.0,4.18,13.2,20.6
2022-06-26,35.33,41.0,4.37,13.4,26.14
2022-06-27,36.33,34.66,4.46,13.92,29.53
2022-06-28,36.7,40.7,4.65,18.37,34.1
2022-06-29,36.0,43.0,4.43,17.81,39.4
2022-06-30,33.7,58.7,4.2,16.43,34.66
2022-07-01,31.0,68.0,3.72,12.4,11.5
2022-07-02,31.5,66.0,3.6,13.6,15.6
2022-07-03,31.7,61.7,4.02,16.03,28.2
2022-07-04,30.33,72.0,3.81,12.23,16.0
2022-07-05,30.7,82.7,3.94,13.15,30.8
2022-07-06,30.0,72.0,3.96,13.4,24.0
2022-07-07,30.33,56.0,3.78,11.6,21.0
2022-07-08,31.0,58.0,4.07,13.4,24.0
2022-07-09,31.5,61.0,3.87,13.12,22.0
2022-07-10,31.0,73.0,4.13,12.5,24.0
2022-07-11,30.5,76.0,4.05,13.1,27.0
2022-07-12,30.33,77.66,3.89,12.4,19.33
2022-07-13,28.33,84.33,3.43,11.42,12.0
2022-07-14,29.33,73.7,3.47,11.63,13.7
2022-07-15,28.5,78.0,3.2,11.2,12.6
2022-07-16,30.0,69.0,3.24,10.4,10.0
2022-07-17,30.33,62.7,3.41,12.32,20.56
2022-07-18,32.0,61.0,3.24,12.95,21.0
2022-07-19,33.0,64.0,3.3,12.56,16.0
2022-07-20,28.7,87.0,3.23,12.43,14.33
2022-07-21,28.33,88.33,3.24,11.7,9.66
2022-07-22,28.0,77.0,3.3,10.45,10.0
2022-07-23,28.5,64.0,3.51,10.6,13.9
2022-07-24,27.66,50.33,3.91,13.07,15.76
2022-07-25,30.0,83.0,3.63,12.3,23.0
2022-07-26,29.0,81.0,3.54,11.12,15.33
2022-07-27,27.33,83.0,3.62,10.71,15.66
2022-07-28,27.0,85.7,3.64,12.52,21.33
2022-07-29,26.0,98.0,3.05,11.2,12.0
2022-07-30,26.5,92.0,3.45,11.47,20.0
2022-07-31,26.0,89.0,2.87,9.88,8.66
2022-08-01,28.33,80.0,3.24,8.85,4.66
2022-08-02,29.0,73.0,3.15,8.8,14.33
2022-08-03,30.0,64.33,3.56,10.3,21.0
2022-08-04,31.0,69.33,3.47,11.0,21.0
2022-08-05,30.0,82.0,3.8,12.6,27.0
2022-08-06,30.3,73.0,3.6,12.51,25.1
2022-08-07,31.0,63.0,3.5,11.8,21.0
2022-08-08,30.5,58.0,4.2,13.4,28.0
2022-08-09,31.33,61.0,3.96,12.02,24.03
2022-08-10,32.33,62.66,3.92,12.78,23.6
2022-08-11,28.33,79.33,3.96,11.81,16.0
2022-08-12,28.0,65.0,3.61,12.3,19.6
2022-08-13,25.5,68.0,3.24,12.8,24.7
2022-08-14,28.0,80.0,3.8,12.27,22.6
2022-08-15,27.33,79.66,3.7,12.17,14.23
2022-08-16,27.66,82.0,3.42,12.06,17.6
2022-08-17,27.0,82.33,3.5,11.6,17.5
2022-08-18,29.3,79.5,3.7,11.77,20.17
2022-08-19,30.0,80.3,3.1,11.4,21.2
2022-08-20,30.5,76.2,3.02,11.54,22.7
2022-08-21,28.0,82.17,3.2,10.13,18.17
2022-08-22,22.0,74.67,4.0,10.77,20.67
2022-08-23,28.13,75.67,3.9,10.73,21.07
2022-08-24,27.1,77.0,3.6,9.83,18.7
2022-08-25,26.1,78.0,3.37,8.67,16.27
2022-08-26,27.0,74.0,3.27,10.6,18.9
2022-08-27,29.0,72.0,3.21,10.81,21.6
2022-08-28,28.07,70.73,3.3,7.83,16.1
2022-08-29,28.53,71.07,4.6,9.13,19.33
2022-08-30,30.0,66.67,5.2,9.5,20.27
2022-08-31,30.42,63.33,5.9,10.1,22.0
2022-09-01,30.83,62.67,5.9,9.23,20.67
2022-09-02,30.5,65.0,4.1,10.6,19.6
2022-09-03,30.0,67.0,3.67,11.2,18.6
2022-09-04,29.63,62.0,4.7,8.4,18.9
2022-09-05,26.13,70.0,3.6,7.17,15.73
2022-09-06,28.07,68.33,5.3,8.0,18.17
2022-09-07,29.37,66.67,6.6,8.23,21.1
2022-09-08,29.7,66.7,3.62,15.96,22.73
2022-09-09,29.0,73.0,3.73,16.4,21.0
2022-09-10,28.0,74.0,3.5,14.2,18.3
2022-09-11,27.33,76.33,3.38,11.47,11.93
2022-09-12,27.7,74.0,3.42,12.36,18.2
2022-09-13,28.0,66.7,3.36,13.43,22.06
2022-09-14,28.7,66.33,3.62,13.16,21.98
2022-09-15,28.7,67.7,2.83,13.03,21.3
2022-09-16,28.0,84.0,3.02,11.7,18.7
2022-09-17,27.0,76.0,2.75,11.4,15.8
2022-09-18,27.7,57.33,3.23,12.03,18.93
2022-09-19,28.0,58.0,3.36,12.3,26.2
2022-09-20,28.3,57.0,3.31,13.2,23.24
2022-09-21,28.7,60.0,3.45,12.67,21.6
2022-09-22,29.0,59.0,3.93,16.42,34.06
2022-09-23,30.0,63.0,4.51,19.6,43.2
2022-09-24,28.5,75.0,4.0,16.4,18.7
2022-09-25,26.7,74.7,3.51,14.23,17.6
2022-09-26,26.7,70.0,3.55,13.34,21.49
2022-09-27,27.66,62.66,3.96,15.2,30.0
2022-09-28,28.33,57.0,4.0,16.3,28.0
2022-09-29,28.0,51.7,3.62,16.65,28.0
2022-09-30,29.0,47.0,3.7,17.4,32.0
2022-10-01,27.6,65.0,2.8,12.2,12.8
2022-10-02,27.0,74.66,2.73,11.63,12.66
2022-10-03,27.0,72.0,2.73,13.47,23.0
2022-10-04,27.6,56.6,2.73,13.13,18.0
2022-10-05,28.0,51.33,2.91,13.76,25.7
2022-10-06,26.33,64.0,2.8,13.83,14.26
2022-10-07,27.0,58.0,2.94,14.7,17.0
2022-10-08,26.0,60.0,3.3,15.6,21.2
2022-10-09,25.0,62.0,4.05,18.0,29.53
2022-10-10,24.33,65.0,4.23,21.12,32.33
2022-10-11,24.0,70.33,4.31,21.65,31.7
2022-10-12,24.0,61.33,3.83,17.33,19.0
2022-10-13,23.5,57.0,3.91,18.7,27.0
2022-10-14,23.0,56.0,3.92,19.2,29.0
2022-10-15,23.0,54.0,3.45,19.4,27.2
2022-10-16,23.0,54.33,3.55,17.03,23.2
2022-10-17,23.0,51.66,3.69,17.42,28.26
2022-10-18,22.5,50.8,3.5,18.4,29.4
2022-10-19,22.3,48.0,3.71,18.53,24.33
2022-10-20,21.7,59.66,3.54,15.9,17.0
2022-10-21,21.33,56.0,3.65,16.8,21.0
2022-10-22,21.0,47.0,3.68,17.5,22.6
2022-10-23,20.7,43.0,3.57,17.3,21.8
2022-10-24,20.66,40.33,3.72,16.56,24.66
2022-10-25,21.7,42.33,3.47,16.83,26.7
2022-10-26,21.0,48.0,3.72,17.8,28.0
2022-10-27,22.0,42.7,3.83,18.1,28.0
2022-10-28,21.0,38.0,3.9,19.2,32.0
2022-10-29,21.7,42.0,4.17,21.8,34.0
2022-10-30,22.0,46.33,4.32,23.16,42.0
2022-10-31,21.7,46.33,4.93,24.5,51.0
2022-11-01,23.0,57.0,15.7,20.3,16.7
2022-11-02,23.0,59.0,16.8,22.8,18.6
2022-11-03,23.0,38.0,18.9,25.9,23.6
2022-11-04,23.7,60.0,20.3,26.8,33.0
2022-11-05,24.0,56.0,14.5,17.6,20.3
2022-11-06,24.0,41.0,16.3,20.11,22.0
2022-11-07,24.0,37.0,16.5,20.4,21.0
2022-11-08,24.0,32.0,15.6,19.1,19.2
2022-11-09,24.0,29.0,13.33,17.4,18.0
2022-11-10,24.5,30.0,13.6,17.0,18.4
2022-11-11,25.0,31.0,13.8,17.7,17.88
2022-11-12,25.0,28.0,14.1,16.7,18.2
2022-11-13,25.0,25.0,12.5,13.6,16.4
2022-11-14,24.5,27.0,12.7,18.3,18.7
2022-11-15,25.0,44.0,12.66,16.7,15.6
2022-11-16,25.5,32.0,13.2,15.1,16.8
2022-11-17,26.0,33.0,13.5,16.7,18.3
2022-11-18,26.0,64.0,13.24,16.8,16.5
2022-11-19,26.0,40.0,9.11,17.3,18.8
2022-11-20,26.0,32.0,17.3,20.8,31.2
2022-11-21,26.5,35.0,9.6,13.9,13.4
2022-11-22,27.0,43.0,8.6,14.7,14.3
2022-11-23,27.0,35.0,8.91,14.6,12.6
2022-11-24,27.0,27.0,9.2,13.6,12.2
2022-11-25,27.0,26.0,9.4,16.9,11.7
2022-11-26,27.33,82.0,18.89,22.33,18.3
2022-11-27,28.0,18.0,18.6,23.4,20.8
2022-11-28,28.0,37.0,18.88,24.7,26.3
2022-11-29,28.0,49.0,20.6,26.4,30.2
2022-11-30,28.0,41.0,17.3,21.3,22.6
2022-12-01,15.0,42.0,5.2,23.6,35.6
2022-12-02,15.6,57.0,5.4,28.7,51.0
2022-12-03,15.33,56.0,5.5,30.6,68.9
2022-12-04,15.33,58.0,5.4,31.8,75.3
2022-12-05,15.0,53.7,7.23,30.36,92.03
2022-12-06,14.33,47.0,7.56,30.63,65.16
2022-12-07,14.7,46.0,8.99,32.3,66.8
2022-12-08,15.0,48.0,10.3,34.6,70.6
2022-12-09,14.3,50.0,9.53,31.4,57.8
2022-12-10,14.0,52.0,9.33,30.1,46.2
2022-12-11,13.7,51.0,11.7,32.9,52.46
2022-12-12,13.6,52.7,12.9,33.3,53.86
2022-12-13,13.0,50.7,11.33,29.46,45.3
2022-12-14,13.7,48.0,10.9,28.66,43.7
2022-12-15,13.7,42.0,11.3,28.9,45.9
2022-12-16,13.3,39.0,11.6,31.22,49.5
2022-12-17,13.0,37.0,12.7,31.7,57.6
2022-12-18,12.7,40.0,13.55,33.8,72.0
2022-12-19,12.7,42.66,15.93,31.83,70.33
2022-12-20,13.0,43.0,14.6,33.8,84.3
2022-12-21,13.0,45.0,15.7,35.6,89.5
2022-12-22,12.7,54.0,14.3,33.5,80.0
2022-12-23,12.7,47.0,14.56,33.84,81.0
2022-12-24,12.33,42.0,13.7,32.6,74.0
2022-12-25,12.33,40.0,15.2,39.7,96.3
2022-12-26,12.0,45.0,14.81,38.6,90.0
2022-12-27,12.0,48.0,13.6,33.21,73.6
2022-12-28,12.0,50.0,13.8,31.7,72.4
2022-12-29,11.7,54.0,14.3,32.6,80.0
2022-12-30,11.7,73.0,12.4,31.6,47.8
2022-12-31,11.33,70.0,11.3,29.4,40.2
2023-01-01,11.66,44.0,14.9,48.7,63.1
2023-01-02,11.66,40.0,15.22,49.5,65.0
2023-01-03,12.0,37.6,16.8,52.6,112.0
2023-01-04,12.66,35.2,15.3,53.6,74.0
2023-01-05,13.0,33.66,15.9,58.23,71.64
2023-01-06,14.0,36.0,16.4,56.4,85.0
2023-01-07,14.33,38.0,17.33,54.3,102.3
2023-01-08,14.66,43.6,16.8,52.1,97.5
2023-01-09,15.33,49.33,13.63,34.1,62.7
2023-01-10,13.0,66.0,12.8,41.3,70.4
2023-01-11,10.66,78.0,11.9,33.4,42.0
2023-01-12,10.33,72.0,12.4,33.5,43.0
2023-01-13,10.0,64.0,13.8,34.6,59.6
2023-01-14,9.33,60.0,13.64,33.7,57.2
2023-01-15,8.0,46.0,12.7,31.4,46.7
2023-01-16,8.33,41.0,14.73,33.2,50.53
2023-01-17,8.7,41.0,13.04,31.7,45.5
2023-01-18,8.7,40.0,14.3,35.6,72.0
2023-01-19,9.0,44.7,11.56,31.4,44.0
2023-01-20,9.0,50.0,11.2,30.1,40.0
2023-01-21,9.0,66.0,10.6,28.6,28.1
2023-01-22,8.7,60.0,10.91,31.6,51.4
2023-01-23,8.7,58.0,12.3,35.3,75.0
2023-01-24,8.33,55.0,14.6,37.68,90.0
2023-01-25,8.33,53.5,13.2,35.4,82.0
2023-01-26,8.6,50.0,13.6,33.7,72.0
2023-01-27,9.0,49.0,14.7,34.5,84.0
2023-01-28,9.6,67.0,13.8,30.9,62.0
2023-01-29,10.0,61.0,11.2,26.8,35.0
2023-01-30,10.33,57.7,8.9,20.13,23.0
2023-01-31,10.7,56.0,10.34,24.67,42.7
2023-02-01,12.0,42.0,9.88,23.7,43.7
2023-02-02,13.33,44.33,10.9,24.83,48.33
2023-02-03,13.0,46.0,12.6,29.4,70.3
2023-02-04,14.0,60.0,9.74,23.6,41.8
2023-02-05,14.0,60.0,10.2,24.11,43.9
2023-02-06,12.7,56.7,8.62,22.53,16.56
2023-02-07,13.33,47.7,7.77,18.2,19.4
2023-02-08,12.0,52.0,7.58,17.1,27.0
2023-02-09,10.33,59.33,7.04,15.83,17.4
2023-02-10,10.66,67.0,7.3,23.1,32.0
2023-02-11,10.66,70.0,7.2,22.8,22.1
2023-02-12,11.0,32.0,7.16,22.6,19.33
2023-02-13,11.66,34.0,6.9,20.5,21.5
2023-02-14,13.0,34.33,7.16,27.4,43.7
2023-02-15,13.0,42.0,7.33,21.2,28.9
2023-02-16,13.33,43.0,8.1,28.1,70.0
2023-02-17,13.66,39.0,8.6,28.3,73.8
2023-02-18,14.33,40.0,7.6,27.75,66.8
2023-02-19,14.33,63.0,6.73,27.3,60.0
2023-02-20,15.0,54.0,6.88,25.9,71.0
2023-02-21,15.7,43.33,6.7,19.2,20.66
2023-02-22,15.33,46.0,6.2,20.1,18.0
2023-02-23,15.0,47.0,6.5,21.46,22.7
2023-02-24,15.66,51.0,5.8,23.8,41.33
2023-02-25,15.66,56.0,5.6,21.9,26.0
2023-02-26,16.0,49.33,5.43,19.96,18.33
2023-02-27,15.0,51.0,5.22,19.51,23.0
2023-02-28,14.66,55.7,5.14,19.2,21.0
2023-03-01,16.0,63.0,4.7,20.7,23.0
2023-03-02,15.0,59.77,5.36,20.4,22.0
2023-03-03,16.0,47.0,5.41,22.9,29.0
2023-03-04,16.33,42.0,4.8,21.8,24.0
2023-03-05,16.66,41.0,4.3,19.0,18.0
2023-03-06,17.0,37.0,5.03,18.56,18.6
2023-03-07,17.33,32.33,5.0,18.23,18.83
2023-03-08,18.33,32.33,4.78,17.7,17.71
2023-03-09,18.33,38.0,5.1,23.9,33.4
2023-03-10,18.0,36.0,5.04,24.5,31.5
2023-03-11,18.33,39.0,5.3,24.7,33.6
2023-03-12,19.0,41.0,4.86,22.26,41.2
2023-03-13,19.33,39.4,4.81,20.9,24.1
2023-03-14,19.66,38.33,4.9,21.23,20.6
2023-03-15,19.0,43.0,4.6,23.9,27.0
2023-03-16,18.33,67.0,4.3,18.6,11.0
2023-03-17,18.66,63.0,4.5,21.8,28.4
2023-03-18,18.0,70.0,4.21,20.9,20.5
2023-03-19,18.66,54.0,5.3,21.3,27.9
2023-03-20,18.66,58.66,5.11,21.3,26.0
2023-03-21,19.0,70.0,4.17,18.6,23.8
2023-03-22,19.33,65.0,4.3,19.3,27.3
2023-03-23,20.0,68.33,4.21,18.23,13.76
2023-03-24,19.0,73.0,4.33,19.8,23.4
2023-03-25,18.0,83.0,3.75,13.7,12.7
2023-03-26,17.0,79.33,3.68,13.5,9.86
2023-03-27,18.0,63.0,3.81,16.9,19.7
2023-03-28,18.33,64.0,3.82,17.11,22.0
2023-03-29,17.33,53.33,4.15,16.56,27.33
2023-03-30,16.0,81.0,3.8,15.33,18.9
2023-03-31,16.33,83.0,3.42,13.5,8.3
2023-04-01,16.0,78.0,3.41,14.5,9.0
2023-04-02,16.7,64.7,3.62,15.43,11.63
2023-04-03,17.0,68.0,3.7,15.8,14.5
2023-04-04,17.33,58.33,3.53,16.43,19.3
2023-04-05,17.0,51.0,3.64,16.8,20.7
2023-04-06,17.33,47.0,3.56,16.26,16.56
2023-04-07,18.0,41.0,3.7,17.0,20.7
2023-04-08,18.0,43.0,3.68,16.92,18.6
2023-04-09,19.0,45.0,3.6,15.1,12.8
2023-04-10,19.0,40.0,3.49,15.0,14.46
2023-04-11,20.33,39.0,4.01,16.46,18.1
2023-04-12,20.66,41.0,4.33,19.4,26.9
2023-04-13,21.0,43.0,4.1,16.11,14.4
2023-04-14,22.0,38.0,4.4,17.2,17.1
2023-04-15,23.0,37.0,3.9,21.3,22.7
2023-04-16,23.0,39.0,3.8,18.53,18.8
2023-04-17,22.0,51.0,3.6,17.2,12.8
2023-04-18,21.66,72.0,3.58,13.73,11.96
2023-04-19,19.0,66.33,3.72,15.46,15.96
2023-04-20,20.0,60.0,3.5,16.9,16.33
2023-04-21,20.33,65.0,3.7,17.33,18.9
2023-04-22,20.66,61.0,3.62,16.7,16.8
2023-04-23,21.33,46.0,3.7,18.6,19.4
2023-04-24,22.0,43.0,3.8,19.2,22.8
2023-04-25,22.33,41.0,4.2,20.8,25.6
2023-04-26,23.0,39.0,3.74,18.73,19.46
2023-04-27,22.33,49.33,3.59,17.03,16.0
2023-04-28,22.0,64.0,3.11,15.22,12.65
2023-04-29,22.33,51.0,3.6,20.6,27.0
2023-04-30,22.66,73.0,4.21,23.0,31.0
2023-05-01,22.8,55.0,3.2,14.0,10.9
2023-05-02,23.0,53.0,3.9,15.0,11.8
2023-05-03,23.8,54.0,3.5,14.9,15.0
2023-05-04,22.8,58.0,4.1,14.2,17.8
2023-05-05,23.6,54.0,3.9,15.2,18.0
2023-05-06,23.9,51.0,4.2,16.26,17.9
2023-05-07,23.8,52.0,3.9,17.0,19.2
2023-05-08,24.2,48.0,4.8,17.0,16.8
2023-05-09,24.5,45.0,4.1,15.1,14.5
2023-05-10,24.8,40.0,3.9,17.0,14.8
2023-05-11,25.0,39.0,4.01,16.46,17.0
2023-05-12,24.8,41.0,4.33,19.4,25.5
2023-05-13,25.0,43.0,4.9,16.11,22.2
2023-05-14,25.8,41.0,4.8,17.2,17.1
2023-05-15,25.7,37.0,3.9,21.3,19.2
2023-05-16,25.9,39.0,3.8,18.53,18.8
2023-05-17,25.0,51.0,3.6,17.2,12.8
2023-05-18,25.8,72.0,3.58,13.73,11.96
2023-05-19,24.2,60.0,3.72,15.46,15.96
2023-05-20,24.0,62.0,3.5,16.9,16.33
2023-05-21,26.8,45.0,3.0,10.8,12.5
2023-05-22,26.0,41.0,3.7,10.9,13.8
2023-05-23,26.3,42.0,3.5,10.3,12.9
2023-05-24,27.3,39.0,4.1,11.3,14.2
2023-05-25,27.5,38.0,4.8,12.6,14.8
2023-05-26,28.0,39.0,3.74,18.73,18.4
2023-05-27,27.9,49.33,3.59,17.03,16.0
2023-05-28,28.4,39.0,5.3,15.7,19.0
2023-05-29,27.0,40.5,3.0,9.17,12.0
2023-05-30,30.0,45.0,2.8,8.3,13.9
2023-05-31,27.3,45.0,2.7,8.5,11.32
2023-06-01,21.83,67.33,1.7,6.07,10.35
2023-06-02,34.25,75.32,2.6,9.32,12.65
2023-06-03,35.6,89.69,4.5,8.24,15.96
2023-06-04,32.13,65.23,2.3,7.33,11.5
2023-06-05,35.13,70.65,3.5,8.83,13.1
2023-06-06,36.0,90.15,4.1,9.47,14.37
2023-06-07,38.25,85.94,4.8,7.65,10.35
2023-06-08,36.3,78.12,5.7,9.77,14.52
2023-06-09,36.9,75.16,4.7,8.67,12.57
2023-06-10,35.21,85.35,5.9,9.64,19.35
2023-06-11,34.25,79.45,6.2,11.54,14.62
2023-06-12,36.9,74.54,5.6,10.0,14.03
2023-06-13,36.9,98.25,6.1,9.8,15.03
2023-06-14,36.8,35.67,4.8,7.93,13.5
2023-06-15,33.6,41.33,3.5,6.57,11.33
2023-06-16,32.65,45.36,2.65,8.14,10.25
2023-06-17,34.87,78.25,7.2,7.98,12.35
2023-06-18,35.2,89.0,3.0,5.57,11.1
2023-06-19,35.4,42.0,7.0,6.93,15.17
2023-06-20,35.7,45.67,7.7,8.2,17.37
2023-06-21,39.0,47.0,7.87,8.5,18.35
2023-06-22,39.26,50.17,8.53,8.23,19.29
2023-06-23,38.45,60.12,7.25,9.65,18.63
2023-06-24,35.48,75.45,5.21,6.66,17.54
2023-06-25,30.5,59.0,6.21,6.58,14.88
2023-06-26,31.4,57.67,7.29,8.01,17.14
2023-06-27,32.53,58.67,7.57,8.48,14.8
2023-06-28,36.98,65.32,8.96,7.54,15.62
2023-06-29,28.32,84.32,4.25,7.36,19.32
2023-06-30,30.12,76.58,6.21,8.12,12.31
2023-07-01,29.5,69.0,9.8,11.1,15.44
2023-07-02,28.9,70.0,8.9,10.92,14.82
2023-07-03,29.0,74.3,8.2,8.4,13.6
2023-07-04,27.3,71.67,8.9,8.44,10.19
2023-07-05,28.57,74.33,8.23,7.7,14.31
2023-07-06,29.0,74.3,8.2,8.4,12.03
2023-07-07,26.1,66.7,3.5,6.5,11.4
2023-07-08,27.5,65.3,8.9,7.3,12.8
2023-07-09,28.2,74.5,8.5,9.5,15.36
2023-07-10,28.8,71.7,8.2,8.0,17.63
2023-07-11,30.9,73.7,9.1,8.7,8.2
2023-07-12,31.4,76.0,7.7,9.4,11.43
2023-07-13,33.0,75.0,6.7,8.3,13.63
2023-07-14,31.33,77.0,6.56,7.79,11.8
2023-07-15,33.6,78.0,8.69,9.4,14.2
2023-07-16,32.33,77.0,7.58,7.73,15.92
2023-07-17,32.0,82.33,7.52,7.48,13.0
2023-07-18,32.23,61.0,9.63,9.31,21.09
2023-07-19,29.0,78.67,6.0,5.34,13.58
2023-07-20,30.0,66.67,7.38,7.67,17.03
2023-07-21,32.0,78.0,6.45,6.32,15.23
2023-07-22,35.0,85.0,7.56,7.98,16.98
2023-07-23,29.0,65.33,6.09,5.78,14.01
2023-07-24,31.0,63.67,9.22,8.01,16.12
2023-07-25,31.0,64.0,9.42,8.44,16.13
2023-07-26,28.0,72.67,8.5,7.96,14.49
2023-07-27,29.0,70.99,8.3,8.59,15.12
2023-07-28,28.0,89.0,9.65,8.2,12.25
2023-07-29,32.0,76.0,8.25,6.14,15.32
2023-07-30,31.0,61.67,6.41,5.95,10.92
2023-07-31,32.0,82.33,7.52,7.48,18.33
2023-08-01,32.0,59.0,9.74,10.47,16.81
2023-08-02,31.0,64.0,10.19,10.57,17.6
2023-08-03,32.0,53.0,11.74,11.34,18.06
2023-08-04,31.0,51.0,9.31,12.25,17.8
2023-08-05,31.0,53.0,10.21,12.41,18.0
2023-08-06,33.0,63.0,8.04,7.88,12.73
2023-08-07,31.0,59.0,10.44,10.91,16.32
2023-08-08,32.0,61.0,11.03,11.71,17.0
2023-08-09,33.0,59.0,11.53,12.31,17.54
2023-08-10,31.17,63.0,10.53,10.8,15.79
2023-08-11,32.0,58.0,8.33,12.51,16.21
2023-08-12,33.21,57.0,9.58,13.11,18.11
2023-08-13,31.85,60.0,10.21,11.87,16.39
2023-08-14,30.0,80.0,8.5,9.28,14.72
2023-08-15,30.0,63.0,11.03,11.02,18.09
2023-08-16,31.0,65.0,11.18,11.32,18.2
2023-08-17,32.5,55.0,9.21,14.21,19.54
2023-08-18,31.0,57.0,9.85,12.55,18.71
2023-08-19,33.0,59.0,11.33,13.0,18.32
2023-08-20,32.67,61.0,6.52,6.82,12.54
2023-08-21,33.0,62.0,10.31,9.51,17.32
2023-08-22,34.0,55.0,10.56,9.99,18.08
2023-08-23,33.0,56.0,8.22,11.65,18.55
2023-08-24,31.0,64.0,10.98,10.41,19.17
2023-08-25,32.67,59.0,7.41,13.32,18.31
2023-08-26,33.0,56.0,8.66,10.41,17.91
2023-08-27,32.0,59.0,8.38,8.21,15.91
2023-08-28,33.33,58.0,10.21,11.17,17.55
2023-08-29,32.63,57.0,10.93,12.33,16.5
2023-08-30,33.15,54.0,11.14,12.86,18.0
2023-08-31,32.33,53.0,11.91,13.58,18.77
2023-09-01,32.0,55.0,9.7,10.45,18.11
2023-09-02,33.0,60.0,9.0,11.0,17.98
2023-09-03,33.67,55.0,10.81,10.43,17.0
2023-09-04,34.67,61.0,9.3,13.01,17.85
2023-09-05,32.0,63.33,11.34,10.95,16.08
2023-09-06,33.67,61.67,11.0,13.21,19.02
2023-09-07,35.33,58.0,12.04,13.95,21.45
2023-09-08,35.0,61.0,10.0,13.0,22.11
2023-09-09,34.88,55.0,9.55,12.98,21.98
2023-09-10,36.33,51.0,9.89,11.79,18.19
2023-09-11,35.33,51.0,11.31,13.42,21.93
2023-09-12,36.17,50.0,9.72,13.42,22.54
2023-09-13,35.88,52.0,9.88,13.0,22.91
2023-09-14,36.25,50.0,10.27,14.37,23.0
2023-09-15,35.0,53.0,11.03,14.11,23.12
2023-09-16,36.0,52.0,10.0,13.81,22.99
2023-09-17,32.33,73.0,7.78,11.16,20.26
2023-09-18,33.0,65.0,10.22,12.0,20.87
2023-09-19,31.33,71.0,10.83,11.88,21.84
2023-09-20,33.0,64.0,11.3,13.6,23.0
2023-09-21,32.67,67.0,10.44,12.98,21.79
2023-09-22,33.0,58.0,11.0,12.12,21.45
2023-09-23,34.0,56.0,11.08,13.08,22.71
2023-09-24,33.67,65.0,11.17,11.17,19.61
2023-09-25,33.0,64.0,10.68,12.59,21.94
2023-09-26,33.75,64.0,10.95,13.07,23.09
2023-09-27,32.0,67.0,11.15,13.15,22.78
2023-09-28,29.33,65.0,11.0,12.91,22.11
2023-09-29,32.0,64.0,11.75,12.0,23.41
2023-09-30,32.15,61.0,12.0,12.81,23.45
2023-10-01,29.33,65.33,8.77,11.06,19.97
2023-10-02,29.37,64.33,10.99,13.58,23.14
2023-10-03,29.04,65.67,11.05,13.51,22.79
2023-10-04,29.0,57.33,10.71,14.18,24.32
2023-10-05,30.67,59.67,10.93,14.76,24.96
2023-10-06,29.53,58.0,9.89,12.95,24.51
2023-10-07,29.85,59.0,10.11,15.02,23.88
2023-10-08,32.33,58.33,8.65,11.59,21.94
2023-10-09,29.7,60.67,9.11,10.58,20.98
2023-10-10,30.32,59.33,10.37,12.07,21.63
2023-10-11,29.18,60.33,11.23,12.36,22.22
2023-10-12,29.67,54.33,11.3,12.48,23.85
2023-10-13,29.33,57.0,10.71,13.12,22.84
2023-10-14,28.91,55.96,12.04,11.81,23.96
2023-10-15,28.0,58.33,10.01,10.52,20.3
2023-10-16,25.0,71.33,6.87,8.06,17.74
2023-10-17,18.0,85.0,9.35,10.72,14.74
2023-10-18,21.33,70.67,12.69,13.33,18.26
2023-10-19,26.0,65.0,12.7,13.43,22.12
2023-10-20,27.13,66.12,12.33,14.02,23.41
2023-10-21,26.83,58.14,13.08,12.51,22.49
2023-10-22,25.33,68.33,10.37,11.4,19.93
2023-10-23,26.67,61.67,12.4,12.61,23.06
2023-10-24,26.0,59.67,13.09,12.87,23.62
2023-10-25,26.33,59.33,12.73,12.8,24.41
2023-10-26,23.0,40.7,11.9,12.46,24.03
2023-10-27,25.14,60.12,10.45,12.89,24.21
2023-10-28,24.21,62.88,11.81,13.09,21.33
2023-10-29,22.7,52.0,10.43,13.1,34.66
2023-10-30,21.33,64.0,10.33,12.81,23.45
2023-10-31,21.0,64.33,9.09,12.73,44.26
2023-11-01,22.0,41.0,10.33,13.9,47.6
2023-11-02,21.0,64.33,9.09,12.73,44.26
2023-11-03,21.7,48.0,9.11,13.8,46.99
2023-11-04,20.7,47.0,8.4,14.9,47.8
2023-11-05,20.33,41.33,8.31,14.52,30.53
2023-11-06,20.0,40.0,8.72,15.9,51.3
2023-11-07,19.7,53.0,8.39,14.03,45.7
2023-11-08,19.0,65.0,7.61,16.5,50.2
2023-11-09,18.0,76.0,7.53,13.5,24.56
2023-11-10,17.0,79.0,6.1,13.44,20.0
2023-11-11,17.0,68.0,6.4,14.6,32.1
2023-11-12,17.33,50.66,7.47,15.96,34.2
2023-11-13,17.7,64.0,7.3,16.34,49.5
2023-11-14,17.0,43.7,6.32,42.96,52.36
2023-11-15,16.7,41.7,6.63,17.74,54.3
2023-11-16,16.77,51.66,6.4,17.36,52.6
2023-11-17,16.0,65.0,5.8,17.22,42.0
2023-11-18,16.33,50.0,6.2,18.6,51.9
2023-11-19,16.33,47.66,6.5,19.2,59.96
2023-11-20,16.0,45.33,5.63,18.5,67.1
2023-11-21,15.66,40.0,5.73,19.76,66.76
2023-11-22,15.33,44.7,5.62,19.63,69.0
2023-11-23,15.33,49.33,5.7,19.5,65.56
2023-11-24,16.0,53.8,6.9,21.9,67.8
2023-11-25,16.0,55.0,7.4,22.8,68.55
2023-11-26,15.67,58.67,6.87,12.77,43.69
2023-11-27,16.67,70.67,14.33,16.4,47.07
2023-11-28,16.0,69.0,13.14,15.69,46.86
2023-11-29,16.0,68.67,14.98,16.67,48.18
2023-11-30,15.0,68.67,10.28,10.63,14.4
2023-12-01,15.33,48.0,7.4,15.7,47.6
2023-12-02,15.0,56.0,6.8,16.6,42.9
2023-12-03,14.66,54.33,7.3,15.6,41.76
2023-12-04,14.33,58.0,7.73,20.2,46.4
2023-12-05,14.0,52.33,7.7,22.96,55.02
2023-12-06,13.66,36.7,7.41,21.0,55.8
2023-12-07,13.66,42.66,6.2,17.2,45.5
2023-12-08,13.33,45.0,5.8,16.77,58.6
2023-12-09,13.0,42.0,5.71,15.61,61.7
2023-12-10,13.0,47.7,6.0,15.9,62.3
2023-12-11,13.0,53.33,5.73,14.96,61.4
2023-12-12,12.66,59.0,4.53,14.97,44.23
2023-12-13,12.66,63.0,4.5,14.0,56.0
2023-12-14,12.0,44.7,4.23,21.53,56.9
2023-12-15,12.33,48.6,5.9,18.66,74.9
2023-12-16,12.33,49.2,6.33,17.8,70.6
2023-12-17,12.66,53.0,7.4,17.27,66.8
2023-12-18,12.52,56.0,10.42,13.11,51.67
2023-12-19,13.17,51.33,10.37,13.5,54.11
2023-12-20,13.5,49.67,10.82,13.74,57.03
2023-12-21,13.67,51.33,11.6,14.73,60.66
2023-12-22,14.0,52.5,9.1,15.8,79.7
2023-12-23,14.33,47.0,7.1,15.4,59.8
2023-12-24,14.66,44.0,7.2,16.9,72.5
2023-12-25,15.0,51.0,10.07,15.59,57.03
2023-12-26,15.24,54.67,12.09,14.91,64.45
2023-12-27,14.43,54.67,12.37,15.17,66.61
2023-12-28,14.17,59.0,13.0,15.57,66.74
2023-12-29,14.33,56.0,9.4,16.33,64.91
2023-12-30,14.67,60.0,9.11,16.57,65.8
2023-12-31,14.67,62.33,10.91,12.85,60.47
2024-01-01,13.67,64.67,12.14,14.18,63.22
2024-01-02,12.67,82.67,13.04,15.58,69.01
2024-01-03,13.02,80.67,13.47,16.25,69.34
2024-01-04,12.8,81.0,12.22,15.12,70.0
2024-01-05,13.25,79.2,13.0,14.89,69.12
2024-01-06,13.81,80.22,12.14,13.52,68.41
2024-01-07,12.98,78.12,11.72,14.88,69.22
2024-01-08,13.22,78.0,12.35,15.21,70.12
2024-01-09,13.51,77.5,11.13,13.72,68.25
2024-01-10,12.88,78.52,13.51,12.88,70.12
2024-01-11,13.47,82.0,14.3,16.75,71.09
2024-01-12,13.62,80.0,13.0,15.52,68.13
2024-01-13,12.79,81.0,14.52,14.92,65.89
2024-01-14,12.19,82.0,13.73,16.11,68.04
2024-01-15,11.1,81.0,14.18,16.26,67.44
2024-01-16,11.5,80.0,13.48,15.49,68.74
2024-01-17,11.43,77.33,13.07,14.85,73.75
2024-01-18,11.63,79.0,14.4,15.52,68.48
2024-01-19,11.91,78.33,14.12,16.0,66.31
2024-01-20,12.05,80.0,14.19,15.81,67.52
2024-01-21,11.0,81.0,12.22,16.22,69.66
2024-01-22,10.83,83.0,14.18,16.0,70.77
2024-01-23,10.22,80.0,13.52,14.78,70.82
2024-01-24,10.85,78.55,12.85,12.81,71.52
2024-01-25,11.12,79.45,13.99,13.0,68.0
2024-01-26,11.0,81.0,14.22,12.65,67.82
2024-01-27,10.92,80.0,11.79,13.12,66.72
2024-01-28,11.55,79.0,10.31,12.55,71.81
2024-01-29,13.5,73.67,11.39,12.85,45.02
2024-01-30,11.6,80.33,10.2,10.63,30.97
2024-01-31,12.2,79.24,12.95,14.6,66.84
2024-02-01,12.67,82.67,13.04,15.58,69.01
2024-02-02,12.3,82.23,12.25,14.28,58.23
2024-02-03,12.63,78.21,13.01,13.56,43.21
2024-02-04,12.57,81.0,12.98,12.96,38.14
2024-02-05,12.02,69.33,10.67,11.24,28.0
2024-02-06,12.09,68.0,11.64,12.14,28.7
2024-02-07,12.19,70.13,11.69,13.96,32.14
2024-02-08,13.8,63.0,12.12,13.38,30.11
2024-02-09,14.22,69.28,11.98,12.85,29.1
2024-02-10,14.54,58.69,13.28,13.54,36.12
2024-02-11,16.0,52.0,12.69,14.59,30.81
2024-02-12,17.47,50.67,12.84,15.33,32.41
2024-02-13,17.63,46.0,12.23,15.5,34.33
2024-02-14,18.3,45.0,12.23,15.83,34.87
2024-02-15,19.07,43.67,13.44,16.25,37.22
2024-02-16,18.42,57.54,12.28,17.25,34.15
2024-02-17,18.24,68.21,13.85,16.87,35.85
2024-02-18,17.61,71.74,9.86,12.86,29.12
2024-02-19,16.53,77.0,8.87,10.34,22.07
2024-02-20,16.77,73.33,9.77,11.03,23.08
2024-02-21,16.33,67.33,10.9,12.01,24.44
2024-02-22,16.27,64.67,11.6,12.73,26.07
2024-02-23,15.16,69.87,11.39,13.12,31.12
2024-02-24,15.63,71.25,9.68,14.58,34.25
2024-02-25,15.24,72.25,10.96,13.58,35.13
2024-02-26,14.0,69.67,11.43,12.14,26.25
2024-02-27,15.33,64.67,12.2,13.09,27.09
2024-02-28,16.67,58.67,12.23,14.0,28.07
2024-02-29,15.43,62.85,11.86,13.95,34.84
2024-03-01,16.0,79.0,10.13,11.41,24.25
2024-03-02,16.22,75.0,10.89,10.86,21.26
2024-03-03,15.0,78.0,9.52,10.54,18.39
2024-03-04,12.43,79.0,12.4,11.44,18.7
2024-03-05,18.0,61.33,11.25,12.34,23.05
2024-03-06,16.0,55.0,13.07,14.78,28.0
2024-03-07,15.33,60.0,13.47,15.34,29.04
2024-03-08,16.16,78.0,12.14,14.45,27.36
2024-03-09,16.72,72.33,13.42,13.95,25.68
2024-03-10,17.0,64.33,11.14,13.13,24.88
2024-03-11,18.33,60.0,12.69,14.03,27.76
2024-03-12,20.33,44.33,13.52,14.6,29.0
2024-03-13,16.33,85.67,11.0,11.48,25.94
2024-03-14,17.67,64.0,11.92,12.13,28.26
2024-03-15,17.63,66.0,11.96,12.48,27.13
2024-03-16,18.96,63.0,12.63,13.52,26.15
2024-03-17,22.0,45.0,11.62,12.0,26.34
2024-03-18,22.33,43.33,12.04,12.8,29.04
2024-03-19,24.33,38.33,12.75,13.34,30.73
2024-03-20,24.33,37.0,12.95,14.21,32.04
2024-03-21,22.33,52.67,12.53,14.11,29.37
2024-03-22,24.26,51.0,14.26,13.62,28.28
2024-03-23,23.63,53.0,12.26,14.29,29.86
2024-03-24,20.67,54.67,10.74,12.32,26.55
2024-03-25,29.33,53.0,11.72,13.22,30.49
2024-03-26,29.0,54.33,12.02,13.78,30.81
2024-03-27,27.67,67.0,10.44,11.2,26.77
2024-03-28,28.67,56.67,10.57,12.06,29.53
2024-03-29,26.14,53.23,11.29,12.87,28.96
2024-03-30,27.29,54.26,10.68,13.26,29.28
2024-03-31,27.66,64.33,9.88,11.09,26.68
2024-04-01,27.33,52.67,11.89,13.14,30.74
2024-04-02,26.67,50.33,12.44,13.6,31.68
2024-04-03,24.0,50.67,12.3,13.56,31.47
2024-04-04,25.0,46.33,12.89,14.51,32.5
2024-04-05,24.0,55.0,11.33,15.0,33.22
2024-04-06,25.0,54.0,12.0,14.22,34.0
2024-04-07,23.66,50.33,12.36,13.76,31.5
2024-04-08,29.0,51.0,12.7,13.04,29.76
2024-04-09,26.0,52.0,13.12,13.51,28.51
2024-04-10,25.0,55.0,11.0,13.77,29.41
2024-04-11,27.0,58.0,12.06,14.19,33.0
2024-04-12,26.0,54.0,10.66,13.0,34.11
2024-04-13,27.0,55.0,11.12,12.83,32.31
2024-04-14,27.0,55.0,12.05,12.71,30.11
2024-04-15,24.0,57.0,10.77,12.56,31.24
2024-04-16,25.0,56.0,11.0,13.11,32.0
2024-04-17,23.33,55.33,12.43,12.71,31.12
2024-04-18,24.0,53.0,12.0,14.22,31.77
2024-04-19,25.0,48.0,10.89,15.51,30.89
2024-04-20,27.0,49.0,11.0,15.0,31.87
2024-04-21,29.67,40.67,11.25,11.66,29.9
2024-04-22,30.0,40.0,11.94,12.62,31.4
2024-04-23,31.0,40.67,12.45,13.22,32.07
2024-04-24,31.33,34.67,12.74,13.82,33.11
2024-04-25,25.0,41.0,12.22,14.23,34.0
2024-04-26,27.0,44.0,12.56,13.18,33.12
2024-04-27,26.0,47.0,12.31,12.61,32.12
2024-04-28,31.33,45.0,12.74,13.82,26.14
2024-04-29,28.0,45.0,12.29,12.77,31.11
2024-04-30,26.0,40.0,10.0,12.81,31.0
2024-11-02,,,,,50.932653061224485
2024-11-03,,,,,67.12040816326531
2024-11-04,,,,,76.80408163265307
2024-11-05,,,,,61.310204081632655
2024-11-06,,,,,98.10816326530613
2024-11-07,,,,,107.79183673469387
2024-11-08,,,,,123.28571428571429
2024-11-09,,,,,144.58979591836737
2024-11-10,,,,,140.71632653061226
2024-11-11,,,,,142.6530612244898
2024-11-12,,,,,134.9061224489796
2024-11-13,,,,,134.9061224489796
2024-11-14,,,,,146.5265306122449
2024-11-15,,,,,166.64545454545456
2024-11-16,,,,,46.74959183673469
2024-11-17,,,,,140.71632653061226
2024-11-18,,,,,74.86734693877551
2024-11-19,,,,,72.93061224489796
2024-11-20,,,,,76.80408163265307
2024-11-21,,,,,94.23469387755102
2024-11-22,,,,,98.10816326530613
2024-11-23,,,,,115.53877551020409
2024-11-24,,,,,46.46530612244898
2024-11-25,,,,,70.9938775510204
2024-11-26,,,,,88.42448979591836
2024-11-27,,,,,88.42448979591836
2024-11-28,,,,,98.10816326530613
2024-11-29,,,,,96.17142857142858
2024-11-30,,,,,92.29795918367347
2024-12-01,,,,,111.66530612244898
2024-12-02,,,,,94.23469387755102
2024-12-03,,,,,86.48775510204082
2024-12-04,,,,,80.67755102040816
2024-12-05,,,,,67.12040816326531
2024-12-06,,,,,61.310204081632655
2024-12-07,,,,,70.9938775510204
2024-12-08,,,,,90.36122448979592
2024-12-09,,,,,82.61428571428571
2024-12-10,,,,,69.05714285714286
2024-12-11,,,,,100.04489795918369
2024-12-12,,,,,92.29795918367347
2024-12-13,,,,,57.436734693877554
2024-12-14,,,,,92.29795918367347
2024-12-15,,,,,165.63636363636363
2024-12-16,,,,,169.6727272727273
2024-12-17,,,,,155.54545454545453
2024-12-18,,,,,134.9061224489796
2024-12-19,,,,,109.72857142857143
2024-12-20,,,,,131.0326530612245
2024-12-21,,,,,152.51818181818183
2024-12-22,,,,,199.94545454545454
2024-12-23,,,,,142.6530612244898
2024-12-24,,,,,107.79183673469387
2024-12-25,,,,,127.15918367346939
2024-12-26,,,,,117.47551020408164
2024-12-27,,,,,115.53877551020409
2024-12-28,,,,,115.53877551020409
2024-12-29,,,,,138.7795918367347
2024-12-30,,,,,163.61818181818182
2024-12-31,,,,,164.62727272727273
2025-01-01,,,,,230.21818181818182
2025-01-02,,,,,192.88181818181818
2025-01-03,,,,,121.34897959183674
2025-01-04,,,,,127.15918367346939
2025-01-05,,,,,94.23469387755102
2025-01-06,,,,,50.932653061224485
2025-01-07,,,,,65.18367346938776
2025-01-08,,,,,67.12040816326531
2025-01-09,,,,,94.23469387755102
2025-01-10,,,,,117.47551020408164
2025-01-11,,,,,117.47551020408164
2025-01-12,,,,,111.66530612244898
2025-01-13,,,,,129.09591836734694
2025-01-14,,,,,144.58979591836737
2025-01-15,,,,,146.5265306122449
2025-01-16,,,,,72.93061224489796
2025-01-17,,,,,103.91836734693877
2025-01-18,,,,,96.17142857142858
2025-01-19,,,,,72.93061224489796
2025-01-20,,,,,92.29795918367347
2025-01-21,,,,,67.12040816326531
2025-01-22,,,,,67.12040816326531
2025-01-23,,,,,55.5
2025-01-24,,,,,39.56122448979592
2025-01-25,,,,,61.310204081632655
2025-01-26,,,,,94.23469387755102
2025-01-27,,,,,98.10816326530613
2025-01-28,,,,,103.91836734693877
2025-01-29,,,,,103.91836734693877
2025-01-30,,,,,61.310204081632655
2025-01-31,,,,,55.5
2025-02-01,,,,,41.99795918367347
2025-02-02,,,,,70.9938775510204
2025-02-03,,,,,63.2469387755102
2025-02-04,,,,,61.310204081632655
2025-02-05,,,,,69.05714285714286
2025-02-06,,,,,59.3734693877551
2025-02-07,,,,,38.748979591836736
2025-02-08,,,,,44.028571428571425
2025-02-09,,,,,28.74285714285714
2025-02-10,,,,,22.56122448979592
2025-02-11,,,,,74.86734693877551
2025-02-12,,,,,48.49591836734694
2025-02-13,,,,,51.744897959183675
2025-02-14,,,,,24.463265306122448
2025-02-15,,,,,72.93061224489796
2025-02-16,,,,,38.748979591836736
2025-02-17,,,,,63.2469387755102
2025-02-18,,,,,54.18163265306123
2025-02-19,,,,,55.4
2025-02-20,,,,,18.757142857142856
2025-02-21,,,,,39.967346938775506
2025-02-22,,,,,52.15102040816326
2025-02-23,,,,,55.4
2025-02-24,,,,,55.4
2025-02-25,,,,,74.86734693877551
2025-02-26,,,,,35.906122448979595
2025-02-27,,,,,42.810204081632655
2025-02-28,,,,,21.13469387755102
2025-03-01,,,,,26.365306122448978
2025-03-02,,,,,39.155102040816324
2025-03-03,,,,,16.379591836734694
2025-03-04,,,,,18.281632653061223
2025-03-05,,,,,21.13469387755102
2025-03-06,,,,,31.120408163265303
2025-03-07,,,,,38.34285714285714
2025-03-08,,,,,23.987755102040815
2025-03-09,,,,,41.99795918367347
2025-03-10,,,,,49.30816326530612
2025-03-11,,,,,44.840816326530614
2025-03-12,,,,,25.41428571428571
2025-03-13,,,,,24.93877551020408
2025-03-14,,,,,24.463265306122448
2025-03-15,,,,,15.428571428571427
2025-03-16,,,,,19.70816326530612
2025-03-17,,,,,23.987755102040815
2025-03-18,,,,,35.4
2025-03-19,,,,,28.74285714285714
2025-03-20,,,,,22.56122448979592
2025-03-21,,,,,33.022448979591836
2025-03-22,,,,,30.169387755102036
2025-03-23,,,,,34.92448979591836
2025-03-24,,,,,43.62244897959184
2025-03-25,,,,,48.089795918367344
2025-03-26,,,,,33.022448979591836
2025-03-27,,,,,37.124489795918365
2025-03-28,,,,,9.6
2025-03-29,,,,,14.477551020408162
2025-03-30,,,,,26.365306122448978
2025-03-31,,,,,26.84081632653061
2025-04-01,,,,,48.089795918367344
2025-04-02,,,,,
2025-04-03,,,,,
2025-04-04,,,,,
2025-04-05,,,,,
2025-04-06,,,,,36.31224489795918
2025-04-07,,,,,38.748979591836736
2025-04-08,,,,,44.028571428571425
2025-04-09,,,,,28.74285714285714
2025-04-10,,,,,22.56122448979592
2025-04-11,,,,,16.379591836734694
2025-04-12,,,,,23.987755102040815
2025-04-13,,,,,28.26734693877551
2025-04-14,,,,,39.56122448979592
2025-04-15,,,,,51.744897959183675
2025-04-16,,,,,39.967346938775506
2025-04-17,,,,,34.44897959183673
2025-04-18,,,,,32.07142857142857
2025-04-19,,,,,16.855102040816327
2025-04-20,,,,,39.967346938775506
2025-04-21,,,,,30.169387755102036
2025-04-22,,,,,35.5
2025-04-23,,,,,37.53061224489796
2025-04-24,,,,,37.936734693877554
2025-04-25,,,,,21.610204081632652
2025-04-26,,,,,27.316326530612244
2025-04-27,,,,,21.610204081632652
2025-04-28,,,,,38.34285714285714
2025-04-29,,,,,54.18163265306123
2025-04-30,,,,,67.12040816326531
2025-05-01,,,,,54.587755102040816
2025-05-02,,,,,21.13469387755102
2025-05-03,,,,,30.644897959183673
2025-05-04,,,,,24.93877551020408
2025-05-05,,,,,40.3734693877551
2025-05-06,,,,,39.155102040816324
2025-05-07,,,,,51.33877551020408
2025-05-08,,,,,51.33877551020408
2025-05-09,,,,,35.906122448979595
2025-05-10,,,,,33.497959183673466
2025-05-11,,,,,24.463265306122448
2025-05-12,,,,,22.56122448979592
2025-05-13,,,,,32.5469387755102
2025-05-14,,,,,40.779591836734696
2025-05-15,,,,,39.967346938775506
2025-05-16,,,,,32.07142857142857
2025-05-17,,,,,41.99795918367347
2025-05-18,,,,,51.33877551020408
2025-05-19,,,,,26.365306122448978
2025-05-20,,,,,45.2469387755102
2025-05-21,,,,,49.30816326530612
2025-05-22,,,,,50.5265306122449
2025-05-23,,,,,39.967346938775506
2025-05-24,,,,,33.497959183673466
2025-05-25,,,,,23.987755102040815
2025-05-26,,,,,31.120408163265303
2025-05-27,,,,,34.44897959183673
2025-05-28,,,,,23.987755102040815
2025-05-29,,,,,29.693877551020407
2025-05-30,,,,,22.085714285714282
2025-05-31,,,,,21.610204081632652
2025-06-01,,,,,33.022448979591836
2025-06-02,,,,,23.51224489795918
2025-06-03,,,,,14.953061224489796
2025-06-04,,,,,22.085714285714282
2025-06-05,,,,,35.5
2025-06-06,,,,,50.12040816326531
2025-06-07,,,,,34.92448979591836
2025-06-08,,,,,25.41428571428571
2025-06-09,,,,,33.022448979591836
2025-06-10,,,,,33.497959183673466
2025-06-11,,,,,40.3734693877551
2025-06-12,,,,,32.5469387755102
2025-06-13,,,,,37.124489795918365
2025-06-14,,,,,31.120408163265303
2025-06-15,,,,,29.218367346938777
2025-06-16,,,,,35.906122448979595
2025-06-17,,,,,37.124489795918365
2025-06-18,,,,,41.59183673469388
2025-06-19,,,,,41.59183673469388
2025-06-20,,,,,55.5
2025-06-21,,,,,46.87142857142857
2025-06-22,,,,,22.085714285714282
2025-06-23,,,,,37.124489795918365
2025-06-24,,,,,47.27755102040816
2025-06-25,,,,,23.03673469387755
2025-06-26,,,,,17.330612244897956
2025-06-27,,,,,17.330612244897956
2025-06-28,,,,,35.5
2025-06-29,,,,,37.53061224489796
2025-06-30,,,,,39.967346938775506
2025-07-01,,,,,24.463265306122448
2025-07-02,,,,,15.90408163265306
2025-07-03,,,,,29.218367346938777
2025-07-04,,,,,41.59183673469388
2025-07-05,,,,,42.40408163265306
2025-07-06,,,,,14.00204081632653
2025-07-07,,,,,23.987755102040815
2025-07-08,,,,,28.74285714285714
2025-07-09,,,,,15.428571428571427
2025-07-10,,,,,12.1
2025-07-11,,,,,16.379591836734694
2025-07-12,,,,,23.987755102040815
2025-07-13,,,,,26.84081632653061
2025-07-14,,,,,20.183673469387756
2025-07-15,,,,,19.70816326530612
2025-07-16,,,,,12.1
2025-07-17,,,,,16.855102040816327
2025-07-18,,,,,24.93877551020408
2025-07-19,,,,,27.316326530612244
2025-07-20,,,,,39.56122448979592
2025-07-21,,,,,26.84081632653061
2025-07-22,,,,,10.32
2025-07-23,,,,,11.52
2025-07-24,,,,,19.23265306122449
2025-07-25,,,,,24.93877551020408
2025-07-26,,,,,31.120408163265303
2025-07-27,,,,,37.936734693877554
2025-07-28,,,,,46.05918367346939
2025-07-29,,,,,33.497959183673466
2025-07-30,,,,,13.051020408163264
2025-07-31,,,,,14.953061224489796
2025-08-01,,,,,24.463265306122448
2025-08-02,,,,,18.757142857142856
2025-08-03,,,,,24.463265306122448
2025-08-04,,,,,30.644897959183673
2025-08-05,,,,,35.4
2025-08-06,,,,,18.281632653061223
2025-08-07,,,,,20.659183673469386
2025-08-08,,,,,24.463265306122448
2025-08-09,,,,,33.9734693877551
2025-08-10,,,,,37.53061224489796
2025-08-11,,,,,39.56122448979592
2025-08-12,,,,,36.31224489795918
2025-08-13,,,,,33.9734693877551
2025-08-14,,,,,30.644897959183673
2025-08-15,,,,,25.41428571428571
2025-08-16,,,,,38.34285714285714
2025-08-17,,,,,24.93877551020408
2025-08-18,,,,,19.70816326530612
2025-08-19,,,,,15.90408163265306
2025-08-20,,,,,14.477551020408162
2025-08-21,,,,,14.953061224489796
2025-08-22,,,,,20.659183673469386
2025-08-23,,,,,35.4
2025-08-24,,,,,9.12
2025-08-25,,,,,12.575510204081633
2025-08-26,,,,,8.4
2025-08-27,,,,,12.0
2025-08-28,,,,,17.330612244897956
2025-08-29,,,,,27.316326530612244
2025-08-30,,,,,9.36
2025-08-31,,,,,11.28
2025-09-01,,,,,11.28
2025-09-02,,,,,13.051020408163264
2025-09-03,,,,,8.88
2025-09-04,,,,,14.953061224489796
2025-09-05,,,,,17.80612244897959
2025-09-06,,,,,17.80612244897959
2025-09-07,,,,,15.90408163265306
2025-09-08,,,,,20.659183673469386
2025-09-09,,,,,28.74285714285714
2025-09-10,,,,,30.644897959183673
2025-09-11,,,,,27.791836734693874
2025-09-12,,,,,34.44897959183673
2025-09-13,,,,,36.31224489795918
2025-09-14,,,,,33.022448979591836
2025-09-15,,,,,32.5469387755102
2025-09-16,,,,,27.791836734693874
2025-09-17,,,,,32.5469387755102
2025-09-18,,,,,27.316326530612244
2025-09-19,,,,,33.9734693877551
2025-09-20,,,,,36.31224489795918
2025-09-21,,,,,38.34285714285714
2025-09-22,,,,,41.99795918367347
2025-09-23,,,,,44.840816326530614
2025-09-24,,,,,44.028571428571425
2025-09-25,,,,,33.9734693877551
2025-09-26,,,,,28.74285714285714
2025-09-27,,,,,39.155102040816324
2025-09-28,,,,,41.18571428571428
2025-09-29,,,,,41.18571428571428
2025-09-30,,,,,38.748979591836736
2025-10-01,,,,,40.779591836734696
2025-10-02,,,,,34.44897959183673
2025-10-03,,,,,25.889795918367348
2025-10-04,,,,,42.40408163265306
2025-10-05,,,,,27.791836734693874
2025-10-06,,,,,12.0
2025-10-07,,,,,22.085714285714282
2025-10-08,,,,,25.889795918367348
2025-10-09,,,,,33.022448979591836
2025-10-10,,,,,37.124489795918365
2025-10-11,,,,,
2025-10-12,,,,,
2025-10-13,,,,,
2025-10-14,,,,,49.714285714285715
2025-10-15,,,,,53.77551020408163
2025-10-16,,,,,63.2469387755102
2025-10-17,,,,,61.310204081632655
2025-10-18,,,,,63.2469387755102
2025-10-19,,,,,54.993877551020404
2025-10-20,,,,,55.5
2025-10-21,,,,,55.5
2025-10-22,,,,,57.436734693877554
2025-10-23,,,,,55.4
2025-10-24,,,,,63.2469387755102
2025-10-25,,,,,61.310204081632655
2025-10-26,,,,,55.5
2025-10-27,,,,,65.18367346938776
2025-10-28,,,,,65.18367346938776
2025-10-29,,,,,72.93061224489796
2025-10-30,,,,,70.9938775510204
2025-10-31,,,,,78.74081632653062
2025-11-01,,,,,90.36122448979592
2025-11-02,,,,,86.48775510204082
2025-11-03,,,,,92.29795918367347
2025-11-04,,,,,72.93061224489796
2025-11-05,,,,,65.18367346938776
2025-11-06,,,,,43.62244897959184
2025-11-07,,,,,46.05918367346939
2025-11-08,,,,,55.4
2025-11-09,,,,,72.93061224489796
2025-11-10,,,,,86.48775510204082
2025-11-11,,,,,82.61428571428571
2025-11-12,,,,,92.29795918367347
2025-11-13,,,,,69.05714285714286
2025-11-14,,,,,82.61428571428571
2025-11-15,,,,,107.79183673469387
2025-11-16,,,,,98.10816326530613
2025-11-17,,,,,107.79183673469387
2025-11-18,,,,,119.4122448979592
2025-11-19,,,,,94.23469387755102
2025-11-20,,,,,96.17142857142858
2025-11-21,,,,,88.42448979591836
2025-11-22,,,,,98.10816326530613
2025-11-23,,,,,105.85510204081632
2025-11-24,,,,,109.72857142857143
2025-11-25,,,,,115.53877551020409
2025-11-26,,,,,138.7795918367347
2025-11-27,,,,,170.6818181818182
2025-11-28,,,,,170.6818181818182
2025-11-29,,,,,160.5909090909091
2025-11-30,,,,,140.71632653061226
2025-12-01,,,,,125.22244897959183
2025-12-02,,,,,
2025-12-03,,,,,164.62727272727273
2025-12-04,,,,,175.72727272727272
2025-12-05,,,,,157.56363636363636
2025-12-06,,,,,175.72727272727272
2025-12-07,,,,,117.47551020408164
2025-12-08,,,,,138.7795918367347
2025-12-09,,,,,155.54545454545453
2025-12-10,,,,,156.55454545454546
2025-12-11,,,,,184.8090909090909
2025-12-12,,,,,180.77272727272728
2025-12-13,,,,,138.7795918367347
2025-12-14,,,,,98.10816326530613
2025-12-15,,,,,226.1818181818182
2025-12-16,,,,,162.60909090909092
2025-12-17,,,,,203.9818181818182
2025-12-18,,,,,212.05454545454546
2025-12-19,,,,,211.04545454545456
2025-12-20,,,,,175.72727272727272
2025-12-21,,,,,113.60204081632654
2025-12-22,,,,,61.310204081632655
2025-12-23,,,,,41.99795918367347
2025-12-24,,,,,57.436734693877554
2025-12-25,,,,,101.98163265306124
2025-12-26,,,,,111.66530612244898
2025-12-27,,,,,150.4
2025-12-28,,,,,121.34897959183674
2025-12-29,,,,,191.87272727272727
2025-12-30,,,,,161.6
2025-12-31,,,,,148.46326530612248
2026-01-01,,,,,55.5
2026-01-02,,,,,82.61428571428571
2026-01-03,,,,,78.74081632653062
2026-01-04,,,,,88.42448979591836
2026-01-05,,,,,105.85510204081632
2026-01-06,,,,,117.47551020408164
2026-01-07,,,,,92.29795918367347
2026-01-08,,,,,109.72857142857143
2026-01-09,,,,,88.42448979591836
2026-01-10,,,,,129.09591836734694
2026-01-11,,,,,158.57272727272726
2026-01-12,,,,,184.8090909090909
2026-01-13,,,,,175.72727272727272
2026-01-14,,,,,179.76363636363638
2026-01-15,,,,,204.9909090909091
2026-01-16,,,,,167.65454545454546
2026-01-17,,,,,115.53877551020409
2026-01-18,,,,,115.53877551020409
2026-01-19,,,,,96.17142857142858
2026-01-20,,,,,113.60204081632654
2026-01-21,,,,,100.04489795918369
2026-01-22,,,,,70.9938775510204
2026-01-23,,,,,25.41428571428571
2026-01-24,,,,,39.967346938775506
2026-01-25,,,,,52.96326530612245
2026-01-26,,,,,88.42448979591836
2026-01-27,,,,,37.124489795918365
2026-01-28,,,,,55.5
2026-01-29,,,,,76.80408163265307
2026-01-30,,,,,88.42448979591836
2026-01-31,,,,,74.86734693877551
2026-02-01,,,,,82.61428571428571
2026-02-02,,,,,82.61428571428571
2026-02-03,,,,,67.12040816326531
2026-02-04,,,,,59.3734693877551
2026-02-05,,,,,59.3734693877551
2026-02-06,,,,,76.80408163265307
2026-02-07,,,,,52.55714285714286
2026-02-08,,,,,76.80408163265307
2026-02-09,,,,,78.74081632653062
2026-02-10,,,,,44.43469387755102
2026-02-11,,,,,52.96326530612245
2026-02-12,,,,,57.436734693877554
2026-02-13,,,,,65.18367346938776
2026-02-14,,,,,65.18367346938776
2026-02-15,,,,,63.2469387755102
2026-02-16,,,,,65.18367346938776
2026-02-17,,,,,80.67755102040816
2026-02-18,,,,,88.42448979591836
2026-02-19,,,,,105.85510204081632
2026-02-20,,,,,67.12040816326531
2026-02-21,,,,,67.12040816326531
2026-02-22,,,,,65.18367346938776
2026-02-23,,,,,69.05714285714286
2026-02-24,,,,,65.18367346938776
2026-02-25,,,,,63.2469387755102
2026-02-26,,,,,65.18367346938776
2026-02-27,,,,,63.2469387755102
2026-02-28,,,,,65.18367346938776
2026-03-01,,,,,52.15102040816326
2026-03-02,,,,,57.436734693877554
2026-03-03,,,,,55.5
2026-03-04,,,,,69.05714285714286
2026-03-05,,,,,67.12040816326531
2026-03-06,,,,,61.310204081632655
2026-03-07,,,,,74.86734693877551
2026-03-08,,,,,65.18367346938776
2026-03-09,,,,,52.96326530612245
2026-03-10,,,,,61.310204081632655
2026-03-11,,,,,46.46530612244898
2026-03-12,,,,,33.022448979591836
2026-03-13,,,,,32.07142857142857
2026-03-14,,,,,37.53061224489796
2026-03-15,,,,,19.23265306122449
2026-03-16,,,,,16.379591836734694
2026-03-17,,,,,29.218367346938777
2026-03-18,,,,,23.03673469387755
2026-03-19,,,,,21.13469387755102
2026-03-20,,,,,17.80612244897959
2026-03-21,,,,,19.70816326530612
2026-03-22,,,,,28.74285714285714
2026-03-23,,,,,25.889795918367348
2026-03-24,,,,,23.987755102040815
2026-03-25,,,,,25.889795918367348
2026-03-26,,,,,23.03673469387755
2026-03-27,,,,,29.693877551020407
2026-03-28,,,,,27.316326530612244
2026-03-29,,,,,14.00204081632653
2026-03-30,,,,,14.953061224489796
2026-03-31,,,,,24.463265306122448
2026-04-01,,,,,34.44897959183673
2026-04-02,,,,,34.92448979591836
2026-04-03,,,,,18.757142857142856
2026-04-04,,,,,11.28
2026-04-05,,,,,18.757142857142856
2026-04-06,,,,,16.855102040816327
2026-04-07,,,,,14.477551020408162
2026-04-08,,,,,16.379591836734694
2026-04-09,,,,,14.477551020408162
2026-04-10,,,,,17.80612244897959
2026-04-11,,,,,23.03673469387755
2026-04-12,,,,,21.13469387755102
2026-04-13,,,,,29.218367346938777
2026-04-14,,,,,36.31224489795918
2026-04-15,,,,,41.18571428571428
2026-04-16,,,,,30.644897959183673
2026-04-17,,,,,16.379591836734694
2026-04-18,,,,,19.23265306122449
2026-04-19,,,,,22.085714285714282
2026-04-20,,,,,30.644897959183673
2026-04-21,,,,,32.5469387755102
2026-04-22,,,,,40.779591836734696
2026-04-23,,,,,30.644897959183673
2026-04-24,,,,,29.693877551020407
2026-04-25,,,,,19.23265306122449
2026-04-26,,,,,28.26734693877551
2026-04-27,,,,,34.44897959183673
2026-04-28,,,,,23.987755102040815
2026-04-29,,,,,18.281632653061223
2026-04-30,,,,,16.855102040816327
2026-05-01,,,12.1,16.2,29.0
2026-05-02,,,7.9,16.2,24.0
2026-05-03,,,9.1,15.4,15.6
2026-05-04,,,14.0,15.7,24.8
2026-05-05,,,12.7,15.4,30.1
2026-05-06,,,13.4,15.6,31.3
2026-05-07,,,13.3,15.8,37.1
2026-05-08,,,11.0,16.3,66.3
2026-05-09,,,17.2,15.9,71.8
2026-05-10,,,8.0,15.6,96.6
2026-05-11,,,15.6,15.7,35.9
2026-05-12,,,14.0,15.7,38.9
2026-05-13,,,15.2,15.8,39.3
2026-05-14,,,12.4,15.7,30.6
2026-05-15,,,15.6,15.8,27.8
2026-05-16,,,14.2,16.0,42.3
2026-05-17,,,13.9,16.2,33.2
2026-05-18,,,16.6,15.9,40.7
2026-05-19,,,11.8,16.3,37.4
2026-05-20,,,12.4,16.0,38.9
2026-05-21,,,7.1,15.7,21.5
2026-05-22,,,12.4,16.0,27.4
2026-05-23,,,13.5,15.8,30.4
2026-05-24,,,18.6,15.9,29.2
2026-05-25,,,18.0,15.7,26.2
2026-05-26,,,15.9,14.2,26.7
2026-05-27,,,10.2,11.3,28.2
2026-05-28,,,8.1,11.3,33.4
2026-05-29,,,6.6,11.7,52.7
2026-05-30,,,6.7,11.3,41.1
2026-05-31,,,4.1,11.2,29.1
2026-06-01,,,7.9,15.4,44.8
2026-06-02,,,2.7,15.9,41.8
2026-06-03,,,8.3,15.8,23.1
2026-06-04,,,7.1,15.7,28.5
2026-06-05,,,6.1,15.7,28.6
2026-06-06,,,6.3,16.0,32.6
2026-06-07,,,8.7,16.2,40.4
2026-06-08,,,10.4,16.2,37.8
2026-06-09,,,11.7,16.4,39.2
2026-06-10,,,10.8,16.0,39.4
2026-06-11,,,8.2,16.2,28.7
2026-06-12,,,4.0,15.7,24.6
2026-06-13,,,6.0,15.6,21.9
2026-06-14,,,8.9,15.8,27.9
2026-06-15,,,7.4,15.9,36.9
2026-06-16,,,6.9,15.8,33.5
2026-06-17,,,5.3,15.7,27.7
2026-06-18,,,6.1,15.8,28.1
2026-06-19,,,5.5,15.8,25.5
2026-06-20,,,6.7,15.9,29.3
2026-06-21,,,8.6,16.0,30.3
2026-06-22,,,8.6,15.9,22.9
2026-06-23,,,8.7,16.0,33.2
2026-06-24,,,6.6,15.7,39.2
2026-06-25,,,5.9,15.6,26.4
2026-06-26,,,3.1,15.6,34.9
2026-06-27,,,4.8,15.7,40.5
2026-06-28,,,4.4,15.7,39.5
2026-06-29,,,4.4,15.7,46.6
2026-06-30,,,2.3,15.6,52.2
2026-07-01,,,3.5,14.4,53.7
2026-07-02,,,5.1,11.2,26.4
2026-07-03,,,5.4,11.2,38.6
2026-07-04,,,8.0,11.3,32.7
2026-07-05,,,7.2,11.3,46.0
2026-07-06,,,5.2,14.7,47.9
2026-07-07,,,8.5,15.8,32.3
2026-07-08,,,8.3,15.8,39.0
2026-07-09,,,7.1,15.9,27.0
2026-07-10,,,4.7,15.8,37.6
2026-07-11,,,3.9,15.8,22.9
2026-07-12,,,5.0,15.9,16.4
2026-07-13,,,5.8,15.9,24.4
2026-07-14,,,5.4,15.9,24.5
2026-07-15,,,6.4,15.9,28.3
2026-07-16,,,6.0,15.9,39.8
2026-07-17,,,5.4,16.0,47.8
2026-07-18,,,3.2,16.0,50.1
2026-07-19,,,1.9,15.9,47.5
2026-07-20,,,3.3,15.9,31.9
2026-07-21,,,3.6,15.9,12.2
2026-07-22,,,4.3,16.0,11.8
2026-07-23,,,3.3,16.1,15.5
2026-07-24,,,2.9,16.1,15.9
2026-07-25,,,3.8,16.1,20.5
2026-07-26,,,3.6,16.1,22.7
2026-07-27,,,5.9,16.1,24.8
2026-07-28,,,6.3,16.0,25.1
2026-07-29,,,5.9,16.1,20.6
2026-07-30,,,6.0,16.0,33.6
2026-07-31,,,5.9,15.1,31.7
2026-08-01,,,2.8,16.0,23.3
2026-08-02,,,3.3,16.0,22.6
2026-08-03,,,6.2,16.1,27.1
2026-08-04,,,4.9,16.2,32.5
2026-08-05,,,4.0,16.1,28.8
2026-08-06,,,6.1,16.2,23.3
2026-08-07,,,5.1,16.4,24.3
2026-08-08,,,4.0,16.5,30.1
2026-08-09,,,4.1,16.5,26.5
2026-08-10,,,3.6,16.3,28.3
2026-08-11,,,5.1,16.2,45.2
2026-08-12,,,6.0,16.3,32.1
2026-08-13,,,5.2,16.3,39.2
2026-08-14,,,5.5,16.3,33.2
2026-08-15,,,5.6,16.4,36.4
2026-08-16,,,5.9,16.0,29.6
2026-08-17,,,5.9,16.6,23.0
2026-08-18,,,7.2,16.5,30.3
2026-08-19,,,6.1,16.3,22.7
2026-08-20,,,4.2,16.5,20.4
2026-08-21,,,4.9,16.4,28.6
2026-08-22,,,3.7,16.4,28.9
2026-08-23,,,4.2,16.7,25.9
2026-08-24,,,5.8,16.9,32.9
2026-08-25,,,6.9,16.6,36.3
2026-08-26,,,5.1,16.4,37.0
2026-08-27,,,5.3,16.4,37.6
2026-08-28,,,5.8,16.4,38.2
2026-08-29,,,4.6,16.4,47.0
2026-08-30,,,4.1,16.4,38.1
2026-08-31,,,4.6,16.6,31.4
