Date,SO2,CO,NO2,PM2.5,SO2_AQI,CO_AQI,NO2_AQI,PM2.5_AQI,SO2_category,CO_category,NO2_category,PM2.5_category,Temperature,Humidity,temperature_hour_count,humidity_hour_count,temperature_source,humidity_source,weather_station_id,weather_station_name,weather_timezone,weather_attribution,air_quality_source_file,air_quality_source_url,weather_source_url,merge_note
2026-07-01,14.4,356.9,3.5,53.7,20,4,3,146,Good,Good,Good,UFSG,32.04,58.0,24,24,dwd_mosmix,dwd_mosmix,41571,Islamabad Airport,Asia/Karachi,"Meteostat, Deutscher Wetterdienst","July, 2026 Air Quality Data with AQI (1).pdf",https://environment.gov.pk/Detail/ZjU5NDM3YjItNTdiOS00NTk5LWExYzUtMjI2NzE5YjdlOGM5,https://dev.meteostat.net/python/api/meteostat.hourly,Air quality and weather come from different locations and instruments; joined by Asia/Karachi calendar date
2026-07-02,11.2,444.1,5.1,26.4,16,5,5,81,Good,Good,Good,Moderate,29.46,65.17,24,24,dwd_mosmix,dwd_mosmix,41571,Islamabad Airport,Asia/Karachi,"Meteostat, Deutscher Wetterdienst","July, 2026 Air Quality Data with AQI (1).pdf",https://environment.gov.pk/Detail/ZjU5NDM3YjItNTdiOS00NTk5LWExYzUtMjI2NzE5YjdlOGM5,https://dev.meteostat.net/python/api/meteostat.hourly,Air quality and weather come from different locations and instruments; joined by Asia/Karachi calendar date
2026-07-03,11.2,499.2,5.4,38.6,16,6,5,108,Good,Good,Good,UFSG,30.49,58.42,24,24,dwd_mosmix,dwd_mosmix,41571,Islamabad Airport,Asia/Karachi,"Meteostat, Deutscher Wetterdienst","July, 2026 Air Quality Data with AQI (1).pdf",https://environment.gov.pk/Detail/ZjU5NDM3YjItNTdiOS00NTk5LWExYzUtMjI2NzE5YjdlOGM5,https://dev.meteostat.net/python/api/meteostat.hourly,Air quality and weather come from different locations and instruments; joined by Asia/Karachi calendar date
2026-07-04,11.3,961.1,8.0,32.7,16,11,7,94,Good,Good,Good,Moderate,32.76,50.38,24,24,dwd_mosmix,dwd_mosmix,41571,Islamabad Airport,Asia/Karachi,"Meteostat, Deutscher Wetterdienst","July, 2026 Air Quality Data with AQI (1).pdf",https://environment.gov.pk/Detail/ZjU5NDM3YjItNTdiOS00NTk5LWExYzUtMjI2NzE5YjdlOGM5,https://dev.meteostat.net/python/api/meteostat.hourly,Air quality and weather come from different locations and instruments; joined by Asia/Karachi calendar date
2026-07-05,11.3,829.1,7.2,46.0,16,9,7,126,Good,Good,Good,UFSG,33.61,48.04,24,24,dwd_mosmix,dwd_mosmix,41571,Islamabad Airport,Asia/Karachi,"Meteostat, Deutscher Wetterdienst","July, 2026 Air Quality Data with AQI (1).pdf",https://environment.gov.pk/Detail/ZjU5NDM3YjItNTdiOS00NTk5LWExYzUtMjI2NzE5YjdlOGM5,https://dev.meteostat.net/python/api/meteostat.hourly,Air quality and weather come from different locations and instruments; joined by Asia/Karachi calendar date
2026-07-06,14.7,523.5,5.2,47.9,20,6,5,131,Good,Good,Good,UFSG,32.83,52.46,24,24,dwd_mosmix,dwd_mosmix,41571,Islamabad Airport,Asia/Karachi,"Meteostat, Deutscher Wetterdienst","July, 2026 Air Quality Data with AQI (1).pdf",https://environment.gov.pk/Detail/ZjU5NDM3YjItNTdiOS00NTk5LWExYzUtMjI2NzE5YjdlOGM5,https://dev.meteostat.net/python/api/meteostat.hourly,Air quality and weather come from different locations and instruments; joined by Asia/Karachi calendar date
2026-07-07,15.8,751.2,8.5,32.3,22,8,8,93,Good,Good,Good,Moderate,31.0,57.88,24,24,dwd_mosmix,dwd_mosmix,41571,Islamabad Airport,Asia/Karachi,"Meteostat, Deutscher Wetterdienst","July, 2026 Air Quality Data with AQI (1).pdf",https://environment.gov.pk/Detail/ZjU5NDM3YjItNTdiOS00NTk5LWExYzUtMjI2NzE5YjdlOGM5,https://dev.meteostat.net/python/api/meteostat.hourly,Air quality and weather come from different locations and instruments; joined by Asia/Karachi calendar date
2026-07-08,15.8,776.4,8.3,39.0,22,9,8,109,Good,Good,Good,UFSG,30.78,56.83,24,24,dwd_mosmix,dwd_mosmix,41571,Islamabad Airport,Asia/Karachi,"Meteostat, Deutscher Wetterdienst","July, 2026 Air Quality Data with AQI (1).pdf",https://environment.gov.pk/Detail/ZjU5NDM3YjItNTdiOS00NTk5LWExYzUtMjI2NzE5YjdlOGM5,https://dev.meteostat.net/python/api/meteostat.hourly,Air quality and weather come from different locations and instruments; joined by Asia/Karachi calendar date
2026-07-09,15.9,636.0,7.1,27.0,22,7,7,82,Good,Good,Good,Moderate,31.79,52.92,24,24,dwd_mosmix,dwd_mosmix,41571,Islamabad Airport,Asia/Karachi,"Meteostat, Deutscher Wetterdienst","July, 2026 Air Quality Data with AQI (1).pdf",https://environment.gov.pk/Detail/ZjU5NDM3YjItNTdiOS00NTk5LWExYzUtMjI2NzE5YjdlOGM5,https://dev.meteostat.net/python/api/meteostat.hourly,Air quality and weather come from different locations and instruments; joined by Asia/Karachi calendar date
2026-07-10,15.8,453.6,4.7,37.6,22,5,4,105,Good,Good,Good,UFSG,31.65,54.75,24,24,dwd_mosmix,dwd_mosmix,41571,Islamabad Airport,Asia/Karachi,"Meteostat, Deutscher Wetterdienst","July, 2026 Air Quality Data with AQI (1).pdf",https://environment.gov.pk/Detail/ZjU5NDM3YjItNTdiOS00NTk5LWExYzUtMjI2NzE5YjdlOGM5,https://dev.meteostat.net/python/api/meteostat.hourly,Air quality and weather come from different locations and instruments; joined by Asia/Karachi calendar date
2026-07-11,15.8,386.4,3.9,22.9,22,4,4,73,Good,Good,Good,Moderate,29.31,63.92,24,24,dwd_mosmix,dwd_mosmix,41571,Islamabad Airport,Asia/Karachi,"Meteostat, Deutscher Wetterdienst","July, 2026 Air Quality Data with AQI (1).pdf",https://environment.gov.pk/Detail/ZjU5NDM3YjItNTdiOS00NTk5LWExYzUtMjI2NzE5YjdlOGM5,https://dev.meteostat.net/python/api/meteostat.hourly,Air quality and weather come from different locations and instruments; joined by Asia/Karachi calendar date
2026-07-12,15.9,762.0,5.0,16.4,22,8,5,59,Good,Good,Good,Moderate,27.85,66.21,24,24,dwd_mosmix,dwd_mosmix,41571,Islamabad Airport,Asia/Karachi,"Meteostat, Deutscher Wetterdienst","July, 2026 Air Quality Data with AQI (1).pdf",https://environment.gov.pk/Detail/ZjU5NDM3YjItNTdiOS00NTk5LWExYzUtMjI2NzE5YjdlOGM5,https://dev.meteostat.net/python/api/meteostat.hourly,Air quality and weather come from different locations and instruments; joined by Asia/Karachi calendar date
2026-07-13,15.9,625.1,5.8,24.4,22,7,5,76,Good,Good,Good,Moderate,30.07,56.17,24,24,dwd_mosmix,dwd_mosmix,41571,Islamabad Airport,Asia/Karachi,"Meteostat, Deutscher Wetterdienst","July, 2026 Air Quality Data with AQI (1).pdf",https://environment.gov.pk/Detail/ZjU5NDM3YjItNTdiOS00NTk5LWExYzUtMjI2NzE5YjdlOGM5,https://dev.meteostat.net/python/api/meteostat.hourly,Air quality and weather come from different locations and instruments; joined by Asia/Karachi calendar date
2026-07-14,15.9,474.3,5.4,24.5,22,5,5,77,Good,Good,Good,Moderate,30.99,50.96,24,24,dwd_mosmix,dwd_mosmix,41571,Islamabad Airport,Asia/Karachi,"Meteostat, Deutscher Wetterdienst","July, 2026 Air Quality Data with AQI (1).pdf",https://environment.gov.pk/Detail/ZjU5NDM3YjItNTdiOS00NTk5LWExYzUtMjI2NzE5YjdlOGM5,https://dev.meteostat.net/python/api/meteostat.hourly,Air quality and weather come from different locations and instruments; joined by Asia/Karachi calendar date
2026-07-15,15.9,576.7,6.4,28.3,22,6,6,85,Good,Good,Good,Moderate,30.79,54.92,24,24,dwd_mosmix,dwd_mosmix,41571,Islamabad Airport,Asia/Karachi,"Meteostat, Deutscher Wetterdienst","July, 2026 Air Quality Data with AQI (1).pdf",https://environment.gov.pk/Detail/ZjU5NDM3YjItNTdiOS00NTk5LWExYzUtMjI2NzE5YjdlOGM5,https://dev.meteostat.net/python/api/meteostat.hourly,Air quality and weather come from different locations and instruments; joined by Asia/Karachi calendar date
2026-07-16,15.9,559.7,6.0,39.8,22,6,6,111,Good,Good,Good,UFSG,32.0,54.58,24,24,dwd_mosmix,dwd_mosmix,41571,Islamabad Airport,Asia/Karachi,"Meteostat, Deutscher Wetterdienst","July, 2026 Air Quality Data with AQI (1).pdf",https://environment.gov.pk/Detail/ZjU5NDM3YjItNTdiOS00NTk5LWExYzUtMjI2NzE5YjdlOGM5,https://dev.meteostat.net/python/api/meteostat.hourly,Air quality and weather come from different locations and instruments; joined by Asia/Karachi calendar date
2026-07-17,16.0,619.8,5.4,47.8,22,7,5,131,Good,Good,Good,UFSG,32.36,58.79,24,24,dwd_mosmix,dwd_mosmix,41571,Islamabad Airport,Asia/Karachi,"Meteostat, Deutscher Wetterdienst","July, 2026 Air Quality Data with AQI (1).pdf",https://environment.gov.pk/Detail/ZjU5NDM3YjItNTdiOS00NTk5LWExYzUtMjI2NzE5YjdlOGM5,https://dev.meteostat.net/python/api/meteostat.hourly,Air quality and weather come from different locations and instruments; joined by Asia/Karachi calendar date
2026-07-18,16.0,381.8,3.2,50.1,22,4,3,137,Good,Good,Good,UFSG,32.78,61.58,24,24,dwd_mosmix,dwd_mosmix,41571,Islamabad Airport,Asia/Karachi,"Meteostat, Deutscher Wetterdienst","July, 2026 Air Quality Data with AQI (1).pdf",https://environment.gov.pk/Detail/ZjU5NDM3YjItNTdiOS00NTk5LWExYzUtMjI2NzE5YjdlOGM5,https://dev.meteostat.net/python/api/meteostat.hourly,Air quality and weather come from different locations and instruments; joined by Asia/Karachi calendar date
2026-07-19,15.9,291.1,1.9,47.5,22,3,2,130,Good,Good,Good,UFSG,31.15,67.21,24,24,dwd_mosmix,dwd_mosmix,41571,Islamabad Airport,Asia/Karachi,"Meteostat, Deutscher Wetterdienst","July, 2026 Air Quality Data with AQI (1).pdf",https://environment.gov.pk/Detail/ZjU5NDM3YjItNTdiOS00NTk5LWExYzUtMjI2NzE5YjdlOGM5,https://dev.meteostat.net/python/api/meteostat.hourly,Air quality and weather come from different locations and instruments; joined by Asia/Karachi calendar date
2026-07-20,15.9,372.3,3.3,31.9,22,4,3,92,Good,Good,Good,Moderate,29.2,72.33,24,24,dwd_mosmix,dwd_mosmix,41571,Islamabad Airport,Asia/Karachi,"Meteostat, Deutscher Wetterdienst","July, 2026 Air Quality Data with AQI (1).pdf",https://environment.gov.pk/Detail/ZjU5NDM3YjItNTdiOS00NTk5LWExYzUtMjI2NzE5YjdlOGM5,https://dev.meteostat.net/python/api/meteostat.hourly,Air quality and weather come from different locations and instruments; joined by Asia/Karachi calendar date
2026-07-21,15.9,417.5,3.6,12.2,22,5,3,50,Good,Good,Good,Moderate,26.98,79.17,24,24,dwd_mosmix,dwd_mosmix,41571,Islamabad Airport,Asia/Karachi,"Meteostat, Deutscher Wetterdienst","July, 2026 Air Quality Data with AQI (1).pdf",https://environment.gov.pk/Detail/ZjU5NDM3YjItNTdiOS00NTk5LWExYzUtMjI2NzE5YjdlOGM5,https://dev.meteostat.net/python/api/meteostat.hourly,Air quality and weather come from different locations and instruments; joined by Asia/Karachi calendar date
2026-07-22,16.0,718.8,4.3,11.8,22,8,4,49,Good,Good,Good,Good,26.08,79.54,24,24,dwd_mosmix,dwd_mosmix,41571,Islamabad Airport,Asia/Karachi,"Meteostat, Deutscher Wetterdienst","July, 2026 Air Quality Data with AQI (1).pdf",https://environment.gov.pk/Detail/ZjU5NDM3YjItNTdiOS00NTk5LWExYzUtMjI2NzE5YjdlOGM5,https://dev.meteostat.net/python/api/meteostat.hourly,Air quality and weather come from different locations and instruments; joined by Asia/Karachi calendar date
2026-07-23,16.1,676.1,3.3,15.5,22,8,3,57,Good,Good,Good,Moderate,27.31,73.71,24,24,dwd_mosmix,dwd_mosmix,41571,Islamabad Airport,Asia/Karachi,"Meteostat, Deutscher Wetterdienst","July, 2026 Air Quality Data with AQI (1).pdf",https://environment.gov.pk/Detail/ZjU5NDM3YjItNTdiOS00NTk5LWExYzUtMjI2NzE5YjdlOGM5,https://dev.meteostat.net/python/api/meteostat.hourly,Air quality and weather come from different locations and instruments; joined by Asia/Karachi calendar date
2026-07-24,16.1,832.4,2.9,15.9,22,9,3,58,Good,Good,Good,Moderate,27.67,70.71,24,24,dwd_mosmix,dwd_mosmix,41571,Islamabad Airport,Asia/Karachi,"Meteostat, Deutscher Wetterdienst","July, 2026 Air Quality Data with AQI (1).pdf",https://environment.gov.pk/Detail/ZjU5NDM3YjItNTdiOS00NTk5LWExYzUtMjI2NzE5YjdlOGM5,https://dev.meteostat.net/python/api/meteostat.hourly,Air quality and weather come from different locations and instruments; joined by Asia/Karachi calendar date
2026-07-25,16.1,713.0,3.8,20.5,22,8,4,68,Good,Good,Good,Moderate,28.13,70.08,24,24,dwd_mosmix,dwd_mosmix,41571,Islamabad Airport,Asia/Karachi,"Meteostat, Deutscher Wetterdienst","July, 2026 Air Quality Data with AQI (1).pdf",https://environment.gov.pk/Detail/ZjU5NDM3YjItNTdiOS00NTk5LWExYzUtMjI2NzE5YjdlOGM5,https://dev.meteostat.net/python/api/meteostat.hourly,Air quality and weather come from different locations and instruments; joined by Asia/Karachi calendar date
2026-07-26,16.1,768.8,3.6,22.7,22,9,3,73,Good,Good,Good,Moderate,28.76,69.42,24,24,dwd_mosmix,dwd_mosmix,41571,Islamabad Airport,Asia/Karachi,"Meteostat, Deutscher Wetterdienst","July, 2026 Air Quality Data with AQI (1).pdf",https://environment.gov.pk/Detail/ZjU5NDM3YjItNTdiOS00NTk5LWExYzUtMjI2NzE5YjdlOGM5,https://dev.meteostat.net/python/api/meteostat.hourly,Air quality and weather come from different locations and instruments; joined by Asia/Karachi calendar date
2026-07-27,16.1,759.1,5.9,24.8,22,8,5,77,Good,Good,Good,Moderate,31.1,62.71,24,24,dwd_mosmix,dwd_mosmix,41571,Islamabad Airport,Asia/Karachi,"Meteostat, Deutscher Wetterdienst","July, 2026 Air Quality Data with AQI (1).pdf",https://environment.gov.pk/Detail/ZjU5NDM3YjItNTdiOS00NTk5LWExYzUtMjI2NzE5YjdlOGM5,https://dev.meteostat.net/python/api/meteostat.hourly,Air quality and weather come from different locations and instruments; joined by Asia/Karachi calendar date
2026-07-28,16.0,450.4,6.3,25.1,22,5,8,78,Good,Good,Good,Moderate,30.84,66.0,24,24,dwd_mosmix,dwd_mosmix,41571,Islamabad Airport,Asia/Karachi,"Meteostat, Deutscher Wetterdienst","July, 2026 Air Quality Data with AQI (1).pdf",https://environment.gov.pk/Detail/ZjU5NDM3YjItNTdiOS00NTk5LWExYzUtMjI2NzE5YjdlOGM5,https://dev.meteostat.net/python/api/meteostat.hourly,Air quality and weather come from different locations and instruments; joined by Asia/Karachi calendar date
2026-07-29,16.1,762.3,5.9,20.6,22,8,5,68,Good,Good,Good,Moderate,28.98,72.29,24,24,dwd_mosmix,dwd_mosmix,41571,Islamabad Airport,Asia/Karachi,"Meteostat, Deutscher Wetterdienst","July, 2026 Air Quality Data with AQI (1).pdf",https://environment.gov.pk/Detail/ZjU5NDM3YjItNTdiOS00NTk5LWExYzUtMjI2NzE5YjdlOGM5,https://dev.meteostat.net/python/api/meteostat.hourly,Air quality and weather come from different locations and instruments; joined by Asia/Karachi calendar date
2026-07-30,16.0,525.7,6.0,33.6,22,6,6,96,Good,Good,Good,Moderate,29.52,71.46,24,24,dwd_mosmix,dwd_mosmix,41571,Islamabad Airport,Asia/Karachi,"Meteostat, Deutscher Wetterdienst","July, 2026 Air Quality Data with AQI (1).pdf",https://environment.gov.pk/Detail/ZjU5NDM3YjItNTdiOS00NTk5LWExYzUtMjI2NzE5YjdlOGM5,https://dev.meteostat.net/python/api/meteostat.hourly,Air quality and weather come from different locations and instruments; joined by Asia/Karachi calendar date
2026-07-31,15.1,1073.9,5.9,31.7,21,12,5,92,Good,Good,Good,Moderate,27.3,77.96,24,24,dwd_mosmix,dwd_mosmix,41571,Islamabad Airport,Asia/Karachi,"Meteostat, Deutscher Wetterdienst","July, 2026 Air Quality Data with AQI (1).pdf",https://environment.gov.pk/Detail/ZjU5NDM3YjItNTdiOS00NTk5LWExYzUtMjI2NzE5YjdlOGM5,https://dev.meteostat.net/python/api/meteostat.hourly,Air quality and weather come from different locations and instruments; joined by Asia/Karachi calendar date
