study,arm,analyte,year,n_measured,mean,sd,median,q1,q3,unit,source_table,source_url
AIM-HIGH,Placebo + statin,HDL-C,0,1696,35.3,5.9,35,31,39,mg/dL,Table 2,https://doi.org/10.1056/NEJMoa1107579
AIM-HIGH,Placebo + statin,HDL-C,1,1554,38.4,7.6,38,34,43,mg/dL,Table 2,https://doi.org/10.1056/NEJMoa1107579
AIM-HIGH,Placebo + statin,HDL-C,2,1326,38.7,7.4,38,34,43,mg/dL,Table 2,https://doi.org/10.1056/NEJMoa1107579
AIM-HIGH,Placebo + statin,HDL-C,3,873,39.1,7.7,38,34,44,mg/dL,Table 2,https://doi.org/10.1056/NEJMoa1107579
AIM-HIGH,Placebo + statin,LDL-C,0,1696,75.8,24.3,74,60,87,mg/dL,Table 2,https://doi.org/10.1056/NEJMoa1107579
AIM-HIGH,Placebo + statin,LDL-C,1,1554,70.4,18.9,69,59,79,mg/dL,Table 2,https://doi.org/10.1056/NEJMoa1107579
AIM-HIGH,Placebo + statin,LDL-C,2,1326,69.5,19.9,68,57,78,mg/dL,Table 2,https://doi.org/10.1056/NEJMoa1107579
AIM-HIGH,Placebo + statin,LDL-C,3,873,68.3,19.3,67,56,78,mg/dL,Table 2,https://doi.org/10.1056/NEJMoa1107579
AIM-HIGH,Placebo + statin,Triglycerides,0,1696,,,162,128,218,mg/dL,Table 2,https://doi.org/10.1056/NEJMoa1107579
AIM-HIGH,Placebo + statin,Triglycerides,1,1554,,,155,118,208,mg/dL,Table 2,https://doi.org/10.1056/NEJMoa1107579
AIM-HIGH,Placebo + statin,Triglycerides,2,1326,,,153,117,210,mg/dL,Table 2,https://doi.org/10.1056/NEJMoa1107579
AIM-HIGH,Placebo + statin,Triglycerides,3,873,,,152,114,204,mg/dL,Table 2,https://doi.org/10.1056/NEJMoa1107579
AIM-HIGH,Niacin + statin,HDL-C,0,1718,34.8,5.9,35,31,39,mg/dL,Table 2,https://doi.org/10.1056/NEJMoa1107579
AIM-HIGH,Niacin + statin,HDL-C,1,1561,43.6,10.9,42,36,49,mg/dL,Table 2,https://doi.org/10.1056/NEJMoa1107579
AIM-HIGH,Niacin + statin,HDL-C,2,1329,43.9,10.6,42,37,50,mg/dL,Table 2,https://doi.org/10.1056/NEJMoa1107579
AIM-HIGH,Niacin + statin,HDL-C,3,865,44.1,11.3,42,36,50,mg/dL,Table 2,https://doi.org/10.1056/NEJMoa1107579
AIM-HIGH,Niacin + statin,LDL-C,0,1718,76.2,25.7,74,59,87,mg/dL,Table 2,https://doi.org/10.1056/NEJMoa1107579
AIM-HIGH,Niacin + statin,LDL-C,1,1561,66.4,19.9,64,54,75,mg/dL,Table 2,https://doi.org/10.1056/NEJMoa1107579
AIM-HIGH,Niacin + statin,LDL-C,2,1329,65.0,20.5,62,52,74,mg/dL,Table 2,https://doi.org/10.1056/NEJMoa1107579
AIM-HIGH,Niacin + statin,LDL-C,3,865,65.2,21.8,62,51,74,mg/dL,Table 2,https://doi.org/10.1056/NEJMoa1107579
AIM-HIGH,Niacin + statin,Triglycerides,0,1718,,,164,127,218,mg/dL,Table 2,https://doi.org/10.1056/NEJMoa1107579
AIM-HIGH,Niacin + statin,Triglycerides,1,1561,,,121,86,170,mg/dL,Table 2,https://doi.org/10.1056/NEJMoa1107579
AIM-HIGH,Niacin + statin,Triglycerides,2,1329,,,122,85,170,mg/dL,Table 2,https://doi.org/10.1056/NEJMoa1107579
AIM-HIGH,Niacin + statin,Triglycerides,3,865,,,120,85,172,mg/dL,Table 2,https://doi.org/10.1056/NEJMoa1107579
